CustomerID,Recency,Frequency,Monetary,Churn,R_log,F_log,M_log
12346,234,1,77183.6,1,5.459585514144159,0.6931471805599453,9.584183313001468
12347,38,5,2790.86,0,3.6635616461296463,1.791759469228055,7.934463319358572
12348,157,3,1487.24,0,5.062595033026967,1.3862943611198906,7.305349492709732
12350,219,1,334.4,1,5.393627546352361,0.6931471805599453,5.815323849389109
12352,171,5,1561.81,0,5.147494476813453,1.791759469228055,7.354240761931879
12353,113,1,89.0,1,4.736198448394496,0.6931471805599453,4.499809670330265
12354,141,1,1079.4,1,4.955827057601261,0.6931471805599453,6.985086621918461
12355,123,1,459.4,1,4.820281565605037,0.6931471805599453,6.132095676847728
12356,154,2,2753.08,0,5.043425116919247,1.0986122886681096,7.920838727523195
12358,59,1,484.86,0,4.0943445622221,0.6931471805599453,6.185920516557937
12359,98,3,3495.73,0,4.59511985013459,1.3862943611198906,8.159583525046289
12360,21,2,1618.28,0,3.091042453358316,1.0986122886681096,7.38973688498728
12361,196,1,189.9,1,5.2832037287379885,0.6931471805599453,5.251749730731702
12362,29,4,1747.35,0,3.4011973816621555,1.6094379124341003,7.4664277650053155
12363,18,2,552.0,1,2.9444389791664403,1.0986122886681096,6.315358001522335
12364,21,1,623.92,0,3.091042453358316,0.6931471805599453,6.437623641543702
12365,200,2,641.38,1,5.303304908059076,1.0986122886681096,6.465180028897591
12370,183,3,2802.66,0,5.214935757608986,1.3862943611198906,7.938680985452955
12372,121,2,914.9200000000001,0,4.804021044733257,1.0986122886681096,6.819929024615557
12373,220,1,364.6,1,5.3981627015177525,0.6931471805599453,5.901539839579995
12375,7,1,230.3,0,2.0794415416798357,0.6931471805599453,5.443715569237393
12377,224,2,1628.12,1,5.41610040220442,1.0986122886681096,7.395795270713971
12378,38,1,4008.62,1,3.6635616461296463,0.6931471805599453,8.29645175271804
12379,79,1,459.84,0,4.382026634673881,0.6931471805599453,6.133050911169852
12380,94,1,607.5500000000001,0,4.553876891600541,0.6931471805599453,6.411079078320566
12381,28,1,1268.74,0,3.367295829986474,0.6931471805599453,7.146567434084286
12383,93,5,1850.56,1,4.543294782270004,1.791759469228055,7.523783805985769
12384,30,1,292.69,0,3.4339872044851463,0.6931471805599453,5.682524789276261
12386,246,2,401.9,1,5.5093883366279774,1.0986122886681096,5.998688392197302
12388,57,4,1668.3400000000001,0,4.060443010546419,1.6094379124341003,7.420183617714074
12393,154,3,1061.1000000000001,0,5.043425116919247,1.3862943611198906,6.968003359327494
12394,126,1,381.08,0,4.844187086458591,0.6931471805599453,5.945630010764183
12395,21,8,1899.57,0,3.091042453358316,2.1972245773362196,7.54990912016353
12397,44,1,1214.81,0,3.8066624897703196,0.6931471805599453,7.103165800317809
12399,28,4,1108.65,1,3.367295829986474,1.6094379124341003,7.011799929268738
12401,212,1,84.3,1,5.3612921657094255,0.6931471805599453,4.446174454497633
12402,232,1,225.6,1,5.4510384535657,0.6931471805599453,5.423186348593906
12405,57,1,1710.39,1,4.060443010546419,0.6931471805599453,7.445061184797548
12406,92,1,1621.25,0,4.532599493153256,0.6931471805599453,7.391569353501278
12407,43,4,1407.3600000000001,0,3.784189633918261,1.6094379124341003,7.250181185855144
12408,7,4,2134.0499999999997,0,2.0794415416798357,1.6094379124341003,7.666245344592246
12409,91,1,6207.08,0,4.5217885770490405,0.6931471805599453,8.733606948377961
12410,217,2,693.3299999999999,1,5.384495062789089,1.0986122886681096,6.542947351813216
12412,46,2,890.74,0,3.8501476017100584,1.0986122886681096,6.793174610270882
12413,145,2,563.9,0,4.983606621708336,1.0986122886681096,6.336648724331217
12414,126,3,562.41,1,4.844187086458591,1.3862943611198906,6.334007604663525
12415,8,15,102087.88,0,2.1972245773362196,2.772588722239781,9.584183313001468
12417,15,7,2816.52,0,2.772588722239781,2.0794415416798357,7.943612344380307
12418,21,1,668.58,1,3.091042453358316,0.6931471805599453,6.506650650150935
12421,23,3,628.56,0,3.1780538303479458,1.3862943611198906,6.4450211626834
12422,4,3,803.5600000000001,1,1.6094379124341003,1.3862943611198906,6.690295544136225
12423,9,7,1650.67,0,2.302585092994046,2.0794415416798357,7.409542176257413
12424,71,2,1760.96,1,4.276666119016055,1.0986122886681096,7.474182104762846
12426,103,1,582.73,1,4.6443908991413725,0.6931471805599453,6.369438547154207
12427,280,1,303.5,0,5.638354669333745,0.6931471805599453,5.718671087149952
12428,29,8,7548.12,0,3.4011973816621555,2.1972245773362196,8.929186279158467
12429,81,3,2844.88,0,4.406719247264253,1.3862943611198906,7.953627613319531
12431,28,11,4807.07,0,3.367295829986474,2.4849066497880004,8.47805103517728
12432,79,3,4016.66,0,4.382026634673881,1.3862943611198906,8.298454922580934
12433,0,3,6395.23,0,0.0,1.3862943611198906,8.763464033282284
12434,169,1,286.25,0,5.135798437050262,0.6931471805599453,5.660352916728865
12435,176,1,3978.9900000000002,0,5.176149732573829,0.6931471805599453,8.289034585712512
12436,8,1,509.01,1,2.1972245773362196,0.6931471805599453,6.234430333369278
12437,7,11,2811.41,0,2.0794415416798357,2.4849066497880004,7.941797046000665
12438,49,1,890.0699999999999,0,3.912023005428146,0.6931471805599453,6.792422987796763
12441,275,1,173.55,1,5.62040086571715,0.6931471805599453,5.162211233551045
12444,30,2,2627.27,0,3.4339872044851463,1.0986122886681096,7.874081114053165
12447,152,1,476.49,1,5.030437921392435,0.6931471805599453,6.168543217293113
12449,0,3,2724.58,0,0.0,1.3862943611198906,7.910436528485963
12450,65,2,197.88,1,4.189654742026425,1.0986122886681096,5.292701627762401
12451,127,2,5307.82,0,4.852030263919617,1.0986122886681096,8.577124867318746
12453,43,1,707.09,1,3.784189633918261,0.6931471805599453,6.562571204258897
12455,36,5,2176.36,0,3.6109179126442243,1.791759469228055,7.685868412744675
12456,40,2,2265.4,0,3.713572066704308,1.0986122886681096,7.725947948516307
12457,142,3,1067.25,0,4.962844630259907,1.3862943611198906,6.9737770745241345
12458,193,1,441.92,0,5.267858159063328,0.6931471805599453,6.093389166829907
12461,3,2,826.88,1,1.3862943611198906,1.0986122886681096,6.718868216346018
12462,212,1,762.11,0,5.3612921657094255,0.6931471805599453,6.637402188652131
12463,84,3,985.79,0,4.442651256490317,1.3862943611198906,6.894457250838148
12464,15,6,780.55,0,2.772588722239781,1.9459101490553132,6.66127912734148
12465,78,1,440.94,0,4.3694478524670215,0.6931471805599453,6.091174126256959
12468,96,2,729.5400000000001,1,4.574710978503383,1.0986122886681096,6.593783986707386
12471,16,19,11081.0,0,2.833213344056216,2.995732273553991,9.313077449427295
12472,47,5,4927.6,0,3.8712010109078907,1.791759469228055,8.502810251048784
12473,23,2,1175.75,0,3.1780538303479458,1.0986122886681096,7.0705116802812515
12474,7,13,4362.06,0,2.0794415416798357,2.639057329615259,8.380928925034553
12476,50,6,3191.67,0,3.9318256327243257,1.9459101490553132,8.068612836293202
12477,9,3,8834.03,0,2.302585092994046,1.3862943611198906,9.08647978033377
12480,52,3,2144.95,0,3.970291913552122,1.3862943611198906,7.671337623757984
12481,88,8,4085.2599999999998,0,4.48863636973214,2.1972245773362196,8.315385405266996
12483,7,6,1624.06,0,2.0794415416798357,1.9459101490553132,7.393300017159121
12484,9,4,3658.65,0,2.302585092994046,1.6094379124341003,8.205122793407423
12489,245,1,334.93,1,5.5053315359323625,0.6931471805599453,5.816902804925467
12490,2,6,3552.59,0,1.0986122886681096,1.9459101490553132,8.175713639088478
12492,14,1,126.39000000000001,0,2.70805020110221,0.6931471805599453,4.847253247121696
12493,74,2,433.74,1,4.31748811353631,1.0986122886681096,6.0747481512447195
12494,70,5,868.86,0,4.2626798770413155,1.791759469228055,6.768332279159461
12500,15,6,1773.8400000000001,0,2.772588722239781,1.9459101490553132,7.481465557001516
12501,245,1,2169.39,1,5.5053315359323625,0.6931471805599453,7.682662153888476
12502,4,5,3723.87,1,1.6094379124341003,1.791759469228055,8.222787230875806
12506,141,1,73.5,1,4.955827057601261,0.6931471805599453,4.310799125385514
12507,43,3,1304.81,1,3.784189633918261,1.3862943611198906,7.174578816863813
12509,193,1,176.5,1,5.267858159063328,0.6931471805599453,5.178970608915471
12510,51,2,982.5699999999999,1,3.9512437185814275,1.0986122886681096,6.8911888096735625
12513,21,1,612.29,1,3.091042453358316,0.6931471805599453,6.418837907265026
12514,176,1,1017.68,1,5.176149732573829,0.6931471805599453,6.926262950537876
12515,262,1,383.7,1,5.572154032177765,0.6931471805599453,5.95246380975825
12516,89,1,583.2,0,4.499809670330265,0.6931471805599453,6.37024338995364
12517,35,2,1521.45,0,3.58351893845611,1.0986122886681096,7.328076158322288
12518,19,1,324.83,0,2.995732273553991,0.6931471805599453,5.786375772960055
12520,51,4,2045.85,0,3.9512437185814275,1.6094379124341003,7.62405730500857
12521,51,1,599.68,1,3.9512437185814275,0.6931471805599453,6.39806234681208
12523,16,7,1017.75,0,2.833213344056216,2.0794415416798357,6.9263316645550725
12524,71,6,3122.48,0,4.276666119016055,1.9459101490553132,8.04670304383965
12526,3,1,520.3,0,1.3862943611198906,0.6931471805599453,6.25632569177406
12527,203,2,284.92,0,5.318119993844216,1.0986122886681096,5.655712051411118
12528,23,4,1287.37,0,3.1780538303479458,1.6094379124341003,7.161133132491757
12530,32,3,1221.65,0,3.4965075614664802,1.3862943611198906,7.108775913208576
12534,39,1,1089.18,1,3.6888794541139363,0.6931471805599453,6.9940980992041535
12535,0,2,716.35,1,0.0,1.0986122886681096,6.575563866544399
12539,171,3,4517.69,0,5.147494476813453,1.3862943611198906,8.415977407810622
12540,1,11,9246.86,0,0.6931471805599453,2.4849066497880004,9.132147452389267
12541,82,2,536.14,0,4.418840607796598,1.0986122886681096,6.286258768165544
12545,168,1,628.15,0,5.1298987149230735,0.6931471805599453,6.444369702037977
12547,106,2,207.79999999999998,1,4.672828834461906,1.0986122886681096,5.341376856008484
12548,75,1,95.19999999999999,1,4.330733340286331,0.6931471805599453,4.566429357671661
12551,266,1,168.0,1,5.58724865840025,0.6931471805599453,5.1298987149230735
12553,19,7,2419.59,0,2.995732273553991,2.0794415416798357,7.791766591088831
12556,60,1,308.75,0,4.110873864173311,0.6931471805599453,5.7357655205092515
12557,67,4,9000.960000000001,0,4.219507705176107,1.6094379124341003,9.105197610385996
12559,219,2,561.71,1,5.393627546352361,1.0986122886681096,6.33276439774036
12560,21,2,1436.31,0,3.091042453358316,1.0986122886681096,7.270528590022721
12561,211,1,238.85,1,5.356586274672012,0.6931471805599453,5.480013727948073
12562,35,3,1605.23,0,3.58351893845611,1.3862943611198906,7.381645097204143
12564,170,1,456.9,1,5.14166355650266,0.6931471805599453,6.12665081966305
12565,197,1,145.92,1,5.288267030694535,0.6931471805599453,4.989888220951467
12567,5,9,7849.98,0,1.791759469228055,2.302585092994046,8.968393643748826
12569,1,15,2167.68,0,0.6931471805599453,2.772588722239781,7.681873966517206
12571,30,1,248.35,0,3.4339872044851463,0.6931471805599453,5.518857531992132
12573,136,1,160.54000000000002,1,4.919980925828125,0.6931471805599453,5.08475279001415
12574,224,1,218.45,1,5.41610040220442,0.6931471805599453,5.391124416134243
12576,4,4,936.55,0,1.6094379124341003,1.6094379124341003,6.843270089755728
12577,268,1,195.89,0,5.594711379601839,0.6931471805599453,5.282645197153741
12578,239,1,1608.66,0,5.480638923341991,0.6931471805599453,7.383778255552623
12580,155,1,415.7,1,5.049856007249537,0.6931471805599453,6.032366538428407
12582,147,2,511.36,1,4.997212273764115,1.0986122886681096,6.239027502962935
12583,15,9,4232.21,0,2.772588722239781,2.302585092994046,8.350715849495906
12584,36,4,782.59,0,3.6109179126442243,1.6094379124341003,6.6638859243758874
12585,143,2,2040.1,1,4.969813299576001,1.0986122886681096,7.621244157199997
12589,53,1,131.5,0,3.9889840465642745,0.6931471805599453,4.886582645426277
12590,120,2,9864.26,1,4.795790545596741,1.0986122886681096,9.196774773912752
12591,226,1,452.84999999999997,1,5.424950017481403,0.6931471805599453,6.117766746972636
12592,1,2,437.6,1,0.6931471805599453,1.0986122886681096,6.083587835983788
12593,17,3,418.09999999999997,1,2.8903717578961645,1.3862943611198906,6.038109554931026
12594,30,8,2529.9,0,3.4339872044851463,2.1972245773362196,7.836330249689511
12596,151,1,269.95,0,5.0238805208462765,0.6931471805599453,5.601934302012123
12597,92,2,1428.81,0,4.532599493153256,1.0986122886681096,7.265296847293467
12598,70,4,1584.3799999999999,0,4.2626798770413155,1.6094379124341003,7.368579405210579
12599,35,6,857.04,0,3.58351893845611,1.9459101490553132,6.754650718447902
12600,21,8,1936.5600000000002,0,3.091042453358316,2.1972245773362196,7.569184728489947
12601,98,5,577.0600000000001,1,4.59511985013459,1.791759469228055,6.359677669513258
12604,170,1,178.5,0,5.14166355650266,0.6931471805599453,5.190175207928333
12609,95,2,800.73,0,4.564348191467836,1.0986122886681096,6.686771892830254
12610,15,2,1256.25,0,2.772588722239781,1.0986122886681096,7.136682075052074
12613,106,4,1462.52,0,4.672828834461906,1.6094379124341003,7.288599771908054
12614,186,1,315.6,1,5.231108616854587,0.6931471805599453,5.757639147446912
12615,77,1,634.74,0,4.356708826689592,0.6931471805599453,6.454789674725118
12616,4,2,713.3,1,1.6094379124341003,1.0986122886681096,6.571303042160927
12619,25,5,2087.46,0,3.258096538021482,1.791759469228055,7.644182231252023
12620,113,1,561.66,0,4.736198448394496,0.6931471805599453,6.332675538076368
12621,9,15,10195.04,0,2.302585092994046,2.772588722239781,9.229754688595412
12622,141,1,180.1,1,4.955827057601261,0.6931471805599453,5.199049364889367
12623,185,1,305.1,1,5.225746673713202,0.6931471805599453,5.723911845951367
12624,15,2,641.13,1,2.772588722239781,1.0986122886681096,6.464790775403018
12625,120,2,2683.82,1,4.795790545596741,1.0986122886681096,7.895368965589599
12626,21,6,4774.0,0,3.091042453358316,1.9459101490553132,8.471149252914831
12627,5,5,2727.83,0,1.791759469228055,1.791759469228055,7.911628224887452
12633,38,3,1948.75,0,3.6635616461296463,1.3862943611198906,7.575456438210607
12635,63,1,683.64,0,4.1588830833596715,0.6931471805599453,6.528893152668506
12637,0,7,5658.9,0,0.0,2.0794415416798357,8.641161503196628
12639,147,1,486.1,1,4.997212273764115,0.6931471805599453,6.188469440812497
12641,24,1,185.9,1,3.2188758248682006,0.6931471805599453,5.230573714461517
12642,16,1,366.45,0,2.833213344056216,0.6931471805599453,5.90658725497488
12643,37,6,3344.64,1,3.6375861597263857,1.9459101490553132,8.11541328460481
12644,38,1,477.91,1,3.6635616461296463,0.6931471805599453,6.171512688316606
12645,18,3,1310.8600000000001,0,2.9444389791664403,1.3862943611198906,7.1792012564933305
12647,35,9,2886.71,0,3.58351893845611,2.302585092994046,7.968219079458277
12648,63,1,318.05,1,4.1588830833596715,0.6931471805599453,5.765347830314356
12649,16,3,623.51,1,2.833213344056216,1.3862943611198906,6.4369673422476765
12651,243,1,114.0,1,5.497168225293202,0.6931471805599453,4.74493212836325
12652,240,1,919.98,1,5.484796933490655,0.6931471805599453,6.82543832049292
12653,57,2,2209.85,1,4.060443010546419,1.0986122886681096,7.701132335950876
12654,106,3,337.75,0,4.672828834461906,1.3862943611198906,5.825262372193911
12656,25,3,2820.67,0,3.258096538021482,1.3862943611198906,7.945084187233337
12662,16,7,2653.66,0,2.833213344056216,2.0794415416798357,7.88407186521197
12664,52,3,1957.48,0,3.970291913552122,1.3862943611198906,7.579923941156885
12665,233,1,63.0,1,5.455321115357702,0.6931471805599453,4.1588830833596715
12668,168,3,2924.4700000000003,0,5.1298987149230735,1.3862943611198906,7.981210430518388
12669,59,3,2744.0299999999997,1,4.0943445622221,1.3862943611198906,7.917547282845659
12670,7,3,1634.47,0,2.0794415416798357,1.3862943611198906,7.399685503795835
12672,238,1,225.89999999999998,1,5.476463551931511,0.6931471805599453,5.424509391785796
12673,235,1,220.9,0,5.4638318050256105,0.6931471805599453,5.402226829938548
12674,0,3,1402.0,0,0.0,1.3862943611198906,7.246368080102461
12676,32,4,998.0500000000001,0,3.4965075614664802,1.6094379124341003,6.906804827446142
12678,9,9,8282.26,0,2.302585092994046,2.302585092994046,9.021991889698764
12679,114,2,906.38,0,4.74493212836325,1.0986122886681096,6.8105613259907045
12680,22,1,311.78,0,3.1354942159291497,0.6931471805599453,5.745500068008069
12681,60,15,9866.58,0,4.110873864173311,2.772588722239781,9.197009914927497
12682,9,20,8219.92,0,2.302585092994046,3.044522437723423,9.014437403928529
12683,1,12,6622.19,0,0.6931471805599453,2.5649493574615367,8.798332405979272
12684,79,4,1379.48,0,4.382026634673881,1.6094379124341003,7.230186543760737
12685,1,2,1606.42,0,0.6931471805599453,1.0986122886681096,7.382385688154863
12686,280,1,89.14,1,5.638354669333745,0.6931471805599453,4.501364017262502
12688,22,1,4873.8099999999995,1,3.1354942159291497,0.6931471805599453,8.491836408313453
12689,36,1,511.03,0,3.6109179126442243,0.6931471805599453,6.238383217072961
12690,114,1,389.01,1,4.74493212836325,0.6931471805599453,5.966172379820607
12691,54,4,556.3,0,4.007333185232471,1.6094379124341003,6.32310369457549
12693,36,4,855.91,1,3.6109179126442243,1.6094379124341003,6.753332895580138
12694,92,1,439.5,0,4.532599493153256,0.6931471805599453,6.0879104453762345
12695,16,2,333.90000000000003,0,2.833213344056216,1.0986122886681096,5.813831979800159
12697,40,2,733.91,0,3.713572066704308,1.0986122886681096,6.599748042735756
12700,65,2,2149.05,0,4.189654742026425,1.0986122886681096,7.67324637666525
12701,151,1,337.08,0,5.0238805208462765,0.6931471805599453,5.823282553867746
12704,14,3,1100.92,0,2.70805020110221,1.3862943611198906,7.004809391796388
12705,67,4,4162.52,0,4.219507705176107,1.6094379124341003,8.334116149315111
12707,200,1,603.42,1,5.303304908059076,0.6931471805599453,6.404269320519532
12708,10,7,2031.77,0,2.3978952727983707,2.0794415416798357,7.617154673927751
12709,5,11,7200.79,0,1.791759469228055,2.4849066497880004,8.882084885216637
12710,5,3,1149.02,1,1.791759469228055,1.3862943611198906,7.047534612510416
12712,15,11,3913.08,0,2.772588722239781,2.4849066497880004,8.272335587195274
12714,15,4,3389.7,0,2.772588722239781,1.6094379124341003,8.128791668733953
12715,15,1,343.36,1,2.772588722239781,0.6931471805599453,5.841687621789754
12716,42,1,677.9,0,3.7612001156935624,0.6931471805599453,6.520473841307601
12717,60,2,1030.98,1,4.110873864173311,1.0986122886681096,6.939234566008755
12720,3,17,3689.84,0,1.3862943611198906,2.8903717578961645,8.213609353404424
12721,92,4,1698.91,0,4.532599493153256,1.6094379124341003,7.438330587466403
12722,23,3,929.65,0,3.1780538303479458,1.3862943611198906,6.835883266744342
12724,82,2,280.36,0,4.418840607796598,1.0986122886681096,5.639634988165727
12725,280,1,427.8,1,5.638354669333745,0.6931471805599453,6.060990609756592
12726,93,5,1467.32,0,4.543294782270004,1.791759469228055,7.291874169070703
12727,4,6,3337.7,0,1.6094379124341003,1.9459101490553132,8.113336788647489
12728,166,3,617.31,0,5.117993812416755,1.3862943611198906,6.426989949812354
12729,22,1,453.01,1,3.1354942159291497,0.6931471805599453,6.118119224230488
12731,53,8,11324.25,0,3.9889840465642745,2.1972245773362196,9.334790025162771
12732,88,1,236.26000000000002,1,4.48863636973214,0.6931471805599453,5.469156586232957
12733,143,1,383.95,1,4.969813299576001,0.6931471805599453,5.953113455724059
12734,261,1,110.39999999999999,1,5.568344503761097,0.6931471805599453,4.713127327493184
12735,224,2,779.5699999999999,1,5.41610040220442,1.0986122886681096,6.660024422032584
12736,241,1,234.0,1,5.488937726156687,0.6931471805599453,5.459585514144159
12738,281,1,155.35,1,5.641907070938114,0.6931471805599453,5.05209708390385
12739,8,1,975.54,0,2.1972245773362196,0.6931471805599453,6.884015712099396
12743,43,2,540.13,1,3.784189633918261,1.0986122886681096,6.293659545728696
12744,53,5,14211.970000000001,0,3.9889840465642745,1.791759469228055,9.5619102069931
12747,18,8,2769.4,0,2.9444389791664403,2.1972245773362196,7.926746993088212
12748,0,132,13873.21,0,0.0,3.1780538303479458,9.53778700005673
12749,39,3,2755.23,0,3.6888794541139363,1.3862943611198906,7.9216190829330015
12750,37,1,275.88,1,3.6375861597263857,0.6931471805599453,5.623584199327089
12753,44,5,16620.91,0,3.8066624897703196,1.791759469228055,9.584183313001468
12754,144,3,3010.74,1,4.976733742420574,1.3862943611198906,8.010273263812737
12755,189,2,3811.95,1,5.247024072160486,1.0986122886681096,8.246158446737232
12757,51,7,5281.08,0,3.9512437185814275,2.0794415416798357,8.572075238520496
12758,25,2,2791.59,1,3.258096538021482,1.0986122886681096,7.934724759609325
12759,80,2,1082.52,0,4.394449154672439,1.0986122886681096,6.987970279504716
12763,47,2,494.08,1,3.8712010109078907,1.0986122886681096,6.204719365671822
12764,225,1,1693.88,1,5.420534999272286,0.6931471805599453,7.435367220848186
12766,58,5,4952.1900000000005,0,4.07753744390572,1.791759469228055,8.507787092442031
12769,147,1,1143.6,1,4.997212273764115,0.6931471805599453,7.042810509975002
12770,119,1,1351.45,1,4.787491742782046,0.6931471805599453,7.209673041460572
12775,98,4,1164.68,0,4.59511985013459,1.6094379124341003,7.061059886705599
12778,92,4,492.06,0,4.532599493153256,1.6094379124341003,6.200630870491333
12779,98,7,2999.41,0,4.59511985013459,2.0794415416798357,8.006504224978876
12781,193,1,549.26,0,5.267858159063328,0.6931471805599453,6.310390893798908
12782,58,4,2078.67,0,4.07753744390572,1.6094379124341003,7.639964506262357
12785,273,1,311.95,1,5.6131281063880705,0.6931471805599453,5.74604343337071
12787,0,2,344.65999999999997,0,0.0,1.0986122886681096,5.845455632972347
12790,101,1,324.92,1,4.624972813284271,0.6931471805599453,5.786651952478496
12791,282,1,192.60000000000002,1,5.641907070938114,0.6931471805599453,5.265794174842477
12792,165,1,400.53999999999996,1,5.111987788356544,0.6931471805599453,5.995307154825432
12793,243,2,545.48,1,5.497168225293202,1.0986122886681096,6.303497710423594
12794,7,1,317.0,0,2.0794415416798357,0.6931471805599453,5.762051382780177
12797,274,1,254.03,1,5.616771097666572,0.6931471805599453,5.541381185297377
12798,79,1,1607.04,0,4.382026634673881,0.6931471805599453,7.382771325051409
12802,95,1,427.58,1,4.564348191467836,0.6931471805599453,6.060477418394936
12808,93,2,281.35,0,4.543294782270004,1.0986122886681096,5.643147436118846
12809,86,1,489.31,1,4.465908118654584,0.6931471805599453,6.1950378441253156
12811,169,3,514.85,1,5.135798437050262,1.3862943611198906,6.245816025546385
12814,10,1,125.92,1,2.3978952727983707,0.6931471805599453,4.843556966714995
12815,56,2,1063.46,1,4.04305126783455,1.0986122886681096,6.970222907300612
12816,4,2,572.2,1,1.6094379124341003,1.0986122886681096,6.351234695954017
12817,190,1,166.04,1,5.25227342804663,0.6931471805599453,5.118233304694273
12818,170,1,1542.08,1,5.14166355650266,0.6931471805599453,7.341535698070348
12820,235,1,170.46,0,5.4638318050256105,0.6931471805599453,5.14435000325061
12821,123,1,92.72,1,4.820281565605037,0.6931471805599453,4.540311613639595
12823,36,4,1224.0,0,3.6109179126442243,1.6094379124341003,7.110696122978827
12826,87,4,818.62,0,4.477336814478207,1.6094379124341003,6.708840818214406
12828,8,3,415.51,0,2.1972245773362196,1.3862943611198906,6.031910470922513
12829,245,2,293.0,1,5.5053315359323625,1.0986122886681096,5.683579767338681
12830,0,5,6414.32,0,0.0,1.791759469228055,8.766444158892133
12831,171,1,215.05,1,5.147494476813453,0.6931471805599453,5.3755098623779425
12832,7,1,267.8,0,2.0794415416798357,0.6931471805599453,5.5939676086489944
12833,54,1,417.38,1,4.007333185232471,0.6931471805599453,6.0363901104609745
12834,191,1,312.38,1,5.2574953720277815,0.6931471805599453,5.7474165116762626
12836,46,3,2112.53,0,3.8501476017100584,1.3862943611198906,7.656114814370263
12837,82,1,134.1,1,4.418840607796598,0.6931471805599453,4.906015244966153
12838,282,1,390.79,0,5.641907070938114,0.6931471805599453,5.970725981958582
12839,1,9,3097.39,0,0.6931471805599453,2.302585092994046,8.03863790072309
12840,52,4,2726.77,1,3.970291913552122,1.6094379124341003,7.911239704558553
12841,15,17,2829.91,0,2.772588722239781,2.8903717578961645,7.948353493719946
12842,217,1,310.73,0,5.384495062789089,0.6931471805599453,5.742137428532665
12843,68,7,1692.31,0,4.23410650459726,2.0794415416798357,7.434440472281921
12844,39,1,174.88,0,3.6888794541139363,0.6931471805599453,5.169801944312609
12845,176,4,354.09,1,5.176149732573829,1.6094379124341003,5.872371278471126
12849,177,1,668.8499999999999,0,5.181783550292085,0.6931471805599453,6.507053806722995
12851,5,1,131.81,1,1.791759469228055,0.6931471805599453,4.8889195354121595
12852,203,1,311.55,1,5.318119993844216,0.6931471805599453,5.744764456377822
12853,43,6,1957.1000000000001,1,3.784189633918261,1.9459101490553132,7.579729894309281
12854,150,2,810.37,0,5.017279836814924,1.0986122886681096,6.698724176955967
12855,281,1,38.1,1,5.641907070938114,0.6931471805599453,3.9102282978770786
12857,119,2,1106.4,1,4.787491742782046,1.0986122886681096,7.009770204388867
12864,47,1,147.12,1,3.8712010109078907,0.6931471805599453,4.998022756045412
12865,32,1,981.38,0,3.4965075614664802,0.6931471805599453,6.889978198879456
12866,192,1,559.12,1,5.262690188904886,0.6931471805599453,6.3281510464875765
12867,5,6,3015.96,0,1.791759469228055,1.9459101490553132,8.012004980867657
12868,94,6,1607.0600000000002,1,4.553876891600541,1.9459101490553132,7.3827837624756185
12871,116,1,132.0,0,4.762173934797756,0.6931471805599453,4.890349128221754
12872,235,2,599.97,1,5.4638318050256105,1.0986122886681096,6.398545016483998
12873,191,1,374.0,1,5.2574953720277815,0.6931471805599453,5.926926025970411
12875,52,2,343.2300000000001,1,3.970291913552122,1.0986122886681096,5.841310038608051
12876,105,1,726.43,0,4.663439094112067,0.6931471805599453,6.589517774484942
12877,33,9,1059.23,0,3.5263605246161616,2.302585092994046,6.966241144701187
12878,145,2,854.99,1,4.983606621708336,1.0986122886681096,6.752258693830513
12879,0,1,140.5,0,0.0,0.6931471805599453,4.952299717083292
12881,184,1,298.0,1,5.220355825078325,0.6931471805599453,5.700443573390686
12885,32,1,645.35,0,3.4965075614664802,0.6931471805599453,6.4713411527299565
12886,128,1,775.0,0,4.859812404361672,0.6931471805599453,6.654152520183219
12888,123,2,354.12,1,4.820281565605037,1.0986122886681096,5.87245576052578
12891,94,3,331.0,1,4.553876891600541,1.3862943611198906,5.805134968916488
12897,113,2,216.5,1,4.736198448394496,1.0986122886681096,5.382198850528739
12901,17,19,11639.470000000001,0,2.8903717578961645,2.995732273553991,9.362243098477132
12902,173,1,138.68,1,5.159055299214529,0.6931471805599453,4.939354092091292
12904,81,1,244.69,0,4.406719247264253,0.6931471805599453,5.5040705786581645
12908,85,2,750.0,1,4.454347296253507,1.0986122886681096,6.621405651764134
12909,110,3,1528.37,0,4.709530201312334,1.3862943611198906,7.332611164882233
12910,43,4,1486.9,0,3.784189633918261,1.6094379124341003,7.305121008833652
12913,191,3,866.39,0,5.2574953720277815,1.3862943611198906,6.765488702628331
12915,57,2,363.65,1,4.060443010546419,1.0986122886681096,5.898937989430242
12916,47,4,2944.95,1,3.8712010109078907,1.6094379124341003,7.988186624712898
12917,37,1,594.0,1,3.6375861597263857,0.6931471805599453,6.38856140554563
12919,25,3,441.65,0,3.258096538021482,1.3862943611198906,6.092779390057058
12921,7,24,10083.47,0,2.0794415416798357,3.1780538303479458,9.218751895710364
12922,70,1,405.38,1,4.2626798770413155,0.6931471805599453,6.007288682454868
12924,107,3,655.27,0,4.68213122712422,1.3862943611198906,6.48657228963192
12928,56,3,1136.14,0,4.04305126783455,1.3862943611198906,7.036271617217145
12929,220,1,117.85,1,5.3981627015177525,0.6931471805599453,4.777862193806203
12930,80,1,221.56,0,4.394449154672439,0.6931471805599453,5.405196728175133
12931,10,11,32530.7,0,2.3978952727983707,2.4849066497880004,9.584183313001468
12933,80,2,357.49,0,4.394449154672439,1.0986122886681096,5.881900765647841
12935,18,4,1535.34,0,2.9444389791664403,1.6094379124341003,7.337158243379065
12937,106,2,428.23,0,4.672828834461906,1.0986122886681096,6.061992905797519
12939,47,4,7990.08,0,3.8712010109078907,1.6094379124341003,8.986081198587021
12942,40,3,675.6,1,3.713572066704308,1.3862943611198906,6.517080256346608
12944,263,1,286.95,0,5.575949103146316,0.6931471805599453,5.6627868539526816
12945,197,1,462.95,1,5.288267030694535,0.6931471805599453,6.139776787799188
12947,52,6,1603.99,1,3.970291913552122,1.9459101490553132,7.380872805015112
12948,14,4,1423.96,0,2.70805020110221,1.6094379124341003,7.2618990221333375
12949,23,7,3449.42,0,3.1780538303479458,2.0794415416798357,8.146251241746233
12951,82,5,751.78,0,4.418840607796598,1.791759469228055,6.623773020436845
12955,1,6,1843.36,0,0.6931471805599453,1.9459101490553132,7.519887612827805
12956,215,1,108.07,1,5.375278407684165,0.6931471805599453,4.691989877940651
12957,95,4,1715.29,0,4.564348191467836,1.6094379124341003,7.447920263438408
12962,22,1,170.54000000000002,0,3.1354942159291497,0.6931471805599453,5.144816475562275
12963,274,1,365.8,0,5.616771097666572,0.6931471805599453,5.9048167403823095
12967,267,2,1660.9,1,5.5909869805108565,1.0986122886681096,7.415716805133478
12968,21,1,135.95,1,3.091042453358316,0.6931471805599453,4.919615895709087
12970,231,2,23.8,0,5.44673737166631,1.0986122886681096,3.9102282978770786
12971,1,64,8165.320000000001,0,0.6931471805599453,3.1780538303479458,9.007773657984133
12974,106,1,144.8,1,4.672828834461906,0.6931471805599453,4.982235819574558
12976,120,1,738.6,1,4.795790545596741,0.6931471805599453,6.60610949951297
12977,65,1,39.239999999999995,1,4.189654742026425,0.6931471805599453,3.9102282978770786
12980,66,9,7374.900000000001,1,4.204692619390966,2.302585092994046,8.905973207660795
12981,42,1,187.18,0,3.7612001156935624,0.6931471805599453,5.237398951578619
12982,151,1,390.54,1,5.0238805208462765,0.6931471805599453,5.970087681348397
12987,106,1,304.3,0,4.672828834461906,0.6931471805599453,5.721294899740832
12988,201,1,505.82,1,5.308267697401205,0.6931471805599453,6.228155910967461
12989,66,8,4469.14,0,4.204692619390966,2.1972245773362196,8.40517500702767
12990,94,2,263.9,0,4.553876891600541,1.0986122886681096,5.579352396278024
12991,21,1,303.56,0,3.091042453358316,0.6931471805599453,5.718868112074242
12993,29,3,372.4,0,3.4011973816621555,1.3862943611198906,5.922650231107622
12994,29,2,645.47,0,3.4011973816621555,1.0986122886681096,6.47152679342293
12997,145,2,608.47,0,4.983606621708336,1.0986122886681096,6.4125897270372665
12999,105,3,455.88,1,4.663439094112067,1.3862943611198906,6.124420774356607
13000,15,3,534.85,1,2.772588722239781,1.3862943611198906,6.283854271159006
13001,67,11,8582.57,0,4.219507705176107,2.4849066497880004,9.057605189859183
13002,227,1,120.94999999999999,1,5.429345628954441,0.6931471805599453,4.803611124661929
13003,14,3,149.05,1,2.70805020110221,1.3862943611198906,5.010968571886377
13004,23,12,3785.09,0,3.1780538303479458,2.5649493574615367,8.239089103277532
13005,82,2,513.7,1,4.418840607796598,1.0986122886681096,6.243584206658709
13008,232,1,229.46999999999997,1,5.4510384535657,0.6931471805599453,5.440120702122399
13011,281,1,50.550000000000004,1,5.641907070938114,0.6931471805599453,3.942552210462969
13012,57,4,1012.3100000000001,0,4.060443010546419,1.6094379124341003,6.920977479151259
13013,1,9,3686.09,0,0.6931471805599453,2.302585092994046,8.212592808025727
13014,22,5,2022.48,0,3.1354942159291497,1.791759469228055,7.612574080402483
13015,106,4,1763.04,0,4.672828834461906,1.6094379124341003,7.4753619120466075
13016,32,1,425.25,0,3.4965075614664802,0.6931471805599453,6.055026028597727
13018,1,18,5075.71,0,0.6931471805599453,2.9444389791664403,8.532418692969303
13021,75,4,1152.47,0,4.330733340286331,1.6094379124341003,7.050530069473259
13023,38,1,336.40000000000003,0,3.6635616461296463,0.6931471805599453,5.821269170111868
13026,1,3,604.2,0,0.6931471805599453,1.3862943611198906,6.405558981914201
13027,22,6,6912.0,1,3.1354942159291497,1.9459101490553132,8.841158975945264
13029,47,2,773.1999999999999,0,3.8712010109078907,1.0986122886681096,6.651830238143548
13030,277,1,402.36,0,5.627621113690637,0.6931471805599453,5.999829463439609
13033,266,1,190.55,1,5.58724865840025,0.6931471805599453,5.255148871146658
13034,278,1,165.86,0,5.631211781821365,0.6931471805599453,5.117155137473929
13035,169,1,333.0,0,5.135798437050262,0.6931471805599453,5.8111409929767
13037,47,3,881.07,1,3.8712010109078907,1.3862943611198906,6.782271417936915
13038,92,2,591.76,0,4.532599493153256,1.0986122886681096,6.384789595321978
13043,182,1,516.42,1,5.209486152841421,0.6931471805599453,6.248854923817375
13044,200,1,560.47,1,5.303304908059076,0.6931471805599453,6.330558344434147
13045,8,1,305.28000000000003,1,2.1972245773362196,0.6931471805599453,5.724499716244923
13046,175,1,197.72,0,5.170483995038151,0.6931471805599453,5.291896798745114
13047,36,8,2682.01,0,3.6109179126442243,2.1972245773362196,7.894694577589756
13048,22,3,1358.55,0,3.1354942159291497,1.3862943611198906,7.214909041623512
13049,227,1,153.78,0,5.429345628954441,0.6931471805599453,5.042004753842313
13050,15,13,4509.74,0,2.772588722239781,2.639057329615259,8.41421649885972
13052,121,1,348.15000000000003,1,4.804021044733257,0.6931471805599453,5.8555016292920445
13055,122,1,344.86,0,4.812184355372417,0.6931471805599453,5.846034068897776
13058,60,1,47.550000000000004,0,4.110873864173311,0.6931471805599453,3.9102282978770786
13059,158,1,183.4,1,5.0689042022202315,0.6931471805599453,5.2171073111224935
13060,162,1,307.53,1,5.093750200806762,0.6931471805599453,5.731819083350057
13062,100,1,346.98,1,4.61512051684126,0.6931471805599453,5.85214500685857
13064,61,2,659.25,0,4.127134385045092,1.0986122886681096,6.492618551177242
13065,282,1,205.86,1,5.641907070938114,0.6931471805599453,5.3320422359496575
13068,228,1,165.0,0,5.43372200355424,0.6931471805599453,5.111987788356544
13069,8,20,3870.02,0,2.1972245773362196,3.044522437723423,8.261273317187912
13070,101,1,228.8,1,4.624972813284271,0.6931471805599453,5.437209365414655
13072,175,1,177.15,1,5.170483995038151,0.6931471805599453,5.1826258920518455
13075,38,1,919.61,1,3.6635616461296463,0.6931471805599453,6.825036493805135
13077,199,3,576.19,0,5.298317366548036,1.3862943611198906,6.358171501732311
13078,15,15,6917.150000000001,0,2.772588722239781,2.772588722239781,8.841903671829266
13079,0,2,59.5,0,0.0,1.0986122886681096,4.102643365036796
13080,88,1,58.08,1,4.48863636973214,0.6931471805599453,4.078892457663179
13081,52,8,18870.12,0,3.970291913552122,2.1972245773362196,9.584183313001468
13082,35,9,3613.63,1,3.58351893845611,2.302585092994046,8.192744778040643
13085,66,2,416.08000000000004,1,4.204692619390966,1.0986122886681096,6.0332780499213925
13089,8,71,43260.74,0,2.1972245773362196,3.1780538303479458,9.584183313001468
13090,45,9,4912.02,0,3.828641396489095,2.302585092994046,8.499644102992848
13092,120,4,439.75,0,4.795790545596741,1.6094379124341003,6.08847782127798
13093,184,8,7832.47,1,5.220355825078325,2.1972245773362196,8.966160858120457
13094,38,10,1545.72,0,3.6635616461296463,2.3978952727983707,7.343891838716296
13097,31,8,4636.51,0,3.4657359027997265,2.1972245773362196,8.441932863247597
13098,3,18,15169.46,0,1.3862943611198906,2.9444389791664403,9.584183313001468
13099,8,1,207.35999999999999,1,2.1972245773362196,0.6931471805599453,5.339267352876991
13101,143,1,101.19,1,4.969813299576001,0.6931471805599453,4.626833825624118
13102,42,19,4961.7,0,3.7612001156935624,2.995732273553991,8.509705226450334
13104,42,3,376.44,0,3.7612001156935624,1.3862943611198906,5.933411615659365
13106,42,1,76.5,1,3.7612001156935624,0.6931471805599453,4.350277936359301
13107,84,2,935.22,0,4.442651256490317,1.0986122886681096,6.8418504915944185
13108,281,1,350.06,1,5.641907070938114,0.6931471805599453,5.8609571490281995
13109,66,1,369.85,0,4.204692619390966,0.6931471805599453,5.9157976681825675
13110,46,5,1042.24,0,3.8501476017100584,1.791759469228055,6.9500865339955755
13113,22,20,10787.06,0,3.1354942159291497,3.044522437723423,9.286195245979416
13115,93,1,878.55,0,4.543294782270004,0.6931471805599453,6.779410413044914
13116,47,1,501.14,1,3.8712010109078907,0.6931471805599453,6.218878965272838
13117,30,7,841.77,0,3.4339872044851463,2.0794415416798357,6.736694085662892
13118,117,3,799.7,0,4.770684624465665,1.3862943611198906,6.685486345078588
13120,147,1,30.599999999999998,1,4.997212273764115,0.6931471805599453,3.9102282978770786
13121,178,1,283.73,1,5.187385805840755,0.6931471805599453,5.6515413628105104
13122,3,2,922.39,1,1.3862943611198906,1.0986122886681096,6.828051680471256
13124,161,2,2516.47,0,5.087596335232384,1.0986122886681096,7.831009707937802
13126,162,5,1077.42,0,5.093750200806762,1.791759469228055,6.983252285980133
13130,3,1,64.0,1,1.3862943611198906,0.6931471805599453,4.174387269895637
13131,96,1,324.9,0,4.574710978503383,0.6931471805599453,5.786590585843515
13132,170,1,77.3,1,5.14166355650266,0.6931471805599453,4.360547602996757
13133,182,2,109.8,1,5.209486152841421,1.0986122886681096,4.707726774313183
13134,92,3,885.74,0,4.532599493153256,1.3862943611198906,6.7875518164545365
13135,105,1,3096.0,1,4.663439094112067,0.6931471805599453,8.038189179973203
13136,51,3,1226.68,0,3.9512437185814275,1.3862943611198906,7.112881488429355
13137,1,5,1888.32,0,0.6931471805599453,1.791759469228055,7.543972254954539
13138,42,3,489.45,0,3.7612001156935624,1.3862943611198906,6.195323337010325
13139,18,3,1710.94,0,2.9444389791664403,1.3862943611198906,7.445382509358565
13140,17,3,422.47,1,2.8903717578961645,1.3862943611198906,6.048482673330305
13141,123,4,1401.03,0,4.820281565605037,1.6094379124341003,7.2456764653684544
13144,241,1,110.95,1,5.488937726156687,0.6931471805599453,4.718052343044764
13145,0,3,499.72,0,0.0,1.3862943611198906,6.216047062616446
13147,8,1,118.80000000000001,0,2.1972245773362196,0.6931471805599453,4.785823685681349
13148,42,10,2766.01,0,3.7612001156935624,2.3978952727983707,7.925522593802802
13149,15,3,1132.62,0,2.772588722239781,1.3862943611198906,7.033171331128387
13151,204,1,1257.8700000000001,1,5.3230099791384085,0.6931471805599453,7.1379697721602025
13155,235,2,569.2,0,5.4638318050256105,1.0986122886681096,6.345987176478571
13157,50,3,873.1999999999999,0,3.9318256327243257,1.3862943611198906,6.773309182429214
13158,3,4,1201.06,1,1.3862943611198906,1.6094379124341003,7.091792030654675
13159,15,2,843.09,0,2.772588722239781,1.0986122886681096,6.7382591239819325
13161,222,1,112.75,1,5.407171771460119,0.6931471805599453,4.7340030578310595
13162,31,4,1688.29,1,3.4657359027997265,1.6094379124341003,7.432063601299488
13165,260,1,354.64,0,5.564520407322694,0.6931471805599453,5.873918983252938
13166,192,1,417.2,1,5.262690188904886,0.6931471805599453,6.035959786994534
13167,39,2,417.55,0,3.6888794541139363,1.0986122886681096,6.036796357106065
13168,108,3,953.0600000000001,0,4.6913478822291435,1.3862943611198906,6.860726562552361
13169,161,1,505.2,0,5.087596335232384,0.6931471805599453,6.226931848111024
13171,208,1,140.35,0,5.342334251964811,0.6931471805599453,4.9512390841395995
13173,276,1,165.94,0,5.6240175061873385,0.6931471805599453,5.11763446642259
13174,225,2,2034.06,0,5.420534999272286,1.0986122886681096,7.6182805814715335
13178,42,8,4391.7300000000005,0,3.7612001156935624,2.1972245773362196,8.38770618067106
13183,10,6,2394.98,0,2.3978952727983707,1.9459101490553132,7.781547611955093
13184,39,9,1472.1,0,3.6888794541139363,2.302585092994046,7.295124302820892
13185,176,1,71.4,1,5.176149732573829,0.6931471805599453,4.282206299391671
13186,2,2,1301.94,0,1.0986122886681096,1.0986122886681096,7.17237852848212
13187,246,1,236.02,1,5.5093883366279774,0.6931471805599453,5.4681445257603025
13189,24,1,127.0,0,3.2188758248682006,0.6931471805599453,4.852030263919617
13192,4,2,911.94,1,1.6094379124341003,1.0986122886681096,6.81667016102037
13194,44,1,60.7,1,3.8066624897703196,0.6931471805599453,4.122283930911342
13196,171,1,512.13,0,5.147494476813453,0.6931471805599453,6.240529224373591
13198,29,5,3009.18,0,3.4011973816621555,1.791759469228055,8.009755156619384
13199,1,22,4740.16,0,0.6931471805599453,3.1354942159291497,8.46403711048706
13200,35,1,319.32,0,3.58351893845611,0.6931471805599453,5.769320496126856
13203,29,2,309.86,0,3.4011973816621555,1.0986122886681096,5.739342650054752
13207,59,1,197.52000000000004,0,4.0943445622221,0.6931471805599453,5.29088985071924
13208,64,4,828.8199999999999,0,4.174387269895637,1.6094379124341003,6.721208809801614
13209,37,5,4156.08,0,3.6375861597263857,1.791759469228055,8.332568183715043
13210,2,1,353.48,1,1.0986122886681096,0.6931471805599453,5.8706519268912345
13211,4,2,784.64,0,1.6094379124341003,1.0986122886681096,6.6664986722410005
13213,37,4,963.88,0,3.6375861597263857,1.6094379124341003,6.8720037412749875
13216,176,1,333.74,1,5.176149732573829,0.6931471805599453,5.813354111085492
13217,31,3,533.98,1,3.4657359027997265,1.3862943611198906,6.282229363019668
13218,36,1,62.63999999999999,1,3.6109179126442243,0.6931471805599453,4.153242203469586
13220,94,3,726.49,0,4.553876891600541,1.3862943611198906,6.589600253246707
13221,149,2,847.41,1,5.0106352940962555,1.0986122886681096,6.743364009514037
13223,109,2,163.20000000000002,1,4.700480365792417,1.0986122886681096,5.101085197018328
13224,60,1,1212.26,0,4.110873864173311,0.6931471805599453,7.101066230575693
13225,52,5,4299.56,0,3.970291913552122,1.791759469228055,8.36650052576027
13226,182,1,108.21000000000001,1,5.209486152841421,0.6931471805599453,4.693272634209637
13227,110,1,257.7,1,4.709530201312334,0.6931471805599453,5.5556690891919835
13229,134,1,160.95,1,4.90527477843843,0.6931471805599453,5.087287645617338
13230,47,12,2195.23,0,3.8712010109078907,2.5649493574615367,7.694497533028426
13232,7,5,1019.05,0,2.0794415416798357,1.791759469228055,6.9276069246847385
13233,245,1,304.24,0,5.5053315359323625,0.6931471805599453,5.721098352421432
13235,121,1,1031.07,1,4.804021044733257,0.6931471805599453,6.939321773198559
13236,15,1,439.23,0,2.772588722239781,0.6931471805599453,6.087297317610726
13238,72,2,318.85,0,4.290459441148391,1.0986122886681096,5.767852135896146
13239,170,1,329.56,1,5.14166355650266,0.6931471805599453,5.800788185931274
13240,5,4,663.65,1,1.791759469228055,1.6094379124341003,6.499260586313608
13242,21,3,270.40000000000003,1,3.091042453358316,1.3862943611198906,5.603593747400769
13243,112,1,585.12,1,4.727387818712341,0.6931471805599453,6.373524546769825
13244,1,1,121.74000000000001,1,0.6931471805599453,0.6931471805599453,4.810068296960951
13246,85,5,1838.51,0,4.454347296253507,1.791759469228055,7.517254510789906
13248,33,2,465.68,1,3.5263605246161616,1.0986122886681096,6.145643797955656
13249,1,3,711.41,1,0.6931471805599453,1.3862943611198906,6.56865358837482
13253,65,2,1030.4,1,4.189654742026425,1.0986122886681096,6.9386723816168585
13255,282,1,225.7,0,5.641907070938114,0.6931471805599453,5.423627557513483
13258,114,1,198.87,0,4.74493212836325,0.6931471805599453,5.29766715520645
13261,177,2,944.1,1,5.181783550292085,1.0986122886681096,6.8512907420010105
13262,172,1,200.29,1,5.153291594497779,0.6931471805599453,5.3047466543129405
13263,17,23,4854.79,0,2.8903717578961645,3.1780538303479458,8.4879270863347
13265,92,3,1450.66,0,4.532599493153256,1.3862943611198906,7.280463008185445
13266,21,8,2535.58,0,3.091042453358316,2.1972245773362196,7.838571996032349
13267,1,15,3119.34,0,0.6931471805599453,2.772588722239781,8.045697249225228
13268,78,6,2117.81,0,4.3694478524670215,1.9459101490553132,7.658609889311868
13269,18,8,2978.5,0,2.9444389791664403,2.1972245773362196,7.999510780187034
13270,275,1,590.0,1,5.62040086571715,0.6931471805599453,6.3818160174060985
13273,22,1,138.98,1,3.1354942159291497,0.6931471805599453,4.941499555261394
13276,8,1,137.38,0,2.1972245773362196,0.6931471805599453,4.930003524070665
13277,25,2,125.9,0,3.258096538021482,1.0986122886681096,4.843399374720342
13280,31,3,798.46,1,3.4657359027997265,1.3862943611198906,6.68393649975286
13282,71,2,773.1,0,4.276666119016055,1.0986122886681096,6.651701064210668
13283,94,1,25.5,0,4.553876891600541,0.6931471805599453,3.9102282978770786
13284,239,1,201.19,1,5.480638923341991,0.6931471805599453,5.309207849379209
13285,70,3,1970.1,0,4.2626798770413155,1.3862943611198906,7.586347041532884
13291,64,1,361.11,1,4.174387269895637,0.6931471805599453,5.8919480330707374
13292,193,1,249.57,0,5.267858159063328,0.6931471805599453,5.523738322606287
13294,98,2,873.74,1,4.59511985013459,1.0986122886681096,6.773926699344786
13295,268,1,201.20000000000002,1,5.594711379601839,0.6931471805599453,5.309257306586371
13296,46,1,87.4,1,3.8501476017100584,0.6931471805599453,4.481871969643597
13299,177,1,142.5,1,5.181783550292085,0.6931471805599453,4.966335035199676
13300,78,1,371.89,1,4.3694478524670215,0.6931471805599453,5.921283469984221
13301,12,4,618.09,1,2.5649493574615367,1.6094379124341003,6.428250657915328
13302,64,1,63.75,1,4.174387269895637,0.6931471805599453,4.1705337005796475
13304,260,1,300.42,1,5.564520407322694,0.6931471805599453,5.7085046409915305
13305,1,8,1471.25,0,0.6931471805599453,2.1972245773362196,7.29454712182468
13307,29,1,15.0,1,3.4011973816621555,0.6931471805599453,3.9102282978770786
13308,112,1,814.95,0,4.727387818712341,0.6931471805599453,6.704353078576943
13309,115,2,546.64,0,4.7535901911063645,1.0986122886681096,6.305618136765555
13310,115,2,817.65,0,4.7535901911063645,1.0986122886681096,6.707656642085501
13311,59,1,490.11,0,4.0943445622221,0.6931471805599453,6.196668135289526
13313,50,3,918.34,0,3.9318256327243257,1.3862943611198906,6.823656021290462
13316,40,2,3535.18,0,3.713572066704308,1.0986122886681096,8.170802327439295
13317,107,5,1313.98,0,4.68213122712422,1.791759469228055,7.181576735370729
13319,0,19,7390.47,0,0.0,2.995732273553991,8.908081911616815
13320,15,3,981.15,0,2.772588722239781,1.3862943611198906,6.889744046180286
13324,112,7,3798.99,0,4.727387818712341,2.0794415416798357,8.242753714132068
13327,21,7,2738.75,0,3.091042453358316,2.0794415416798357,7.915621954343502
13328,225,1,1308.48,1,5.420534999272286,0.6931471805599453,7.177385390826169
13329,275,1,304.2,0,5.62040086571715,0.6931471805599453,5.720967299410302
13330,1,3,1140.93,1,0.6931471805599453,1.3862943611198906,7.040475092365302
13334,99,2,2708.59,0,4.605170185988092,1.0986122886681096,7.9045526109151165
13338,66,1,487.02,1,4.204692619390966,0.6931471805599453,6.190356388619899
13339,109,1,860.12,1,4.700480365792417,0.6931471805599453,6.758233867538541
13340,14,5,9229.54,0,2.70805020110221,1.791759469228055,9.13027283066096
13341,169,1,775.85,1,5.135798437050262,0.6931471805599453,6.65524728153801
13343,86,1,353.43,1,4.465908118654584,0.6931471805599453,5.870510865261174
13344,186,1,1656.15,0,5.231108616854587,0.6931471805599453,7.412854538374681
13345,196,1,389.5,1,5.2832037287379885,0.6931471805599453,5.967427969279741
13355,31,1,674.7,1,3.4657359027997265,0.6931471805599453,6.515749190558129
13357,166,1,609.4,1,5.117993812416755,0.6931471805599453,6.414114479970247
13358,177,1,439.03,1,5.181783550292085,0.6931471805599453,6.086842906406214
13362,154,2,1581.53,0,5.043425116919247,1.0986122886681096,7.366780111184615
13365,126,1,700.6,0,4.844187086458591,0.6931471805599453,6.553363441057973
13368,165,2,623.4,1,5.111987788356544,1.0986122886681096,6.436791188641277
13369,274,1,308.28000000000003,1,5.616771097666572,0.6931471805599453,5.734247015460021
13370,280,1,754.87,1,5.638354669333745,0.6931471805599453,6.62786940372116
13373,67,2,2055.58,0,4.219507705176107,1.0986122886681096,7.628799687959319
13376,8,3,1019.76,1,2.1972245773362196,1.3862943611198906,6.928302726869797
13379,45,1,136.29,0,3.828641396489095,0.6931471805599453,4.922095476909513
13381,22,4,2461.33,0,3.1354942159291497,1.6094379124341003,7.808863335130187
13382,189,1,222.99,1,5.247024072160486,0.6931471805599453,5.411601408001375
13384,37,2,1755.84,0,3.6375861597263857,1.0986122886681096,7.471272019726319
13385,238,1,534.57,1,5.476463551931511,0.6931471805599453,6.283331600299074
13388,40,2,677.1,1,3.713572066704308,1.0986122886681096,6.519294769689797
13389,141,1,257.89,0,4.955827057601261,0.6931471805599453,5.556403261059811
13391,112,1,59.8,1,4.727387818712341,0.6931471805599453,4.107589788972121
13394,24,5,1543.45,0,3.2188758248682006,1.791759469228055,7.342423138898396
13395,94,1,307.72,1,4.553876891600541,0.6931471805599453,5.7324347172293635
13396,228,1,387.27000000000004,0,5.43372200355424,0.6931471805599453,5.961700973902294
13397,19,4,1228.19,0,2.995732273553991,1.6094379124341003,7.114110694850638
13398,101,1,457.34,1,4.624972813284271,0.6931471805599453,6.127611266781323
13402,36,2,621.23,1,3.6109179126442243,1.0986122886681096,6.433309799308897
13404,121,1,217.81,0,4.804021044733257,0.6931471805599453,5.38820377334256
13405,113,2,557.45,0,4.736198448394496,1.0986122886681096,6.325165088986836
13408,8,41,17836.68,0,2.1972245773362196,3.1780538303479458,9.584183313001468
13410,96,3,545.04,0,4.574710978503383,1.3862943611198906,6.302692233134777
13411,16,1,213.55,1,2.833213344056216,0.6931471805599453,5.368542811437534
13414,42,3,1390.5,1,3.7612001156935624,1.3862943611198906,7.238137580965946
13417,114,1,236.0,0,4.74493212836325,0.6931471805599453,5.4680601411351315
13418,7,15,4744.13,0,2.0794415416798357,2.772588722239781,8.464874107929004
13420,58,2,159.85,1,4.07753744390572,1.0986122886681096,5.080472253685035
13421,199,1,825.04,0,5.298317366548036,0.6931471805599453,6.716643198498591
13425,17,3,1624.21,1,2.8903717578961645,1.3862943611198906,7.393392317183492
13426,91,5,1558.68,0,4.5217885770490405,1.791759469228055,7.3522359509967865
13427,29,2,464.86,0,3.4011973816621555,1.0986122886681096,6.143885159803208
13434,5,1,72.84,0,1.791759469228055,0.6931471805599453,4.301900590194597
13435,19,3,1088.1200000000001,0,2.995732273553991,1.3862943611198906,6.993125309699641
13437,8,4,2173.6,0,2.1972245773362196,1.6094379124341003,7.684600018563649
13439,164,1,283.71,1,5.10594547390058,0.6931471805599453,5.651471118359793
13441,0,1,296.64,1,0.0,0.6931471805599453,5.69588470252906
13448,127,4,1423.26,0,4.852030263919617,1.6094379124341003,7.261407659575105
13450,33,4,1421.46,0,3.5263605246161616,1.6094379124341003,7.260143046097217
13451,35,4,2385.5,0,3.58351893845611,1.6094379124341003,7.777583136445951
13452,168,2,590.0,1,5.1298987149230735,1.0986122886681096,6.3818160174060985
13453,74,2,356.97999999999996,1,4.31748811353631,1.0986122886681096,5.880477118918353
13455,275,1,692.94,0,5.62040086571715,0.6931471805599453,6.542385501437915
13456,64,3,855.0600000000001,0,4.174387269895637,1.3862943611198906,6.752340467143254
13458,8,10,7678.42,0,2.1972245773362196,2.3978952727983707,8.946299302456543
13461,47,2,884.2,0,3.8712010109078907,1.0986122886681096,6.785813608176895
13462,161,1,151.5,1,5.087596335232384,0.6931471805599453,5.0271645960474665
13466,93,1,307.9,1,4.543294782270004,0.6931471805599453,5.733017599924536
13468,1,29,4739.02,0,0.6931471805599453,3.1780538303479458,8.463796634089503
13470,8,2,165.0,1,2.1972245773362196,1.0986122886681096,5.111987788356544
13473,241,1,241.26,0,5.488937726156687,0.6931471805599453,5.4900115295886565
13474,145,1,226.84,1,4.983606621708336,0.6931471805599453,5.428643628223611
13475,100,4,1431.78,1,4.61512051684126,1.6094379124341003,7.2673718919667785
13476,87,2,1238.47,1,4.477336814478207,1.0986122886681096,7.122439147874555
13477,47,4,899.55,0,3.8712010109078907,1.6094379124341003,6.803005687783067
13479,109,2,300.95,1,4.700480365792417,1.0986122886681096,5.71026144075391
13481,17,4,1361.33,0,2.8903717578961645,1.6094379124341003,7.216951748110693
13482,141,1,184.64,1,4.955827057601261,0.6931471805599453,5.223809314372975
13484,150,1,313.8,1,5.017279836814924,0.6931471805599453,5.751937516543248
13485,142,1,454.24,1,4.962844630259907,0.6931471805599453,6.120824752413689
13486,37,2,819.61,0,3.6375861597263857,1.0986122886681096,6.71004796613905
13487,122,2,408.8,0,4.812184355372417,1.0986122886681096,6.0156692358048
13488,29,9,6596.38,0,3.4011973816621555,2.302585092994046,8.79442787950422
13489,14,4,449.52,1,2.70805020110221,1.6094379124341003,6.110402471179496
13491,56,9,1088.45,0,4.04305126783455,2.302585092994046,6.993428260720287
13492,45,3,1269.84,1,3.828641396489095,1.3862943611198906,7.147433378135437
13493,184,2,618.63,1,5.220355825078325,1.0986122886681096,6.429122525704993
13494,220,1,316.26000000000005,1,5.3981627015177525,0.6931471805599453,5.759721626980309
13495,141,3,1072.43,0,4.955827057601261,1.3862943611198906,6.978614407926797
13496,268,1,501.01,0,5.594711379601839,0.6931471805599453,6.2186200398120475
13497,191,2,348.05,1,5.2574953720277815,1.0986122886681096,5.855215178416411
13499,134,2,463.79,0,4.90527477843843,1.0986122886681096,6.14158569067631
13500,31,1,326.4,0,3.4657359027997265,0.6931471805599453,5.791182664937034
13501,197,1,1340.32,1,5.288267030694535,0.6931471805599453,7.201409482704207
13502,183,2,189.16,0,5.214935757608986,1.0986122886681096,5.247865823051939
13505,75,3,2583.12,0,4.330733340286331,1.3862943611198906,7.857140303452689
13506,225,2,458.52,1,5.420534999272286,1.0986122886681096,6.130182466419805
13507,7,3,2022.79,0,2.0794415416798357,1.3862943611198906,7.612727270083728
13508,152,1,110.97,1,5.030437921392435,0.6931471805599453,4.718230978272105
13509,8,5,705.02,0,2.1972245773362196,1.791759469228055,6.559643565703892
13510,4,2,897.81,0,1.6094379124341003,1.0986122886681096,6.801071666194987
13512,169,1,251.21,1,5.135798437050262,0.6931471805599453,5.530262073815315
13513,35,1,205.1,1,3.58351893845611,0.6931471805599453,5.328361487896413
13515,26,3,523.96,0,3.295836866004329,1.3862943611198906,6.2633220692127916
13516,147,1,146.0,0,4.997212273764115,0.6931471805599453,4.990432586778736
13517,15,2,1612.18,0,2.772588722239781,1.0986122886681096,7.385962665203541
13520,46,5,2947.98,0,3.8501476017100584,1.791759469228055,7.989214626832292
13523,108,3,2369.24,0,4.6913478822291435,1.3862943611198906,7.770746494824924
13524,10,3,408.86,0,2.3978952727983707,1.3862943611198906,6.015815637971813
13525,157,1,282.88,0,5.062595033026967,0.6931471805599453,5.648551613656782
13527,14,4,1362.52,0,2.70805020110221,1.6094379124341003,7.2178248703115475
13529,113,1,181.1,0,4.736198448394496,0.6931471805599453,5.2045559867335625
13531,114,2,483.8,1,4.74493212836325,1.0986122886681096,6.1837364347551045
13533,91,3,269.09,1,4.5217885770490405,1.3862943611198906,5.598755236788495
13534,16,21,4371.53,0,2.833213344056216,3.091042453358316,8.383097067932685
13538,3,6,990.75,0,1.3862943611198906,1.9459101490553132,6.89947105939444
13539,149,2,315.65,0,5.0106352940962555,1.0986122886681096,5.757797062962439
13544,149,1,113.01,0,5.0106352940962555,0.6931471805599453,4.736286163845628
13546,109,1,182.26,0,4.700480365792417,0.6931471805599453,5.210905909537067
13548,5,2,678.16,1,1.791759469228055,1.0986122886681096,6.520856740447811
13549,51,5,762.05,0,3.9512437185814275,1.791759469228055,6.637323559936884
13551,228,1,91.80000000000001,1,5.43372200355424,0.6931471805599453,4.530446639792155
13552,32,9,2762.91,0,3.4965075614664802,2.302585092994046,7.924401622852358
13555,110,2,1590.05,0,4.709530201312334,1.0986122886681096,7.3721494546195885
13557,189,1,240.68,0,5.247024072160486,0.6931471805599453,5.487614537078416
13561,124,1,141.85999999999999,1,4.8283137373023015,0.6931471805599453,4.961865129726826
13562,50,2,1209.73,0,3.9318256327243257,1.0986122886681096,7.098978762460139
13563,49,1,310.88,0,3.912023005428146,0.6931471805599453,5.7426184984413995
13564,53,3,1724.67,1,3.9889840465642745,1.3862943611198906,7.453370659852556
13565,243,1,110.17999999999999,0,5.497168225293202,0.6931471805599453,4.711150509525323
13568,82,1,187.05,1,4.418840607796598,0.6931471805599453,5.2367078849163455
13569,276,1,109.82000000000001,0,5.6240175061873385,0.6931471805599453,4.707907263439203
13570,152,1,239.49,1,5.030437921392435,0.6931471805599453,5.482678508639762
13571,1,7,1083.83,0,0.6931471805599453,2.0794415416798357,6.989178571670999
13572,114,1,1384.25,1,4.74493212836325,0.6931471805599453,7.233635907747459
13573,162,1,31.770000000000003,0,5.093750200806762,0.6931471805599453,3.9102282978770786
13575,42,2,218.75,0,3.7612001156935624,1.0986122886681096,5.392490536565286
13576,5,13,4840.9400000000005,0,1.791759469228055,2.639057329615259,8.485070745847498
13577,1,3,1193.8,0,0.6931471805599453,1.3862943611198906,7.0857340863419545
13579,278,1,164.70000000000002,0,5.631211781821365,0.6931471805599453,5.1101789244325175
13581,218,1,118.0,1,5.389071729816501,0.6931471805599453,4.77912349311153
13583,64,1,781.03,1,4.174387269895637,0.6931471805599453,6.661893102980819
13584,215,1,142.4,1,5.375278407684165,0.6931471805599453,4.96563792816552
13588,8,4,1420.72,0,2.1972245773362196,1.6094379124341003,7.259622685208175
13589,88,1,147.0,0,4.48863636973214,0.6931471805599453,4.997212273764115
13590,59,4,1116.38,0,4.0943445622221,1.6094379124341003,7.01874193817147
13591,113,2,776.23,0,4.736198448394496,1.0986122886681096,6.655736316861254
13592,114,3,205.51,0,4.74493212836325,1.3862943611198906,5.3303488373787005
13593,17,5,2011.88,1,2.8903717578961645,1.791759469228055,7.607321811344266
13599,65,8,2313.84,0,4.189654742026425,2.1972245773362196,7.747095849660977
13600,221,1,219.52,1,5.402677381872279,0.6931471805599453,5.395988393721483
13601,120,1,373.2,0,4.795790545596741,0.6931471805599453,5.92479041383999
13606,152,2,246.63,0,5.030437921392435,1.0986122886681096,5.511935696637175
13610,19,5,764.76,0,2.995732273553991,1.791759469228055,6.640868804720008
13611,79,2,636.72,0,4.382026634673881,1.0986122886681096,6.457899315539165
13614,73,2,778.88,0,4.304065093204169,1.0986122886681096,6.6591400616942575
13615,227,1,417.69,1,5.429345628954441,0.6931471805599453,6.037130789291114
13617,22,2,365.7,0,3.1354942159291497,1.0986122886681096,5.90454407507728
13618,82,1,177.34,1,4.418840607796598,0.6931471805599453,5.183691840706733
13621,25,1,213.85,1,3.258096538021482,0.6931471805599453,5.3699401102210045
13623,119,4,539.17,0,4.787491742782046,1.6094379124341003,6.291883904829349
13626,161,1,257.23,1,5.087596335232384,0.6931471805599453,5.5538506606638975
13627,85,3,1027.0,0,4.454347296253507,1.3862943611198906,6.93537044601511
13629,8,8,5718.36,0,2.1972245773362196,2.1972245773362196,8.651612190002014
13630,14,5,1361.46,0,2.70805020110221,1.791759469228055,7.2170471683082855
13631,8,11,3070.42,1,2.1972245773362196,2.4849066497880004,8.029895274358873
13632,82,3,812.26,0,4.418840607796598,1.3862943611198906,6.7010508616196995
13634,15,3,755.97,0,2.772588722239781,1.3862943611198906,6.629323622533264
13636,31,4,646.55,0,3.4657359027997265,1.6094379124341003,6.4731960106695965
13637,96,2,678.65,0,4.574710978503383,1.0986122886681096,6.521577959781257
13642,124,1,312.28,1,4.8283137373023015,0.6931471805599453,5.7470973593421455
13643,7,2,259.40000000000003,0,2.0794415416798357,1.0986122886681096,5.562218910334415
13644,14,1,851.09,0,2.70805020110221,0.6931471805599453,6.747692155053276
13645,29,1,252.1,1,3.4011973816621555,0.6931471805599453,5.533784667551078
13647,84,2,803.86,0,4.442651256490317,1.0986122886681096,6.690668349250458
13649,165,2,346.6,1,5.111987788356544,1.0986122886681096,5.851052393391237
13650,116,2,745.52,0,4.762173934797756,1.0986122886681096,6.615422408314929
13652,165,2,638.24,0,5.111987788356544,1.0986122886681096,6.4602799707169085
13654,54,4,1714.27,0,4.007333185232471,1.6094379124341003,7.4473257816108775
13655,23,2,932.97,1,3.1780538303479458,1.0986122886681096,6.83944431779864
13656,73,2,379.65,1,4.304065093204169,1.0986122886681096,5.941880317752221
13657,110,1,152.34,0,4.709530201312334,0.6931471805599453,5.032657678130748
13658,113,1,933.3,0,4.736198448394496,0.6931471805599453,6.83979758579891
13659,114,2,1563.0,1,4.74493212836325,1.0986122886681096,7.355001921105257
13662,121,2,516.44,0,4.804021044733257,1.0986122886681096,6.248893576388742
13663,88,1,189.47,1,4.48863636973214,0.6931471805599453,5.249494701850468
13666,196,2,64.05,0,5.2832037287379885,1.0986122886681096,4.1751562049585145
13667,58,1,299.05,1,4.07753744390572,0.6931471805599453,5.703949127435522
13668,22,16,4900.97,0,3.1354942159291497,2.833213344056216,8.49739244411829
13669,58,1,48.150000000000006,0,4.07753744390572,0.6931471805599453,3.9102282978770786
13672,210,2,186.39000000000001,1,5.351858133476067,1.0986122886681096,5.233192006587575
13675,60,2,486.82000000000005,1,4.110873864173311,1.0986122886681096,6.189946485351331
13678,60,1,232.6,1,4.110873864173311,0.6931471805599453,5.453610250954072
13680,246,2,2391.59,0,5.5093883366279774,1.0986122886681096,7.780131740174446
13681,64,1,203.46,0,4.174387269895637,0.6931471805599453,5.320372357328868
13682,96,1,59.5,1,4.574710978503383,0.6931471805599453,4.102643365036796
13684,194,1,65.13,1,5.272999558563747,0.6931471805599453,4.191622501686571
13686,91,1,72.0,1,4.5217885770490405,0.6931471805599453,4.290459441148391
13692,122,2,871.58,0,4.812184355372417,1.0986122886681096,6.771454340417674
13694,16,39,45911.64,0,2.833213344056216,3.1780538303479458,9.584183313001468
13695,7,12,1767.07,0,2.0794415416798357,2.5649493574615367,7.477643835173997
13699,64,1,308.58000000000004,1,4.174387269895637,0.6931471805599453,5.735216540145732
13700,1,8,1634.77,0,0.6931471805599453,2.1972245773362196,7.399868920482376
13703,227,1,99.5,1,5.429345628954441,0.6931471805599453,4.61015772749913
13705,53,2,522.68,0,3.9889840465642745,1.0986122886681096,6.26088081075287
13706,211,1,330.79,1,5.356586274672012,0.6931471805599453,5.8045022386644325
13707,176,2,806.41,1,5.176149732573829,1.0986122886681096,6.693831593776871
13708,180,1,285.33,1,5.198497031265826,0.6931471805599453,5.657144991804844
13709,10,5,2918.81,0,2.3978952727983707,1.791759469228055,7.979273824652131
13711,127,2,252.06,1,4.852030263919617,1.0986122886681096,5.5336266147611175
13712,155,1,228.84,1,5.049856007249537,0.6931471805599453,5.437383414671034
13715,190,5,1077.39,1,5.25227342804663,1.791759469228055,6.983224467118015
13716,178,1,138.28,1,5.187385805840755,0.6931471805599453,4.936486295459933
13717,37,4,955.99,0,3.6375861597263857,1.6094379124341003,6.863792942077565
13718,155,2,306.55,1,5.049856007249537,1.0986122886681096,5.728637675654378
13719,114,2,338.74,0,4.74493212836325,1.0986122886681096,5.828180619191165
13720,25,4,799.9,1,3.258096538021482,1.6094379124341003,6.685736095329637
13722,40,3,2375.41,1,3.713572066704308,1.3862943611198906,7.773346224518516
13723,126,1,199.85000000000002,1,4.844187086458591,0.6931471805599453,5.302558360805291
13725,78,7,1865.7,0,4.3694478524670215,2.0794415416798357,7.531927445038551
13726,9,1,292.68,0,2.302585092994046,0.6931471805599453,5.682490739188579
13728,16,5,797.02,0,2.833213344056216,1.791759469228055,6.682133659792387
13730,44,2,752.6,1,3.8066624897703196,1.0986122886681096,6.624861723262153
13731,128,2,610.59,1,4.859812404361672,1.0986122886681096,6.416062123365316
13735,84,2,1409.69,0,4.442651256490317,1.0986122886681096,7.251834225375953
13736,169,1,357.53,0,5.135798437050262,0.6931471805599453,5.882012338546899
13737,109,1,339.59999999999997,1,4.700480365792417,0.6931471805599453,5.830708768228588
13740,149,1,350.75,1,5.0106352940962555,0.6931471805599453,5.862920695994498
13741,92,2,363.13,0,4.532599493153256,1.0986122886681096,5.897510946733554
13742,71,10,2632.57,0,4.276666119016055,2.3978952727983707,7.876095619166351
13743,16,5,912.1199999999999,0,2.833213344056216,1.791759469228055,6.816867306788398
13744,4,2,1080.52,1,1.6094379124341003,1.0986122886681096,6.9861227380561495
13745,71,1,300.04,1,4.276666119016055,0.6931471805599453,5.707243146285182
13747,282,1,79.6,1,5.641907070938114,0.6931471805599453,4.389498649512583
13748,4,5,948.25,1,1.6094379124341003,1.791759469228055,6.855672199111912
13750,49,4,1316.63,0,3.912023005428146,1.6094379124341003,7.183589947274538
13751,197,1,296.25,1,5.288267030694535,0.6931471805599453,5.694573535570891
13752,33,6,1175.38,1,3.5263605246161616,1.9459101490553132,7.07019720551526
13753,196,1,741.26,1,5.2832037287379885,0.6931471805599453,6.609699586102796
13754,60,2,282.59999999999997,1,4.110873864173311,1.0986122886681096,5.647564794657972
13756,2,8,2972.3300000000004,0,1.0986122886681096,2.1972245773362196,7.997437815829084
13758,110,5,2351.52,0,4.709530201312334,1.791759469228055,7.763242373017445
13760,165,1,135.09,0,5.111987788356544,0.6931471805599453,4.913316431572226
13761,88,1,491.71000000000004,0,4.48863636973214,0.6931471805599453,6.199920765670314
13762,127,1,306.72,1,4.852030263919617,0.6931471805599453,5.729190278590734
13764,53,2,943.29,0,3.9889840465642745,1.0986122886681096,6.850433322358032
13767,17,28,9676.37,0,2.8903717578961645,3.1780538303479458,9.177545449140187
13769,1,8,2176.62,0,0.6931471805599453,2.1972245773362196,7.685987816278243
13771,108,2,1464.8500000000001,0,4.6913478822291435,1.0986122886681096,7.2901905579756106
13772,5,2,682.97,0,1.791759469228055,1.0986122886681096,6.527914057011565
13777,38,24,12360.24,0,3.6635616461296463,3.1780538303479458,9.422321049604198
13778,12,1,178.7,1,2.5649493574615367,0.6931471805599453,5.191288793789513
13780,79,1,116.28000000000002,0,4.382026634673881,0.6931471805599453,4.764564238138341
13781,159,1,127.84,1,5.075173815233827,0.6931471805599453,4.858571324462998
13782,33,3,484.79,0,3.5263605246161616,1.3862943611198906,6.18577643175349
13784,3,9,2124.15,0,1.3862943611198906,2.302585092994046,7.661597667102579
13786,276,1,230.39999999999998,1,5.6240175061873385,0.6931471805599453,5.444147814759576
13787,273,1,106.4,0,5.6131281063880705,0.6931471805599453,4.676560182074764
13791,36,2,1516.0,1,3.6109179126442243,1.0986122886681096,7.324489979348532
13792,196,1,74.60000000000001,0,5.2832037287379885,0.6931471805599453,4.3254562831854875
13798,2,42,29161.14,0,1.0986122886681096,3.1780538303479458,9.584183313001468
13799,25,2,688.86,1,3.258096538021482,1.0986122886681096,6.5364886784538845
13800,218,1,558.32,1,5.389071729816501,0.6931471805599453,6.32672176017265
13802,47,3,4599.42,1,3.8712010109078907,1.3862943611198906,8.433902882657025
13803,164,1,277.07,1,5.10594547390058,0.6931471805599453,5.627872880555851
13804,5,4,1526.01,0,1.791759469228055,1.6094379124341003,7.331066853985663
13805,38,1,500.24,0,3.6635616461296463,0.6931471805599453,6.217085028297085
13807,276,1,112.6,1,5.6240175061873385,0.6931471805599453,4.732683506287051
13808,2,2,723.1,0,1.0986122886681096,1.0986122886681096,6.5849295043947755
13809,214,1,155.05,1,5.3706380281276624,0.6931471805599453,5.0501764687167885
13811,92,3,814.5,1,4.532599493153256,1.3862943611198906,6.703801422061068
13812,14,1,278.74,0,2.70805020110221,0.6931471805599453,5.6338606003511575
13813,43,1,385.14,0,3.784189633918261,0.6931471805599453,5.956199998007671
13814,1,2,1579.12,1,0.6931471805599453,1.0986122886681096,7.365256072504094
13815,81,2,2977.75,0,4.406719247264253,1.0986122886681096,7.999259028412952
13817,260,1,128.7,0,5.564520407322694,0.6931471805599453,4.865224091322398
13819,210,3,1140.35,1,5.351858133476067,1.3862943611198906,7.039967051290641
13821,53,2,385.64,1,3.9889840465642745,1.0986122886681096,5.957494027536828
13823,0,1,650.42,0,0.0,0.6931471805599453,6.479154595471815
13824,44,4,1429.84,0,3.8066624897703196,1.6094379124341003,7.266016963382125
13826,85,1,189.5,1,4.454347296253507,0.6931471805599453,5.249652194566756
13827,42,2,300.76,0,3.7612001156935624,1.0986122886681096,5.709631999445093
13831,47,4,1450.85,0,3.8712010109078907,1.6094379124341003,7.280593884263207
13833,68,1,383.85,1,4.23410650459726,0.6931471805599453,5.9528536479803265
13835,64,2,537.34,0,4.174387269895637,1.0986122886681096,6.2884903308128965
13837,120,2,266.59000000000003,1,4.795790545596741,1.0986122886681096,5.589455958348054
13838,26,3,467.54,0,3.295836866004329,1.3862943611198906,6.149621476902639
13841,161,1,85.0,1,5.087596335232384,0.6931471805599453,4.454347296253507
13842,64,7,2165.27,0,4.174387269895637,2.0794415416798357,7.680762073531916
13846,151,2,663.9300000000001,0,5.0238805208462765,1.0986122886681096,6.4996817719574045
13848,1,3,1255.0,1,0.6931471805599453,1.3862943611198906,7.135687347028144
13849,79,1,593.5799999999999,0,4.382026634673881,0.6931471805599453,6.387855273940438
13850,38,1,1595.48,1,3.6635616461296463,0.6931471805599453,7.375556484672672
13851,4,3,2651.46,1,1.6094379124341003,1.3862943611198906,7.883242790261331
13854,1,20,6469.16,0,0.6931471805599453,3.044522437723423,8.774956116710042
13856,77,3,388.5,1,4.356708826689592,1.3862943611198906,5.964863865310803
13859,235,1,201.16,1,5.4638318050256105,0.6931471805599453,5.309059463079938
13862,17,6,1781.3,0,2.8903717578961645,1.9459101490553132,7.4856599440298055
13863,156,1,305.78,1,5.056245805348308,0.6931471805599453,5.726130878319963
13865,45,3,383.34000000000003,0,3.828641396489095,1.3862943611198906,5.951527577504281
13867,127,1,138.85,0,4.852030263919617,0.6931471805599453,4.940570419647969
13869,32,4,3083.65,1,3.4965075614664802,1.6094379124341003,8.034193477715295
13870,10,5,2179.4700000000003,0,2.3978952727983707,1.791759469228055,7.687295728875861
13871,1,9,4612.64,0,0.6931471805599453,2.302585092994046,8.436772412282693
13873,28,3,389.6,1,3.367295829986474,1.3862943611198906,5.967684018442578
13874,267,1,540.45,1,5.5909869805108565,0.6931471805599453,6.294250726074389
13875,42,4,1424.8,0,3.7612001156935624,1.6094379124341003,7.262488338683528
13880,54,8,1680.76,0,4.007333185232471,2.1972245773362196,7.427596143075045
13881,4,11,9398.68,0,1.6094379124341003,2.4849066497880004,9.148430925125442
13883,127,4,1742.78,0,4.852030263919617,1.6094379124341003,7.463810449722759
13884,186,3,196.25,0,5.231108616854587,1.3862943611198906,5.284471959725984
13885,98,2,506.8,1,4.59511985013459,1.0986122886681096,6.230087669270578
13887,113,1,349.55,1,4.736198448394496,0.6931471805599453,5.859503349652977
13888,28,2,595.67,1,3.367295829986474,1.0986122886681096,6.391364196743265
13889,1,1,416.90000000000003,1,0.6931471805599453,0.6931471805599453,6.03524216945387
13890,16,2,501.11,0,2.833213344056216,1.0986122886681096,6.218819219193656
13892,155,1,54.519999999999996,0,5.049856007249537,0.6931471805599453,4.016743316198549
13893,206,1,821.1,1,5.332718793265369,0.6931471805599453,6.711862042158088
13894,219,1,160.85,0,5.393627546352361,0.6931471805599453,5.086669980372253
13895,52,2,937.3000000000001,0,3.970291913552122,1.0986122886681096,6.844069727296004
13898,234,1,155.93,1,5.459585514144159,0.6931471805599453,5.055799846050629
13899,183,1,298.5,0,5.214935757608986,0.6931471805599453,5.702114417555504
13900,92,3,740.95,1,4.532599493153256,1.3862943611198906,6.609281855452135
13901,16,4,2652.28,0,2.833213344056216,1.6094379124341003,7.883551889465789
13904,203,1,201.12,0,5.318119993844216,0.6931471805599453,5.308861580423708
13908,35,3,1461.61,0,3.58351893845611,1.3862943611198906,7.287977789952818
13911,53,8,2437.63,0,3.9889840465642745,2.1972245773362196,7.799191685191066
13917,100,1,65.38,0,4.61512051684126,0.6931471805599453,4.195395806291828
13918,162,1,198.2,0,5.093750200806762,0.6931471805599453,5.294309345150498
13919,30,1,213.15,0,3.4339872044851463,0.6931471805599453,5.36667670406138
13922,260,1,172.25,1,5.564520407322694,0.6931471805599453,5.1547356380700124
13925,1,4,678.25,1,0.6931471805599453,1.6094379124341003,6.520989248306457
13928,15,2,225.45000000000002,0,2.772588722239781,1.0986122886681096,5.422524170002223
13929,78,2,842.65,1,4.3694478524670215,1.0986122886681096,6.737737716644347
13930,45,1,210.0,0,3.828641396489095,0.6931471805599453,5.351858133476067
13931,4,2,1237.53,1,1.6094379124341003,1.0986122886681096,7.121680471486267
13932,203,1,307.4,1,5.318119993844216,0.6931471805599453,5.731397641689174
13933,18,2,608.7900000000001,1,2.9444389791664403,1.0986122886681096,6.413114635600407
13934,172,1,922.1,1,5.153291594497779,0.6931471805599453,6.8277375709961055
13936,88,1,376.58,1,4.48863636973214,0.6931471805599453,5.933782466766897
13937,78,1,158.85,1,4.3694478524670215,0.6931471805599453,5.074235875505851
13939,17,2,390.21,0,2.8903717578961645,1.0986122886681096,5.9692445002061385
13940,25,2,391.06,0,3.258096538021482,1.0986122886681096,5.971414889302278
13941,80,3,2831.26,0,4.394449154672439,1.3862943611198906,7.948830258509127
13946,110,2,485.96999999999997,0,4.709530201312334,1.0986122886681096,6.18820251954242
13948,269,1,102.0,1,5.598421958998375,0.6931471805599453,4.634728988229636
13949,3,1,537.9,0,1.3862943611198906,0.6931471805599453,6.289530024939451
13950,155,1,179.30999999999997,0,5.049856007249537,0.6931471805599453,5.194677591788277
13951,85,3,674.45,1,4.454347296253507,1.3862943611198906,6.5153791354156905
13952,126,2,3251.071,1,4.844187086458591,1.0986122886681096,8.087047303147697
13953,24,5,2604.36,0,3.2188758248682006,1.791759469228055,7.865326140416662
13955,63,2,322.96,1,4.1588830833596715,1.0986122886681096,5.780620051380789
13956,47,3,676.07,0,3.8712010109078907,1.3862943611198906,6.51777466490835
13959,190,2,337.44,0,5.25227342804663,1.0986122886681096,5.8243468240563
13962,154,1,117.6,0,5.043425116919247,0.6931471805599453,4.775756486563625
13963,217,4,664.54,1,5.384495062789089,1.6094379124341003,6.500598741212994
13967,54,1,80.7,1,4.007333185232471,0.6931471805599453,4.403054001865957
13969,16,11,3883.23,0,2.833213344056216,2.4849066497880004,8.264680044959691
13971,15,6,1985.9,0,2.772588722239781,1.9459101490553132,7.594330914159044
13972,110,1,145.9,0,4.709530201312334,0.6931471805599453,4.989752083179832
13973,196,1,264.7,1,5.2832037287379885,0.6931471805599453,5.582367852765768
13975,37,4,1466.67,0,3.6375861597263857,1.6094379124341003,7.291431388263807
13976,115,1,357.98,1,4.7535901911063645,0.6931471805599453,5.8832666766299955
13982,72,3,1230.1399999999999,0,4.290459441148391,1.3862943611198906,7.115695848393711
13983,96,8,1681.06,0,4.574710978503383,2.1972245773362196,7.427774511715932
13984,35,4,819.33,0,3.58351893845611,1.6094379124341003,6.7097066983258244
13985,16,7,2773.04,0,2.833213344056216,2.0794415416798357,7.928060020381486
13988,71,3,1923.5,0,4.276666119016055,1.3862943611198906,7.562421472723801
13989,148,1,896.6700000000001,0,5.003946305945459,0.6931471805599453,6.799802517467453
13990,122,1,311.3,1,4.812184355372417,0.6931471805599453,5.7439642642890325
13991,52,1,126.35,0,3.970291913552122,0.6931471805599453,4.8469392014254655
13993,9,6,2247.41,0,2.302585092994046,1.9459101490553132,7.717978578725217
13994,14,2,419.56,0,2.70805020110221,1.0986122886681096,6.041587156511192
13995,24,3,871.9,0,3.2188758248682006,1.3862943611198906,6.771821001741304
13999,4,9,2868.9700000000003,0,1.6094379124341003,2.302585092994046,7.962056855737361
14000,120,1,635.66,1,4.795790545596741,0.6931471805599453,6.456235761113554
14001,141,2,1309.14,0,4.955827057601261,1.0986122886681096,7.1778892807139885
14002,43,2,529.73,1,3.784189633918261,1.0986122886681096,6.274253417348632
14004,7,5,3203.26,0,2.0794415416798357,1.791759469228055,8.072236453460178
14005,42,3,696.56,0,3.7612001156935624,1.3862943611198906,6.547588531501259
14006,24,3,962.19,1,3.2188758248682006,1.3862943611198906,6.870250692440862
14009,107,2,695.61,1,4.68213122712422,1.0986122886681096,6.546225713269575
14012,186,1,328.8,1,5.231108616854587,0.6931471805599453,5.7984864101254985
14013,19,3,473.02,1,2.995732273553991,1.3862943611198906,6.161249514897758
14016,70,4,4341.21,1,4.2626798770413155,1.6094379124341003,8.376138714077541
14019,7,2,800.53,0,2.0794415416798357,1.0986122886681096,6.686522401168219
14021,64,3,631.9,1,4.174387269895637,1.3862943611198906,6.45031243178126
14022,134,1,440.0,1,4.90527477843843,0.6931471805599453,6.089044875446846
14023,159,1,273.14,0,5.075173815233827,0.6931471805599453,5.613638924803235
14024,30,2,327.7,1,3.4339872044851463,1.0986122886681096,5.795145480670174
14029,53,1,165.20000000000002,0,3.9889840465642745,0.6931471805599453,5.113191882421348
14030,30,6,1657.5,0,3.4339872044851463,1.9459101490553132,7.413668858387107
14031,35,13,9627.03,0,3.58351893845611,2.639057329615259,9.172433914810032
14032,77,6,1845.37,0,4.356708826689592,1.9459101490553132,7.520976828348161
14034,66,2,473.90999999999997,0,4.204692619390966,1.0986122886681096,6.163125312398025
14035,16,3,837.26,0,2.833213344056216,1.3862943611198906,6.73132831489045
14036,193,1,626.65,1,5.267858159063328,0.6931471805599453,6.441982686264217
14037,85,2,147.20000000000002,1,4.454347296253507,1.0986122886681096,4.998562712861987
14038,53,2,1086.42,0,3.9889840465642745,1.0986122886681096,6.991563197038542
14040,3,10,2734.46,0,1.3862943611198906,2.3978952727983707,7.914054890841679
14041,175,1,141.41,1,5.170483995038151,0.6931471805599453,4.958710221231336
14044,12,3,535.71,0,2.5649493574615367,1.3862943611198906,6.285457911392284
14045,18,4,1659.75,1,2.9444389791664403,1.6094379124341003,7.415024586545351
14046,193,1,154.99,1,5.267858159063328,0.6931471805599453,5.049791902630777
14047,108,3,635.92,0,4.6913478822291435,1.3862943611198906,6.456644058988226
14048,214,1,409.93,1,5.3706380281276624,0.6931471805599453,6.018422883689063
14049,67,3,3244.74,0,4.219507705176107,1.3862943611198906,8.085098646283603
14050,15,1,485.98,0,2.772588722239781,0.6931471805599453,6.188223054477479
14051,0,16,9271.84,0,0.0,2.833213344056216,9.134844976256888
14053,33,2,260.25,1,3.5263605246161616,1.0986122886681096,5.565477803279021
14055,15,1,725.6400000000001,1,2.772588722239781,0.6931471805599453,6.588431169193958
14056,16,17,5333.97,0,2.833213344056216,2.8903717578961645,8.582038540477306
14057,9,13,4805.68,0,2.302585092994046,2.639057329615259,8.477761896092087
14059,175,1,183.6,1,5.170483995038151,0.6931471805599453,5.218191322068752
14060,17,14,4102.78,0,2.8903717578961645,2.70805020110221,8.319663779175922
14062,0,10,8800.67,0,0.0,2.3978952727983707,9.082696755189005
14064,22,4,1097.03,0,3.1354942159291497,1.6094379124341003,7.001272944100597
14066,175,1,152.55,1,5.170483995038151,0.6931471805599453,5.034026246886832
14067,5,1,224.67,0,1.791759469228055,0.6931471805599453,5.419073755183819
14068,229,1,265.85,1,5.438079308923196,0.6931471805599453,5.586686702779954
14071,169,2,356.81,0,5.135798437050262,1.0986122886681096,5.8800021192586875
14075,170,1,307.92,0,5.14166355650266,0.6931471805599453,5.733082343701064
14076,38,1,118.67,1,3.6635616461296463,0.6931471805599453,4.784737954585425
14077,91,3,310.4,0,4.5217885770490405,1.3862943611198906,5.741078259399898
14078,10,6,1049.37,1,2.3978952727983707,1.9459101490553132,6.956897762032364
14079,33,1,375.1,1,3.5263605246161616,0.6931471805599453,5.929855065476291
14081,211,2,921.62,1,5.356586274672012,1.0986122886681096,6.827217448755657
14082,273,1,182.25,1,5.6131281063880705,0.6931471805599453,5.2108513407667605
14083,35,7,533.39,0,3.58351893845611,2.0794415416798357,6.281125909472503
14085,50,12,3220.94,0,3.9318256327243257,2.5649493574615367,8.0777389415896
14088,37,7,25507.89,0,3.6375861597263857,2.0794415416798357,9.584183313001468
14090,233,1,76.32000000000001,1,5.455321115357702,0.6931471805599453,4.34795265434013
14092,8,10,2745.42,0,2.1972245773362196,2.3978952727983707,7.91805352437738
14096,0,3,244.68,0,0.0,1.3862943611198906,5.504029876132567
14099,29,8,2309.92,0,3.4011973816621555,2.1972245773362196,7.7454009926263
14100,46,1,191.95000000000002,1,3.8501476017100584,0.6931471805599453,5.262431087983628
14101,51,5,4944.389999999999,0,3.9512437185814275,1.791759469228055,8.506211108489904
14104,63,2,216.20999999999998,1,4.1588830833596715,1.0986122886681096,5.380864627515602
14105,148,1,1266.23,1,5.003946305945459,0.6931471805599453,7.144588695022355
14107,5,6,2461.94,0,1.791759469228055,1.9459101490553132,7.809111037287884
14108,10,1,291.33,0,2.3978952727983707,0.6931471805599453,5.677883301130512
14110,28,5,3259.62,0,3.367295829986474,1.791759469228055,8.089672640327139
14111,4,3,295.5,0,1.6094379124341003,1.3862943611198906,5.69204721843778
14112,39,4,1900.82,0,3.6888794541139363,1.6094379124341003,7.550566601402976
14113,263,1,433.5,0,5.575949103146316,0.6931471805599453,6.074195944705447
14114,182,2,386.53,1,5.209486152841421,1.0986122886681096,5.959793265151517
14116,1,2,628.87,0,0.6931471805599453,1.0986122886681096,6.445513448886302
14117,52,1,90.0,1,3.970291913552122,0.6931471805599453,4.51085950651685
14127,31,3,709.71,1,3.4657359027997265,1.3862943611198906,6.566264470368445
14128,164,1,305.54,0,5.10594547390058,0.6931471805599453,5.725348252570762
14129,4,3,726.23,0,1.6094379124341003,1.3862943611198906,6.5892427961377535
14130,228,1,480.91,1,5.43372200355424,0.6931471805599453,6.177757374624178
14132,22,5,1552.46,0,3.1354942159291497,1.791759469228055,7.348239980191342
14133,38,3,605.64,1,3.6635616461296463,1.3862943611198906,6.4079355343926805
14135,14,10,3190.32,0,2.70805020110221,2.3978952727983707,8.068189903293582
14141,14,1,285.16,0,2.70805020110221,0.6931471805599453,5.656551094950762
14142,282,1,311.81,1,5.641907070938114,0.6931471805599453,5.745595977469612
14143,42,1,115.8,1,3.7612001156935624,0.6931471805599453,4.760463070394127
14145,65,3,2851.2,0,4.189654742026425,1.3862943611198906,7.955845905302667
14146,163,2,1903.73,0,5.099866427824199,1.0986122886681096,7.552095545232367
14147,194,1,182.8,0,5.272999558563747,0.6931471805599453,5.213848209921586
14148,142,1,157.2,1,4.962844630259907,0.6931471805599453,5.063860055333554
14149,129,1,446.62,1,4.867534450455582,0.6931471805599453,6.103944658191983
14150,268,1,306.18,0,5.594711379601839,0.6931471805599453,5.727433894987482
14152,143,1,314.51,0,4.969813299576001,0.6931471805599453,5.754190377200047
14154,148,2,1345.62,1,5.003946305945459,1.0986122886681096,7.205353028221294
14155,175,1,118.75,1,5.170483995038151,0.6931471805599453,4.785406236291025
14156,2,42,98688.79,0,1.0986122886681096,3.1780538303479458,9.584183313001468
14157,194,1,269.18,0,5.272999558563747,0.6931471805599453,5.599088403541535
14159,4,7,2732.73,0,1.6094379124341003,2.0794415416798357,7.913422256006283
14161,124,3,1097.6200000000001,1,4.8283137373023015,1.3862943611198906,7.001810125730978
14162,82,2,289.36,1,4.418840607796598,1.0986122886681096,5.67112153241664
14163,61,3,1659.39,0,4.127134385045092,1.3862943611198906,7.414807793515601
14165,184,1,120.44,1,5.220355825078325,0.6931471805599453,4.79942031364732
14167,74,3,389.85,0,4.31748811353631,1.3862943611198906,5.968323854666339
14171,7,1,363.79,1,2.0794415416798357,0.6931471805599453,5.899321845543751
14173,128,1,114.04,0,4.859812404361672,0.6931471805599453,4.745279893972737
14175,80,2,1205.99,0,4.394449154672439,1.0986122886681096,7.095884936059068
14176,206,4,576.9000000000001,1,5.332718793265369,1.6094379124341003,6.359400843323733
14177,4,3,299.46,0,1.6094379124341003,1.3862943611198906,5.705314633634278
14178,7,3,477.29,0,2.0794415416798357,1.3862943611198906,6.170217243087384
14180,0,22,4258.92,0,0.0,3.1354942159291497,8.35700565974436
14185,240,1,197.65,1,5.484796933490655,0.6931471805599453,5.291544482260608
14188,18,4,1383.46,0,2.9444389791664403,1.6094379124341003,7.233065450897158
14189,5,11,3267.92,0,1.791759469228055,2.4849066497880004,8.092214934109066
14191,17,7,2258.26,0,2.8903717578961645,2.0794415416798357,7.722792605019918
14193,178,1,422.53999999999996,0,5.187385805840755,0.6931471805599453,6.048647960635436
14194,15,12,5666.45,0,2.772588722239781,2.5649493574615367,8.642494560110743
14195,110,2,1012.0,1,4.709530201312334,1.0986122886681096,6.920671504248683
14196,15,1,335.52,1,2.772588722239781,0.6931471805599453,5.818657582682613
14198,54,2,356.95,0,4.007333185232471,1.0986122886681096,5.880393311842194
14199,127,1,185.39999999999998,1,4.852030263919617,0.6931471805599453,5.2278949022514904
14201,58,5,521.24,0,4.07753744390572,1.791759469228055,6.2581272523356875
14205,173,1,222.9,0,5.159055299214529,0.6931471805599453,5.411199523604709
14206,148,1,328.15999999999997,1,5.003946305945459,0.6931471805599453,5.796543954737512
14208,3,1,151.74,1,1.3862943611198906,0.6931471805599453,5.0287371294602385
14209,30,5,1876.33,0,3.4339872044851463,1.791759469228055,7.5376058336000105
14210,14,6,1905.8400000000001,1,2.70805020110221,1.9459101490553132,7.553202700664662
14211,5,6,1129.93,0,1.791759469228055,1.9459101490553132,7.0307955820698655
14214,65,3,899.16,0,4.189654742026425,1.3862943611198906,6.802572525301492
14215,95,4,1098.27,0,4.564348191467836,1.6094379124341003,7.0024016021187405
14217,8,10,1211.5,0,2.1972245773362196,2.3978952727983707,7.100439622811638
14220,156,2,632.4,1,5.056245805348308,1.0986122886681096,6.45110213410454
14221,22,7,2617.0099999999998,0,3.1354942159291497,2.0794415416798357,7.8701697661722525
14222,86,1,683.17,1,4.465908118654584,0.6931471805599453,6.528206424753791
14223,1,3,991.13,1,0.6931471805599453,1.3862943611198906,6.89985414708588
14224,19,4,1009.73,1,2.995732273553991,1.6094379124341003,6.918428121038441
14226,119,2,1692.0,0,4.787491742782046,1.0986122886681096,7.4342573821331355
14227,105,7,2399.52,0,4.663439094112067,2.0794415416798357,7.783440659533872
14229,200,2,762.13,0,5.303304908059076,1.0986122886681096,6.637428396850057
14231,92,3,925.71,1,4.532599493153256,1.3862943611198906,6.831640679513165
14232,24,4,1573.33,0,3.2188758248682006,1.6094379124341003,7.361585063927438
14233,120,3,959.1,0,4.795790545596741,1.3862943611198906,6.867037445703578
14235,66,4,2802.86,0,4.204692619390966,1.6094379124341003,7.9387523182346795
14236,281,1,189.3,0,5.641907070938114,0.6931471805599453,5.248601774302104
14237,282,1,161.0,1,5.641907070938114,0.6931471805599453,5.087596335232384
14238,235,1,146.85,1,5.4638318050256105,0.6931471805599453,4.996198246298486
14239,3,9,1880.89,0,1.3862943611198906,2.302585092994046,7.540031869978061
14240,134,1,226.85,0,4.90527477843843,0.6931471805599453,5.428687517709892
14241,92,1,213.70000000000002,1,4.532599493153256,0.6931471805599453,5.369241704884735
14242,143,2,280.55,1,4.969813299576001,1.0986122886681096,5.640310051700627
14243,4,8,2305.95,0,1.6094379124341003,2.1972245773362196,7.74368158477027
14245,128,2,1693.45,1,4.859812404361672,1.0986122886681096,7.435113483382488
14246,19,3,1474.06,1,2.995732273553991,1.3862943611198906,7.296453945912695
14247,187,1,136.76999999999998,1,5.236441962829949,0.6931471805599453,4.925585628056507
14248,227,1,302.58,1,5.429345628954441,0.6931471805599453,5.715645167198713
14256,169,2,969.0600000000001,1,5.135798437050262,1.0986122886681096,6.8773579252545485
14257,32,4,2725.84,0,3.4965075614664802,1.6094379124341003,7.910898708590368
14258,60,7,9386.32,0,4.110873864173311,2.0794415416798357,9.14711512145447
14259,50,1,120.0,1,3.9318256327243257,0.6931471805599453,4.795790545596741
14262,16,3,855.0,0,2.833213344056216,1.3862943611198906,6.752270376141742
14264,63,2,333.97,1,4.1588830833596715,1.0986122886681096,5.814040975576219
14265,18,2,530.18,1,2.9444389791664403,1.0986122886681096,6.275100946851013
14267,71,3,1516.24,1,4.276666119016055,1.3862943611198906,7.3246481738226015
14270,240,1,492.65000000000003,1,5.484796933490655,0.6931471805599453,6.201826764057459
14271,134,1,112.32,1,4.90527477843843,0.6931471805599453,4.730215674962316
14272,163,1,132.09,0,5.099866427824199,0.6931471805599453,4.891025591098464
14273,45,3,450.05,0,3.828641396489095,1.3862943611198906,6.111578198102648
14276,7,3,1119.74,1,2.0794415416798357,1.3862943611198906,7.021744460399267
14277,121,1,1629.03,0,4.804021044733257,0.6931471805599453,7.396353698539415
14280,105,1,134.04,1,4.663439094112067,0.6931471805599453,4.905571030847647
14282,18,9,2467.54,0,2.9444389791664403,2.302585092994046,7.811382161740206
14285,85,1,5.9,0,4.454347296253507,0.6931471805599453,3.9102282978770786
14286,151,1,2050.08,0,5.0238805208462765,0.6931471805599453,7.626121762674929
14287,107,2,83.28,0,4.68213122712422,1.0986122886681096,4.434144588935988
14288,122,1,426.6,1,4.812184355372417,0.6931471805599453,6.05818817915089
14289,43,5,832.78,0,3.784189633918261,1.791759469228055,6.725969578591492
14290,270,1,777.5600000000001,0,5.602118820879701,0.6931471805599453,6.6574460595951575
14291,29,7,2355.54,0,3.4011973816621555,2.0794415416798357,7.7649497205460545
14292,54,4,2590.21,0,4.007333185232471,1.6094379124341003,7.85988022706548
14293,56,3,739.41,0,4.04305126783455,1.3862943611198906,6.6072040868209925
14297,183,1,232.6,0,5.214935757608986,0.6931471805599453,5.453610250954072
14298,8,37,41182.51,0,2.1972245773362196,3.1780538303479458,9.584183313001468
14299,16,5,2437.14,0,2.833213344056216,1.791759469228055,7.798990732510645
14301,26,1,640.14,1,3.295836866004329,0.6931471805599453,6.463247841809304
14304,131,1,383.45,1,4.882801922586371,0.6931471805599453,5.9518137414781895
14305,22,2,1048.45,0,3.1354942159291497,1.0986122886681096,6.956021496391625
14307,43,4,2307.89,0,3.784189633918261,1.6094379124341003,7.744522168548837
14309,2,7,1633.7,0,1.0986122886681096,2.0794415416798357,7.399214580257162
14311,151,1,310.26,1,5.0238805208462765,0.6931471805599453,5.740628575776864
14312,0,5,1047.19,0,0.0,1.791759469228055,6.954820146158467
14314,15,1,120.0,1,2.772588722239781,0.6931471805599453,4.795790545596741
14315,38,5,1550.15,0,3.6635616461296463,1.791759469228055,7.3467518702990935
14320,115,2,477.79,1,4.7535901911063645,1.0986122886681096,6.17126208791851
14321,25,3,900.65,0,3.258096538021482,1.3862943611198906,6.804226418153281
14323,23,2,605.0600000000001,1,3.1780538303479458,1.0986122886681096,6.406978991069148
14326,151,1,183.85,1,5.0238805208462765,0.6931471805599453,5.219544685382641
14327,72,1,311.65,1,4.290459441148391,0.6931471805599453,5.745084354013307
14329,17,4,3485.03,0,2.8903717578961645,1.6094379124341003,8.156518831894916
14331,33,2,462.65999999999997,1,3.5263605246161616,1.0986122886681096,6.139151525006747
14332,56,1,119.04,0,4.04305126783455,0.6931471805599453,4.787825020572166
14334,2,7,2328.71,0,1.0986122886681096,2.0794415416798357,7.753499075294206
14335,5,1,347.5,0,1.791759469228055,0.6931471805599453,5.853638230200579
14336,107,3,1114.39,0,4.68213122712422,1.3862943611198906,7.016959398521683
14338,70,2,588.22,1,4.2626798770413155,1.0986122886681096,6.3787996283436765
14339,151,1,309.52,1,5.0238805208462765,0.6931471805599453,5.73824831153748
14340,127,1,134.7,1,4.852030263919617,0.6931471805599453,4.9104465668408235
14341,39,6,1139.52,0,3.6888794541139363,1.9459101490553132,7.039239577739033
14342,46,2,419.74,0,3.8501476017100584,1.0986122886681096,6.0420150657058835
14344,36,8,889.9300000000001,1,3.6109179126442243,2.1972245773362196,6.7922658609726465
14346,29,2,1021.58,1,3.4011973816621555,1.0986122886681096,6.9300841244652
14348,169,1,409.57,1,5.135798437050262,0.6931471805599453,6.017546438106483
14350,183,1,282.93,1,5.214935757608986,0.6931471805599453,5.6487277289070565
14351,73,1,51.0,1,4.304065093204169,0.6931471805599453,3.9512437185814275
14352,66,4,1078.96,1,4.204692619390966,1.6094379124341003,6.984679282395341
14353,124,1,90.6,1,4.8283137373023015,0.6931471805599453,4.517431271680085
14355,274,1,174.4,1,5.616771097666572,0.6931471805599453,5.1670690799380825
14360,3,1,1124.49,0,1.3862943611198906,0.6931471805599453,7.025973775367289
14364,17,8,3717.35,1,2.8903717578961645,2.1972245773362196,8.221035300483413
14367,46,10,5419.7,0,3.8501476017100584,2.3978952727983707,8.597980237385896
14368,228,1,155.0,1,5.43372200355424,0.6931471805599453,5.049856007249537
14371,204,1,100.5,1,5.3230099791384085,0.6931471805599453,4.620058798481842
14373,267,1,76.55,1,5.5909869805108565,0.6931471805599453,4.350922889622548
14375,94,1,235.56,1,4.553876891600541,0.6931471805599453,5.466201875544222
14377,100,2,617.05,1,4.61512051684126,1.0986122886681096,6.426569360333832
14379,204,1,110.98,0,5.3230099791384085,0.6931471805599453,4.718320283920748
14383,72,1,242.09,0,4.290459441148391,0.6931471805599453,5.493431745140744
14386,205,1,142.4,1,5.327876168789581,0.6931471805599453,4.96563792816552
14387,18,1,440.76,0,2.9444389791664403,0.6931471805599453,6.090766748181844
14388,0,6,2277.77,0,0.0,1.9459101490553132,7.7313911026959925
14389,99,1,311.14,0,4.605170185988092,0.6931471805599453,5.7434518051144074
14390,53,4,1590.71,0,3.9889840465642745,1.6094379124341003,7.372564189007014
14393,127,1,67.95,1,4.852030263919617,0.6931471805599453,4.233381604239311
14395,86,6,1952.3200000000002,0,4.465908118654584,1.9459101490553132,7.577285767941086
14396,280,1,110.35000000000001,0,5.638354669333745,0.6931471805599453,4.712678393703377
14397,2,10,1036.12,0,1.0986122886681096,2.3978952727983707,6.944202919953183
14400,58,1,574.7,1,4.07753744390572,0.6931471805599453,6.355586691681764
14401,4,10,3079.38,0,1.6094379124341003,2.3978952727983707,8.032808244980727
14403,39,4,1475.81,1,3.6888794541139363,1.6094379124341003,7.297639635123279
14404,17,5,1322.52,0,2.8903717578961645,1.791759469228055,7.1880501329999005
14406,28,1,156.75,1,3.367295829986474,0.6931471805599453,5.061011501421323
14407,16,6,2157.73,1,2.833213344056216,1.9459101490553132,7.677275364797242
14408,3,6,2290.81,0,1.3862943611198906,1.9459101490553132,7.737097177365323
14409,31,5,1943.73,0,3.4657359027997265,1.791759469228055,7.572878428935788
14410,1,9,1100.27,1,0.6931471805599453,2.302585092994046,7.004219338265954
14411,219,1,1063.0,1,5.393627546352361,0.6931471805599453,6.96979066990159
14413,271,1,121.05,1,5.605802066295998,0.6931471805599453,4.804430796838969
14414,0,7,1496.98,1,0.0,2.0794415416798357,7.311872812853191
14415,7,9,3766.13,0,2.0794415416798357,2.302585092994046,8.234068717316912
14418,17,1,150.44,0,2.8903717578961645,0.6931471805599453,5.020189506901067
14419,161,2,307.14,0,5.087596335232384,1.0986122886681096,5.730554225153629
14420,8,1,387.52,1,2.1972245773362196,0.6931471805599453,5.962344648534129
14421,120,1,455.18,0,4.795790545596741,0.6931471805599453,6.1228874684684005
14422,79,2,1032.15,0,4.382026634673881,1.0986122886681096,6.940367666709614
14423,127,1,265.2,1,4.852030263919617,0.6931471805599453,5.5842479059610115
14426,49,6,2885.58,0,3.912023005428146,1.9459101490553132,7.967827689342981
14428,148,2,330.62,0,5.003946305945459,1.0986122886681096,5.803989735073227
14431,211,1,470.36,1,5.356586274672012,0.6931471805599453,6.1556221332742656
14436,7,1,89.06,1,2.0794415416798357,0.6931471805599453,4.500476114873425
14437,274,1,63.0,1,5.616771097666572,0.6931471805599453,4.1588830833596715
14438,215,1,131.9,1,5.375278407684165,0.6931471805599453,4.8895969657192
14439,228,1,2661.24,1,5.43372200355424,0.6931471805599453,7.8869231526671975
14440,225,2,1185.71,0,5.420534999272286,1.0986122886681096,7.078940051365175
14441,3,2,697.4000000000001,0,1.3862943611198906,1.0986122886681096,6.548792004525392
14442,113,2,1589.82,1,4.736198448394496,1.0986122886681096,7.372004885545176
14443,47,3,991.52,0,3.8712010109078907,1.3862943611198906,6.900247163491815
14446,155,1,303.04,0,5.049856007249537,0.6931471805599453,5.71715927169784
14447,105,2,601.03,0,4.663439094112067,1.0986122886681096,6.400307277954197
14448,273,1,102.35000000000001,0,5.6131281063880705,0.6931471805599453,4.638121286127777
14449,155,2,399.91,0,5.049856007249537,1.0986122886681096,5.993736963213647
14450,89,3,483.25,1,4.499809670330265,1.3862943611198906,6.182601302287106
14451,103,1,360.0,0,4.6443908991413725,0.6931471805599453,5.8888779583328805
14452,2,1,127.37,0,1.0986122886681096,0.6931471805599453,4.854916719096835
14453,99,1,119.93,1,4.605170185988092,0.6931471805599453,4.795211865797184
14456,40,3,636.65,0,3.713572066704308,1.3862943611198906,6.4577895434729085
14457,219,1,113.64,1,5.393627546352361,0.6931471805599453,4.741796783519916
14459,64,1,1837.92,1,4.174387269895637,0.6931471805599453,7.516933721754878
14460,19,3,434.34,1,2.995732273553991,1.3862943611198906,6.076127334986691
14461,57,3,2103.06,1,4.060443010546419,1.3862943611198906,7.651624090561262
14462,29,9,1510.65,0,3.4011973816621555,2.302585092994046,7.320957048462024
14463,7,3,529.62,1,2.0794415416798357,1.3862943611198906,6.2740461341708045
14465,155,3,1038.44,1,5.049856007249537,1.3862943611198906,6.946437385574481
14466,24,5,1580.45,0,3.2188758248682006,1.791759469228055,7.366097426691068
14467,221,1,131.7,0,5.402677381872279,0.6931471805599453,4.888090941338162
14470,196,1,297.64,0,5.2832037287379885,0.6931471805599453,5.699238834606328
14472,12,8,1852.67,1,2.5649493574615367,2.1972245773362196,7.524922736755564
14473,191,1,85.0,0,5.2574953720277815,0.6931471805599453,4.454347296253507
14475,95,2,622.17,0,4.564348191467836,1.0986122886681096,6.434819354758556
14476,166,1,193.0,1,5.117993812416755,0.6931471805599453,5.267858159063328
14477,93,2,523.0,0,4.543294782270004,1.0986122886681096,6.261491684321042
14479,162,2,316.25,1,5.093750200806762,1.0986122886681096,5.759690106594497
14481,73,2,636.51,1,4.304065093204169,1.0986122886681096,6.457569963184063
14482,8,2,465.95000000000005,0,2.1972245773362196,1.0986122886681096,6.146222185555727
14483,190,1,137.1,1,5.25227342804663,0.6931471805599453,4.9279780604152466
14487,277,1,125.10000000000001,0,5.627621113690637,0.6931471805599453,4.837075242970874
14489,116,1,463.38,1,4.762173934797756,0.6931471805599453,6.14070318257422
14491,84,2,340.93,1,4.442651256490317,1.0986122886681096,5.834606037750557
14493,64,1,611.22,0,4.174387269895637,0.6931471805599453,6.417091695040088
14495,30,1,40.599999999999994,0,3.4339872044851463,0.6931471805599453,3.9102282978770786
14496,220,2,538.8100000000001,1,5.3981627015177525,1.0986122886681096,6.2912172257920815
14497,218,1,475.37,1,5.389071729816501,0.6931471805599453,6.166194863206115
14498,25,4,1281.79,0,3.258096538021482,1.6094379124341003,7.156792672341156
14499,42,2,367.81,0,3.7612001156935624,1.0986122886681096,5.910281606282297
14500,21,2,335.85,0,3.091042453358316,1.0986122886681096,5.819637727406669
14501,92,2,251.21,1,4.532599493153256,1.0986122886681096,5.530262073815315
14502,58,7,1163.22,0,4.07753744390572,2.0794415416798357,7.05980661386891
14503,87,1,597.07,0,4.477336814478207,0.6931471805599453,6.3937078039562
14504,152,3,542.71,0,5.030437921392435,1.3862943611198906,6.298416016478597
14505,18,6,4222.74,0,2.9444389791664403,1.9459101490553132,8.34847627046133
14506,71,3,818.96,0,4.276666119016055,1.3862943611198906,6.709255558580687
14507,10,4,924.6899999999999,0,2.3978952727983707,1.6094379124341003,6.830539405378974
14511,1,2,329.89,0,0.6931471805599453,1.0986122886681096,5.801785993860459
14512,96,2,275.28,1,4.574710978503383,1.0986122886681096,5.621414844220772
14513,9,3,455.59000000000003,1,2.302585092994046,1.3862943611198906,6.1237858328484185
14514,110,2,403.11,0,4.709530201312334,1.0986122886681096,6.001687118128156
14515,100,2,765.65,0,4.61512051684126,1.0986122886681096,6.642030373882398
14517,50,1,252.45,0,3.9318256327243257,0.6931471805599453,5.535166564918359
14520,199,1,165.0,0,5.298317366548036,0.6931471805599453,5.111987788356544
14522,1,2,760.6999999999999,0,0.6931471805599453,1.0986122886681096,6.635552777378742
14523,17,1,241.09,1,2.8903717578961645,0.6931471805599453,5.489309557845162
14524,87,5,1028.87,0,4.477336814478207,1.791759469228055,6.937187859665842
14525,9,7,2820.29,0,2.302585092994046,2.0794415416798357,7.944949506143776
14527,7,40,5281.42,0,2.0794415416798357,3.1780538303479458,8.572139605031001
14529,19,1,135.24,0,2.995732273553991,0.6931471805599453,4.914418036354433
14530,2,5,2482.32,0,1.0986122886681096,1.791759469228055,7.8173516535635645
14532,145,4,932.85,1,4.983606621708336,1.6094379124341003,6.839315825759616
14533,21,2,734.98,0,3.091042453358316,1.0986122886681096,6.601202944446615
14534,4,14,3031.39,0,1.6094379124341003,2.70805020110221,8.017106366458732
14535,36,2,1652.81,0,3.6109179126442243,1.0986122886681096,7.410836995950158
14536,168,1,170.95,1,5.1298987149230735,0.6931471805599453,5.147203736878275
14538,165,1,106.5,0,5.111987788356544,0.6931471805599453,4.677490847567718
14540,218,1,195.9,0,5.389071729816501,0.6931471805599453,5.28269598564508
14541,77,7,1307.3500000000001,0,4.356708826689592,2.0794415416798357,7.176522080320764
14542,94,1,103.25,1,4.553876891600541,0.6931471805599453,4.646791860678911
14543,17,13,3234.5,0,2.8903717578961645,2.639057329615259,8.08193875449732
14544,270,1,1101.77,0,5.602118820879701,0.6931471805599453,7.005580475297575
14546,110,2,874.88,0,4.709530201312334,1.0986122886681096,6.775229095251541
14548,59,2,652.8,1,4.0943445622221,1.0986122886681096,6.48280149429011
14549,220,1,289.24,1,5.3981627015177525,0.6931471805599453,5.670708166926772
14551,113,1,125.43,0,4.736198448394496,0.6931471805599453,4.839688795323807
14552,60,1,164.22,1,4.110873864173311,0.6931471805599453,5.10727791913436
14553,127,2,312.32,0,4.852030263919617,1.0986122886681096,5.7472250324990375
14555,211,1,186.34,0,5.356586274672012,0.6931471805599453,5.232925147780985
14560,3,15,1565.2,0,1.3862943611198906,2.772588722239781,7.356407582316837
14561,71,2,566.99,0,4.276666119016055,1.0986122886681096,6.3421038129323675
14562,1,7,2309.38,0,0.6931471805599453,2.0794415416798357,7.745167292151344
14565,4,4,3099.12,1,1.6094379124341003,1.6094379124341003,8.039196099401456
14566,19,1,1432.0,1,2.995732273553991,0.6931471805599453,7.267525427828172
14567,39,1,800.76,0,3.6888794541139363,0.6931471805599453,6.686809311211414
14570,189,2,218.06,1,5.247024072160486,1.0986122886681096,5.3893456648956
14572,19,5,2063.2400000000002,0,2.995732273553991,1.791759469228055,7.632517398911334
14573,88,9,1639.82,1,4.48863636973214,2.302585092994046,7.402951395859895
14576,281,1,35.400000000000006,1,5.641907070938114,0.6931471805599453,3.9102282978770786
14577,72,3,646.64,0,4.290459441148391,1.3862943611198906,6.473334986418552
14583,53,4,741.72,0,3.9889840465642745,1.6094379124341003,6.6103191230860725
14584,78,4,1033.06,1,4.3694478524670215,1.6094379124341003,6.941248080464172
14586,185,1,237.36,1,5.225746673713202,0.6931471805599453,5.473782135878778
14587,93,8,1452.68,0,4.543294782270004,2.1972245773362196,7.281853551340801
14589,280,1,39.75,1,5.638354669333745,0.6931471805599453,3.9102282978770786
14591,122,1,204.02,0,4.812184355372417,0.6931471805599453,5.3231075353552555
14593,107,2,339.59,0,4.68213122712422,1.0986122886681096,5.830679407844552
14594,282,1,255.0,0,5.641907070938114,0.6931471805599453,5.545177444479562
14595,222,1,163.8,0,5.407171771460119,0.6931471805599453,5.1047326174753715
14597,100,1,165.1,0,4.61512051684126,0.6931471805599453,5.112590016619249
14600,214,1,393.33000000000004,1,5.3706380281276624,0.6931471805599453,5.977188122189173
14603,183,1,660.0,1,5.214935757608986,0.6931471805599453,6.493753839851687
14606,2,71,9508.91,0,1.0986122886681096,3.1780538303479458,9.160089691772257
14607,170,1,495.0,0,5.14166355650266,0.6931471805599453,6.206575926724928
14608,271,1,204.0,0,5.605802066295998,0.6931471805599453,5.3230099791384085
14609,52,3,486.36,0,3.970291913552122,1.3862943611198906,6.189003069706797
14616,151,3,406.08000000000004,1,5.0238805208462765,1.3862943611198906,6.009009726323731
14618,246,1,211.8,0,5.5093883366279774,0.6931471805599453,5.360352757467489
14619,154,1,394.44,1,5.043425116919247,0.6931471805599453,5.979999068998704
14620,114,2,412.78000000000003,1,4.74493212836325,1.0986122886681096,6.0253344316155975
14621,65,3,1002.91,0,4.189654742026425,1.3862943611198906,6.911657654799378
14622,93,1,320.58000000000004,1,4.543294782270004,0.6931471805599453,5.773246346316266
14623,25,3,606.16,0,3.258096538021482,1.3862943611198906,6.408792347758658
14625,105,2,899.63,1,4.663439094112067,1.0986122886681096,6.803094518438584
14626,31,2,1571.29,0,3.4657359027997265,1.0986122886681096,7.360288434346611
14628,0,2,671.96,1,0.0,1.0986122886681096,6.511685892514335
14631,144,2,630.08,0,4.976733742420574,1.0986122886681096,6.447432637389253
14632,171,1,114.56,1,5.147494476813453,0.6931471805599453,4.749789875598035
14633,175,1,344.90000000000003,1,5.170483995038151,0.6931471805599453,5.846149715943123
14636,177,1,300.19,0,5.181783550292085,0.6931471805599453,5.70774129484338
14639,29,4,1989.23,0,3.4011973816621555,1.6094379124341003,7.596005488929376
14640,36,4,1483.3600000000001,0,3.6109179126442243,1.6094379124341003,7.30273898190879
14643,79,2,693.8100000000001,1,4.382026634673881,1.0986122886681096,6.54363842689435
14644,207,1,187.50000000000003,0,5.337538079701318,0.6931471805599453,5.2390980068880655
14645,65,2,597.09,1,4.189654742026425,1.0986122886681096,6.393741244298632
14646,1,42,178302.62,0,0.6931471805599453,3.1780538303479458,9.584183313001468
14647,110,1,236.04000000000002,1,4.709530201312334,0.6931471805599453,5.4682289032653095
14649,121,2,582.12,0,4.804021044733257,1.0986122886681096,6.368392997073958
14651,120,1,415.47,0,4.795790545596741,0.6931471805599453,6.031814430201173
14653,247,1,344.81,0,5.5134287461649825,0.6931471805599453,5.845889491281031
14655,131,1,810.56,0,4.882801922586371,0.6931471805599453,6.698958321374849
14656,78,2,291.05,1,4.3694478524670215,1.0986122886681096,5.676925020486318
14657,64,3,638.94,0,4.174387269895637,1.3862943611198906,6.4613744219589115
14658,26,1,123.14,0,3.295836866004329,0.6931471805599453,4.821409960985506
14659,54,6,1641.55,0,4.007333185232471,1.9459101490553132,7.40400519129574
14660,9,1,128.95,0,2.302585092994046,0.6931471805599453,4.867149761087499
14662,143,3,512.28,0,4.969813299576001,1.3862943611198906,6.240821505238095
14665,205,3,731.66,0,5.327876168789581,1.3862943611198906,6.596681747072985
14667,3,18,6011.46,0,1.3862943611198906,2.9444389791664403,8.701589261585234
14669,150,3,1259.24,1,5.017279836814924,1.3862943611198906,7.139057457997714
14670,189,2,392.86,1,5.247024072160486,1.0986122886681096,5.97599551620405
14672,143,2,765.55,1,4.969813299576001,1.0986122886681096,6.641899927756463
14673,276,1,373.49,0,5.6240175061873385,0.6931471805599453,5.925565100331069
14676,56,4,1690.92,0,4.04305126783455,1.6094379124341003,7.433619257724494
14680,4,14,25422.56,0,1.6094379124341003,2.70805020110221,9.584183313001468
14681,120,1,393.95,0,4.795790545596741,0.6931471805599453,5.978759174610428
14682,96,2,52.0,1,4.574710978503383,1.0986122886681096,3.970291913552122
14684,124,2,493.44,0,4.8283137373023015,1.0986122886681096,6.203425809019622
14687,15,1,628.38,1,2.772588722239781,0.6931471805599453,6.444735207830545
14688,1,16,4186.45,0,0.6931471805599453,2.833213344056216,8.339847235763528
14689,117,1,112.8,1,4.770684624465665,0.6931471805599453,4.73444252169223
14690,60,1,212.56,0,4.110873864173311,0.6931471805599453,5.3639178236319855
14691,5,2,1274.68,0,1.791759469228055,1.0986122886681096,7.151234648754185
14692,46,4,591.55,1,3.8501476017100584,1.6094379124341003,6.384435257634458
14693,173,1,172.9,1,5.159055299214529,0.6931471805599453,5.158480421360237
14696,28,5,1458.54,0,3.367295829986474,1.791759469228055,7.285876596564726
14697,127,2,188.60999999999999,1,4.852030263919617,1.0986122886681096,5.2449693310461125
14699,123,1,109.13000000000001,1,4.820281565605037,0.6931471805599453,4.701661486176853
14700,98,2,1541.1,0,4.59511985013459,1.0986122886681096,7.3409004028636105
14701,81,7,1941.43,0,4.406719247264253,2.0794415416798357,7.571695045556453
14702,25,9,1651.25,0,3.258096538021482,2.302585092994046,7.409893274350562
14704,51,2,207.5,0,3.9512437185814275,1.0986122886681096,5.339939041238856
14705,107,1,179.0,1,4.68213122712422,0.6931471805599453,5.19295685089021
14708,63,2,701.1800000000001,0,4.1588830833596715,1.0986122886681096,6.55418978141473
14709,2,9,3952.7400000000002,0,1.0986122886681096,2.302585092994046,8.282417245372272
14711,0,9,2355.63,0,0.0,2.302585092994046,7.764987911402744
14712,21,1,115.72,0,3.091042453358316,0.6931471805599453,4.7597779042145305
14713,8,9,2029.61,0,2.1972245773362196,2.302585092994046,7.616091519507808
14715,3,3,594.75,0,1.3862943611198906,1.3862943611198906,6.389821115978852
14716,57,1,181.72,0,4.060443010546419,0.6931471805599453,5.207954926467646
14719,88,2,488.12,0,4.48863636973214,1.0986122886681096,6.192607858142525
14720,35,1,155.8,0,3.58351893845611,0.6931471805599453,5.054971107916307
14722,56,1,180.42000000000002,1,4.04305126783455,0.6931471805599453,5.2008147851867985
14723,267,3,455.65,0,5.5909869805108565,1.3862943611198906,6.123917233137688
14727,183,1,268.58,1,5.214935757608986,0.6931471805599453,5.596865192310124
14729,282,1,313.49,1,5.641907070938114,0.6931471805599453,5.750952279132591
14730,16,5,872.13,0,2.833213344056216,1.791759469228055,6.772084456551737
14731,114,2,251.01999999999998,0,4.74493212836325,1.0986122886681096,5.529508449441547
14732,52,5,1618.3,0,3.970291913552122,1.791759469228055,7.3897492360794255
14733,19,11,9044.2,0,2.995732273553991,2.4849066497880004,9.10998950924884
14735,8,23,3595.71,0,2.1972245773362196,3.1780538303479458,8.187774817704263
14737,37,2,1081.75,0,3.6375861597263857,1.0986122886681096,6.987259380094736
14738,42,5,757.6500000000001,0,3.7612001156935624,1.791759469228055,6.63154053797125
14739,3,4,2247.58,0,1.3862943611198906,1.6094379124341003,7.718054184852907
14740,106,3,1448.21,1,4.672828834461906,1.3862943611198906,7.278773859355933
14741,22,4,864.96,0,3.1354942159291497,1.6094379124341003,6.76383871811923
14744,206,5,928.03,0,5.332718793265369,1.791759469228055,6.834141031080382
14745,21,5,1220.26,1,3.091042453358316,1.791759469228055,7.107638391655096
14747,158,1,328.2,1,5.0689042022202315,0.6931471805599453,5.796665468802915
14748,32,4,1118.77,0,3.4965075614664802,1.6094379124341003,7.020878586057618
14754,204,1,228.26999999999998,0,5.3230099791384085,0.6931471805599453,5.434900348334571
14755,21,7,2867.6800000000003,0,3.091042453358316,2.0794415416798357,7.961607272639689
14758,53,4,1484.06,1,3.9889840465642745,1.6094379124341003,7.303210454460983
14759,21,2,870.85,0,3.091042453358316,1.0986122886681096,6.770617390763503
14760,206,1,89.2,1,5.332718793265369,0.6931471805599453,4.502029427068578
14761,243,1,97.5,0,5.497168225293202,0.6931471805599453,4.590056548178043
14762,172,1,300.52,1,5.153291594497779,0.6931471805599453,5.70883634895888
14765,21,2,95.5,0,3.091042453358316,1.0986122886681096,4.56954300834494
14766,77,4,1531.32,0,4.356708826689592,1.6094379124341003,7.334538205773309
14768,36,1,133.20000000000002,0,3.6109179126442243,0.6931471805599453,4.8993312245375815
14769,17,6,6284.84,0,2.8903717578961645,1.9459101490553132,8.746054763645088
14770,141,2,876.42,1,4.955827057601261,1.0986122886681096,6.7769857830927895
14772,21,1,139.26,1,3.091042453358316,0.6931471805599453,4.943497843108764
14775,46,2,701.46,0,3.8501476017100584,1.0986122886681096,6.554588460085006
14776,14,8,1862.22,0,2.70805020110221,2.1972245773362196,7.530061452733215
14778,36,2,730.86,1,3.6109179126442243,1.0986122886681096,6.595589238838791
14779,189,3,386.15,1,5.247024072160486,1.3862943611198906,5.958812214832733
14782,228,1,200.10000000000002,1,5.43372200355424,0.6931471805599453,5.303802296778606
14784,232,1,114.68,0,5.4510384535657,0.6931471805599453,4.750827758410455
14790,28,2,364.04,0,3.367295829986474,1.0986122886681096,5.900006936619147
14794,112,4,679.54,0,4.727387818712341,1.6094379124341003,6.5228866006726225
14795,75,1,131.45000000000002,1,4.330733340286331,0.6931471805599453,4.886205215718078
14796,3,14,6581.18,0,1.3862943611198906,2.70805020110221,8.792121276440202
14798,53,2,97.4,0,3.9889840465642745,1.0986122886681096,4.589040804058207
14800,18,9,3832.49,0,2.9444389791664403,2.302585092994046,8.25153089441331
14803,71,3,845.55,1,4.276666119016055,1.3862943611198906,6.741169266574241
14805,222,1,109.25,0,5.407171771460119,0.6931471805599453,4.702750514326955
14808,53,6,1833.82,0,3.9889840465642745,1.9459101490553132,7.514701663034221
14810,12,10,1866.78,0,2.5649493574615367,2.3978952727983707,7.532505838833729
14813,278,2,152.88,1,5.631211781821365,1.0986122886681096,5.0361730778840945
14816,106,1,271.85,1,4.672828834461906,0.6931471805599453,5.608922193632241
14817,109,2,1110.34,1,4.700480365792417,1.0986122886681096,7.0133217734248765
14818,78,2,409.63,0,4.3694478524670215,1.0986122886681096,6.017692565724863
14819,101,1,84.72,0,4.624972813284271,0.6931471805599453,4.451086170605376
14820,82,1,139.77,0,4.418840607796598,0.6931471805599453,4.947127352839874
14821,275,1,48.800000000000004,1,5.62040086571715,0.6931471805599453,3.9102282978770786
14823,89,3,321.43,1,4.499809670330265,1.3862943611198906,5.775886058412575
14824,0,1,441.91,0,0.0,0.6931471805599453,6.093366589134412
14825,36,7,1333.47,0,3.6109179126442243,2.0794415416798357,7.196289488262181
14828,105,3,2139.76,1,4.663439094112067,1.3862943611198906,7.668916185155464
14829,93,3,531.63,0,4.543294782270004,1.3862943611198906,6.277826999243745
14834,29,2,429.3,0,3.4011973816621555,1.0986122886681096,6.064482639844554
14837,14,3,1345.56,0,2.70805020110221,1.3862943611198906,7.205308471229181
14840,176,1,62.85,1,5.176149732573829,0.6931471805599453,4.156536582478548
14841,88,4,2375.57,0,4.48863636973214,1.6094379124341003,7.773413550701274
14842,4,3,1901.52,0,1.6094379124341003,1.3862943611198906,7.550934602164159
14844,32,3,2257.6800000000003,0,3.4965075614664802,1.3862943611198906,7.7225358508340785
14847,57,1,309.4,1,4.060443010546419,0.6931471805599453,5.737861788309064
14849,4,17,5784.53,0,1.6094379124341003,2.8903717578961645,8.663115251680184
14850,220,1,325.75,1,5.3981627015177525,0.6931471805599453,5.789195352504331
14851,165,1,206.13,0,5.111987788356544,0.6931471805599453,5.333346615467431
14852,5,5,2188.42,0,1.791759469228055,1.791759469228055,7.691391947551543
14853,120,1,214.5,0,4.795790545596741,0.6931471805599453,5.372960909543803
14854,42,6,2281.83,0,3.7612001156935624,1.9459101490553132,7.733171180331939
14855,28,2,645.65,1,3.367295829986474,1.0986122886681096,6.471805189861254
14857,57,1,522.52,0,4.060443010546419,0.6931471805599453,6.260575233974327
14859,113,1,296.86,0,4.736198448394496,0.6931471805599453,5.696623577457721
14862,57,1,304.09999999999997,0,4.060443010546419,0.6931471805599453,5.720639591722624
14865,281,1,37.2,0,5.641907070938114,0.6931471805599453,3.9102282978770786
14866,14,4,1163.9,0,2.70805020110221,1.6094379124341003,7.060390525405731
14867,94,3,710.28,1,4.553876891600541,1.3862943611198906,6.567066163812884
14868,29,4,1297.07,0,3.4011973816621555,1.6094379124341003,7.168633824931638
14869,12,1,387.06,0,2.5649493574615367,0.6931471805599453,5.961159966843127
14870,170,1,327.25,1,5.14166355650266,0.6931471805599453,5.793775513182905
14871,87,3,335.3,0,4.477336814478207,1.3862943611198906,5.818003618746224
14873,119,1,519.68,1,4.787491742782046,0.6931471805599453,6.25513564959826
14875,16,2,1465.3200000000002,1,2.833213344056216,1.0986122886681096,7.290511139663592
14878,82,6,1083.02,0,4.418840607796598,1.9459101490553132,6.98843163201389
14880,94,2,347.67,0,4.553876891600541,1.0986122886681096,5.8541259161405055
14883,72,2,358.48,0,4.290459441148391,1.0986122886681096,5.884658542790173
14885,40,1,765.3199999999999,1,3.713572066704308,0.6931471805599453,6.6415998370746365
14886,161,1,364.8,1,5.087596335232384,0.6931471805599453,5.9020867359567655
14888,116,1,369.2,1,4.762173934797756,0.6931471805599453,5.914043400139397
14889,245,1,135.9,1,5.5053315359323625,0.6931471805599453,4.919250732294404
14890,162,1,125.65,1,5.093750200806762,0.6931471805599453,4.841427376447684
14891,57,2,554.38,1,4.060443010546419,1.0986122886681096,6.319652564141498
14895,0,13,7974.79,0,0.0,2.639057329615259,8.984165982308099
14896,113,2,468.77000000000004,1,4.736198448394496,1.0986122886681096,6.152243213225462
14897,205,1,175.5,0,5.327876168789581,0.6931471805599453,5.173320876373351
14898,43,5,991.18,0,3.784189633918261,1.791759469228055,6.899904542437423
14901,10,5,822.12,0,2.3978952727983707,1.791759469228055,6.713101998067555
14903,33,4,2398.62,0,3.5263605246161616,1.6094379124341003,7.783065670466658
14905,66,2,616.15,1,4.204692619390966,1.0986122886681096,6.425112106189937
14907,8,5,2608.18,0,2.1972245773362196,1.791759469228055,7.866791274707833
14911,2,112,81903.79,0,1.0986122886681096,3.1780538303479458,9.584183313001468
14912,155,1,482.78999999999996,0,5.049856007249537,0.6931471805599453,6.181650928264084
14913,92,3,917.15,0,4.532599493153256,1.3862943611198906,6.822360775965189
14915,0,2,307.48,1,0.0,1.0986122886681096,5.731657011422181
14916,2,3,967.76,0,1.0986122886681096,1.3862943611198906,6.876016903194924
14918,24,2,1610.15,1,3.2188758248682006,1.0986122886681096,7.384703488712166
14920,121,2,977.77,1,4.804021044733257,1.0986122886681096,6.886296681323568
14921,110,1,903.01,0,4.709530201312334,0.6931471805599453,6.806840422277896
14924,154,1,310.05,1,5.043425116919247,0.6931471805599453,5.739953670961029
14930,17,3,2362.96,1,2.8903717578961645,1.3862943611198906,7.768093457909063
14931,115,2,586.0,0,4.7535901911063645,1.0986122886681096,6.375024819828097
14932,274,1,363.53,1,5.616771097666572,0.6931471805599453,5.89860885258863
14934,191,1,828.84,0,5.2574953720277815,0.6931471805599453,6.721232911123573
14935,206,1,1784.71,1,5.332718793265369,0.6931471805599453,7.487571374232199
14936,17,3,5072.88,0,2.8903717578961645,1.3862943611198906,8.53186108989927
14937,39,1,759.56,0,3.6888794541139363,0.6931471805599453,6.634055004050775
14944,3,7,3164.19,0,1.3862943611198906,2.0794415416798357,8.059968364372029
14947,39,1,178.5,0,3.6888794541139363,0.6931471805599453,5.190175207928333
14948,7,4,639.23,0,2.0794415416798357,1.6094379124341003,6.4618274867939896
14952,115,7,3534.61,0,4.7535901911063645,2.0794415416798357,8.170641123557044
14957,162,1,58.49,1,5.093750200806762,0.6931471805599453,4.085808231199814
14958,56,3,483.72999999999996,1,4.04305126783455,1.3862943611198906,6.183592034891002
14959,18,3,537.32,0,2.9444389791664403,1.3862943611198906,6.288453178880062
14960,80,1,88.3,0,4.394449154672439,0.6931471805599453,4.492001487882454
14961,0,7,4917.93,0,0.0,2.0794415416798357,8.500846306159424
14962,179,1,126.7,1,5.19295685089021,0.6931471805599453,4.8496837630384935
14963,92,1,294.2,0,4.532599493153256,0.6931471805599453,5.687653092726317
14964,156,1,206.21,1,5.056245805348308,0.6931471805599453,5.333732771768991
14965,5,2,596.09,1,1.791759469228055,1.0986122886681096,6.3920678557992385
14970,46,3,1119.75,0,3.8501476017100584,1.3862943611198906,7.0217533830355485
14972,37,1,114.77,1,3.6375861597263857,0.6931471805599453,4.751605464217637
14973,16,3,1314.45,1,2.833213344056216,1.3862943611198906,7.181934091396172
14976,10,4,559.96,0,2.3978952727983707,1.6094379124341003,6.32964960173287
14978,144,4,1527.23,0,4.976733742420574,1.6094379124341003,7.331865481959141
14981,155,1,102.12,1,5.049856007249537,0.6931471805599453,4.635893358630932
14984,89,1,102.23,0,4.499809670330265,0.6931471805599453,4.636959508477498
14985,107,2,292.01,1,4.68213122712422,1.0986122886681096,5.680206738127495
14987,274,1,163.2,0,5.616771097666572,0.6931471805599453,5.101085197018328
14988,120,1,334.54,1,4.795790545596741,0.6931471805599453,5.8157411743422545
14995,189,1,119.31,0,5.247024072160486,0.6931471805599453,4.7900717450454335
14997,87,1,155.28,0,4.477336814478207,0.6931471805599453,5.05164927018687
14998,79,2,414.87,1,4.382026634673881,1.0986122886681096,6.030372711422963
15002,24,4,1641.76,1,3.2188758248682006,1.6094379124341003,7.404133033112973
15004,56,1,1220.77,1,4.04305126783455,0.6931471805599453,7.108055905977399
15005,4,20,4507.55,0,1.6094379124341003,3.044522437723423,8.41373087304149
15007,68,1,156.91,1,4.23410650459726,0.6931471805599453,5.062025250478552
15012,282,1,188.56,0,5.641907070938114,0.6931471805599453,5.244705597099387
15014,85,1,117.72999999999999,0,4.454347296253507,0.6931471805599453,4.776852007677701
15016,81,1,170.04,1,4.406719247264253,0.6931471805599453,5.141897447276735
15018,161,2,291.34000000000003,0,5.087596335232384,1.0986122886681096,5.677917508461147
15019,175,1,252.81,1,5.170483995038151,0.6931471805599453,5.536585955607315
15021,65,5,1080.23,0,4.189654742026425,1.791759469228055,6.985854560965189
15023,25,8,5027.97,0,3.258096538021482,2.1972245773362196,8.522970470753496
15024,22,5,830.62,0,3.1354942159291497,1.791759469228055,6.723375605718711
15026,149,2,230.78,0,5.0106352940962555,1.0986122886681096,5.445788645906245
15027,77,3,966.9699999999999,0,4.356708826689592,1.3862943611198906,6.875201095060786
15028,277,1,185.97,0,5.627621113690637,0.6931471805599453,5.230948176177183
15030,177,1,152.76,0,5.181783550292085,0.6931471805599453,5.035392945221982
15031,19,2,261.79,0,2.995732273553991,1.0986122886681096,5.571355234136089
15032,165,3,4959.1,1,5.111987788356544,1.3862943611198906,8.50918118080606
15033,18,6,1608.95,0,2.9444389791664403,1.9459101490553132,7.383958401595643
15034,141,5,2640.38,0,4.955827057601261,1.791759469228055,7.87905678683878
15036,86,2,212.49,0,4.465908118654584,1.0986122886681096,5.363589993164233
15038,96,4,497.7,0,4.574710978503383,1.6094379124341003,6.212004712552077
15039,0,38,18384.65,0,0.0,3.1780538303479458,9.584183313001468
15041,79,1,179.93,1,4.382026634673881,0.6931471805599453,5.198110216131005
15042,108,1,135.93,1,4.6913478822291435,0.6931471805599453,4.919469846344143
15044,45,13,5152.68,0,3.828641396489095,2.639057329615259,8.547466301585915
15045,60,2,735.66,1,4.110873864173311,1.0986122886681096,6.602126456028984
15046,5,11,3943.68,0,1.791759469228055,2.4849066497880004,8.28012311465408
15047,178,1,343.62,1,5.187385805840755,0.6931471805599453,5.842442360714953
15048,25,3,321.48,0,3.258096538021482,1.3862943611198906,5.7760411188089105
15049,182,1,121.17000000000002,1,5.209486152841421,0.6931471805599453,4.8054135174159684
15051,59,1,377.74,0,4.0943445622221,0.6931471805599453,5.936849953834759
15052,228,1,207.73000000000002,1,5.43372200355424,0.6931471805599453,5.341041550757815
15053,65,2,478.6,0,4.189654742026425,1.0986122886681096,6.172952423153359
15057,184,2,1489.5,1,5.220355825078325,1.0986122886681096,7.306866913118126
15058,33,7,1234.76,0,3.5263605246161616,2.0794415416798357,7.119441444405996
15059,16,7,1008.6,0,2.833213344056216,2.0794415416798357,6.917309491786948
15061,36,37,36575.0,0,3.6109179126442243,3.1780538303479458,9.584183313001468
15062,126,3,814.04,0,4.844187086458591,1.3862943611198906,6.703237191791092
15063,122,1,370.79999999999995,1,4.812184355372417,0.6931471805599453,5.918356075287344
15065,73,3,2858.75,0,4.304065093204169,1.3862943611198906,7.9584894874057825
15067,191,1,848.05,0,5.2574953720277815,0.6931471805599453,6.74411807739231
15068,165,1,239.95999999999998,0,5.111987788356544,0.6931471805599453,5.484630944611529
15069,88,1,1109.53,1,4.48863636973214,0.6931471805599453,7.012592657827759
15070,281,1,106.2,1,5.641907070938114,0.6931471805599453,4.674696248636701
15071,2,2,982.07,1,1.0986122886681096,1.0986122886681096,6.890680328191671
15073,94,2,861.96,0,4.553876891600541,1.0986122886681096,6.760368340067173
15074,14,1,735.67,1,2.70805020110221,0.6931471805599453,6.60214003072033
15076,81,1,880.85,1,4.406719247264253,0.6931471805599453,6.782021973516374
15078,14,22,6702.59,0,2.70805020110221,3.1354942159291497,8.810398482773822
15079,121,4,895.61,1,4.804021044733257,1.6094379124341003,6.798620984904737
15081,117,2,248.05,0,4.770684624465665,1.0986122886681096,5.5176536795192925
15083,165,1,88.2,1,5.111987788356544,0.6931471805599453,4.490881039585964
15087,190,1,306.94,1,5.25227342804663,0.6931471805599453,5.7299049588017725
15089,3,3,2036.28,0,1.3862943611198906,1.3862943611198906,7.619370863825125
15090,217,1,381.32,1,5.384495062789089,0.6931471805599453,5.946257954269903
15092,124,2,457.81,1,4.8283137373023015,1.0986122886681096,6.1286361810072245
15093,25,5,4027.1,0,3.258096538021482,1.791759469228055,8.301050079746773
15095,12,4,1370.6,1,2.5649493574615367,1.6094379124341003,7.223733220588765
15098,91,3,39916.5,1,4.5217885770490405,1.3862943611198906,9.584183313001468
15100,242,3,876.0,1,5.493061443340548,1.3862943611198906,6.776506992372183
15101,268,1,102.28,0,5.594711379601839,0.6931471805599453,4.637443746538387
15104,105,2,993.54,1,4.663439094112067,1.0986122886681096,6.902280318701867
15105,43,1,532.98,0,3.784189633918261,0.6931471805599453,6.280358385075286
15106,50,3,1032.83,0,3.9318256327243257,1.3862943611198906,6.941025631493532
15107,220,6,319.5,1,5.3981627015177525,1.9459101490553132,5.7698822763607245
15108,50,4,1300.25,1,3.9318256327243257,1.6094379124341003,7.171080619929179
15109,154,1,484.95,1,5.043425116919247,0.6931471805599453,6.18610573794948
15110,35,2,376.55,0,3.58351893845611,1.0986122886681096,5.933703010249435
15111,281,1,288.5,0,5.641907070938114,0.6931471805599453,5.66815529701305
15114,2,7,1678.97,0,1.0986122886681096,2.0794415416798357,7.4265312150950065
15116,43,2,790.97,0,3.784189633918261,1.0986122886681096,6.674523512309127
15117,29,2,675.73,0,3.4011973816621555,1.0986122886681096,6.517272375046999
15118,43,1,244.8,1,3.784189633918261,0.6931471805599453,5.504518197131935
15119,154,1,266.4,1,5.043425116919247,0.6931471805599453,5.588745664667843
15120,42,1,358.82,1,3.7612001156935624,0.6931471805599453,5.885603906408473
15121,197,1,295.15,0,5.288267030694535,0.6931471805599453,5.690866082722974
15122,23,3,1633.78,1,3.1780538303479458,1.3862943611198906,7.399263517702882
15123,115,1,1069.47,0,4.7535901911063645,0.6931471805599453,6.9758530833493335
15124,100,1,90.75,0,4.61512051684126,0.6931471805599453,4.51906748693468
15125,22,12,10795.48,0,3.1354942159291497,2.5649493574615367,9.286975434060986
15128,35,3,1170.24,0,3.58351893845611,1.3862943611198906,7.065818295629311
15129,15,10,2796.73,0,2.772588722239781,2.3978952727983707,7.936563653071031
15130,78,1,330.11,1,4.3694478524670215,0.6931471805599453,5.802450646452902
15132,14,3,842.23,0,2.70805020110221,1.3862943611198906,6.737239755901817
15133,36,3,982.42,1,3.6109179126442243,1.3862943611198906,6.891036292375263
15134,36,4,614.86,0,3.6109179126442243,1.6094379124341003,6.423019664975887
15135,148,1,139.05,1,5.003946305945459,0.6931471805599453,4.941999501706118
15136,5,1,582.9,0,1.791759469228055,0.6931471805599453,6.369729735289492
15139,148,2,178.96,1,5.003946305945459,1.0986122886681096,5.192734603972972
15140,24,5,1728.11,0,3.2188758248682006,1.791759469228055,7.455362104249523
15143,134,1,259.45,1,4.90527477843843,0.6931471805599453,5.562410904191201
15144,1,10,3560.84,0,0.6931471805599453,2.3978952727983707,8.178032544255673
15145,136,2,724.03,0,4.919980925828125,1.0986122886681096,6.586213033308919
15146,73,2,1327.16,1,4.304065093204169,1.0986122886681096,7.1915498047067254
15147,149,1,623.5,1,5.0106352940962555,0.6931471805599453,6.436951329565632
15149,42,1,520.8000000000001,1,3.7612001156935624,0.6931471805599453,6.257284372702628
15150,18,5,3569.62,0,2.9444389791664403,1.791759469228055,8.180494529162676
15152,22,6,2383.21,0,3.1354942159291497,1.9459101490553132,7.776623111554109
15157,63,2,1505.37,0,4.1588830833596715,1.0986122886681096,7.317458062115427
15159,21,18,8969.97,0,3.091042453358316,2.9444389791664403,9.101749087444897
15160,266,1,158.16,1,5.58724865840025,0.6931471805599453,5.069909985558728
15163,101,1,155.0,0,4.624972813284271,0.6931471805599453,5.049856007249537
15164,117,2,363.23,0,4.770684624465665,1.0986122886681096,5.897785536223994
15165,282,1,487.75,1,5.641907070938114,0.6931471805599453,6.1918511112995755
15167,229,1,158.8,1,5.438079308923196,0.6931471805599453,5.073923033332174
15171,240,1,1289.5,1,5.484796933490655,0.6931471805599453,7.162785019158669
15172,44,3,886.74,0,3.8066624897703196,1.3862943611198906,6.788678907327199
15174,231,1,135.75,1,5.44673737166631,0.6931471805599453,4.91815444130209
15178,169,1,40.5,1,5.135798437050262,0.6931471805599453,3.9102282978770786
15179,142,3,1455.12,0,4.962844630259907,1.3862943611198906,7.283530642942907
15180,276,1,87.5,1,5.6240175061873385,0.6931471805599453,4.483002552013883
15181,84,2,434.99999999999994,0,4.442651256490317,1.0986122886681096,6.077642243349034
15182,63,2,622.85,1,4.1588830833596715,1.0986122886681096,6.43590995485703
15184,99,1,235.23000000000002,0,4.605170185988092,0.6931471805599453,5.464805906705667
15186,77,1,229.26,0,4.356708826689592,0.6931471805599453,5.439209105245518
15187,0,6,1883.88,0,0.0,1.9459101490553132,7.541619437378244
15189,0,33,12635.77,0,0.0,3.1780538303479458,9.444366097070773
15192,28,3,1044.32,1,3.367295829986474,1.3862943611198906,6.952078337618801
15194,35,11,4469.53,0,3.58351893845611,2.4849066497880004,8.405262248811619
15197,161,2,773.25,0,5.087596335232384,1.0986122886681096,6.651894818853312
15198,1,2,193.64,1,0.6931471805599453,1.0986122886681096,5.271151698475267
15199,3,3,967.75,0,1.3862943611198906,1.3862943611198906,6.876006580667557
15201,35,4,933.26,0,3.58351893845611,1.6094379124341003,6.839754772081388
15203,14,4,1328.32,0,2.70805020110221,1.6094379124341003,7.192422812273047
15204,266,1,316.58,1,5.58724865840025,0.6931471805599453,5.760729755097951
15205,36,1,476.29999999999995,0,3.6109179126442243,0.6931471805599453,6.168145224011851
15206,8,3,236.7,0,2.1972245773362196,1.3862943611198906,5.471009374366148
15208,72,2,323.52,0,4.290459441148391,1.0986122886681096,5.782347167526864
15210,134,1,331.18,1,4.90527477843843,0.6931471805599453,5.805676990670853
15211,274,1,383.07,0,5.616771097666572,0.6931471805599453,5.950824827641287
15212,150,1,101.8,1,5.017279836814924,0.6931471805599453,4.632785353021065
15213,227,2,328.35,1,5.429345628954441,1.0986122886681096,5.797121015086702
15214,92,2,651.63,0,4.532599493153256,1.0986122886681096,6.481010353068922
15215,5,1,300.04,0,1.791759469228055,0.6931471805599453,5.707243146285182
15218,25,8,3865.35,0,3.258096538021482,2.1972245773362196,8.260066188520916
15219,85,1,305.75,1,4.454347296253507,0.6931471805599453,5.7260330835910205
15220,24,5,1284.05,0,3.2188758248682006,1.791759469228055,7.158552907078162
15221,275,1,403.25,1,5.62040086571715,0.6931471805599453,6.002033498457216
15222,227,1,585.0,1,5.429345628954441,0.6931471805599453,6.373319789577012
15223,134,2,755.75,1,4.90527477843843,1.0986122886681096,6.629032947901828
15224,267,2,322.08,1,5.5909869805108565,1.0986122886681096,5.777899970574095
15225,143,1,409.40000000000003,1,4.969813299576001,0.6931471805599453,6.01713229385656
15226,219,1,154.41,1,5.393627546352361,0.6931471805599453,5.04606678592752
15227,124,3,876.8199999999999,0,4.8283137373023015,1.3862943611198906,6.777441561227888
15228,38,3,2224.03,0,3.6635616461296463,1.3862943611198906,7.707525677655512
15230,148,2,429.6,1,5.003946305945459,1.0986122886681096,6.065179584930263
15232,22,2,612.06,1,3.1354942159291497,1.0986122886681096,6.418462810428566
15234,185,1,197.0,1,5.225746673713202,0.6931471805599453,5.288267030694535
15235,126,12,2247.51,1,4.844187086458591,2.5649493574615367,7.718023053610256
15236,207,1,321.05,1,5.337538079701318,0.6931471805599453,5.7747068129929
15237,112,2,1093.65,0,4.727387818712341,1.0986122886681096,6.998189956453345
15238,4,2,772.78,0,1.6094379124341003,1.0986122886681096,6.65128759546043
15240,100,3,1045.38,0,4.61512051684126,1.3862943611198906,6.9530918673704285
15241,36,6,1344.86,0,3.6109179126442243,1.9459101490553132,7.204788492907989
15244,157,1,297.94,0,5.062595033026967,0.6931471805599453,5.700242884357668
15245,43,3,2515.84,1,3.784189633918261,1.3862943611198906,7.83075942537543
15246,147,2,514.15,1,4.997212273764115,1.0986122886681096,6.244458120391077
15247,31,1,356.0,1,3.4657359027997265,0.6931471805599453,5.877735781779639
15249,0,11,5639.34,0,0.0,2.4849066497880004,8.637699626363059
15251,0,8,9695.82,0,0.0,2.1972245773362196,9.17955327569027
15252,92,1,300.55,0,4.532599493153256,0.6931471805599453,5.708935839896996
15253,78,1,173.85,0,4.3694478524670215,0.6931471805599453,5.163928463509385
15254,36,1,300.36,1,3.6109179126442243,0.6931471805599453,5.708305563383786
15256,57,1,98.45,1,4.060443010546419,0.6931471805599453,4.599655005299981
15257,192,1,317.15,1,5.262690188904886,0.6931471805599453,5.762522969678801
15258,77,2,623.16,1,4.356708826689592,1.0986122886681096,6.4364067457583465
15260,9,7,1810.77,1,2.302585092994046,2.0794415416798357,7.502059546979103
15261,44,1,254.82,1,3.8066624897703196,0.6931471805599453,5.544474072171247
15262,232,1,178.95000000000002,1,5.4510384535657,0.6931471805599453,5.19267903452504
15263,15,1,156.51,1,2.772588722239781,0.6931471805599453,5.059488948313644
15265,60,2,1506.1200000000001,1,4.110873864173311,1.0986122886681096,7.317955823857119
15266,247,1,119.3,1,5.5134287461649825,0.6931471805599453,4.789988622980633
15267,64,2,1407.76,0,4.174387269895637,1.0986122886681096,7.250465163820363
15270,26,5,1850.29,0,3.295836866004329,1.791759469228055,7.523637972370863
15271,3,10,1592.58,0,1.3862943611198906,2.3978952727983707,7.373738336550776
15279,263,1,290.51,1,5.575949103146316,0.6931471805599453,5.675074310519458
15280,81,1,113.12,1,4.406719247264253,0.6931471805599453,4.737250526345299
15281,45,8,2191.78,0,3.828641396489095,2.1972245773362196,7.692925424188134
15288,64,4,2006.3600000000001,0,4.174387269895637,1.6094379124341003,7.604575704908378
15289,46,2,697.98,0,3.8501476017100584,1.0986122886681096,6.54962212952118
15290,12,12,3392.5899999999997,0,2.5649493574615367,2.5649493574615367,8.129643637082832
15291,3,12,3685.02,0,1.3862943611198906,2.5649493574615367,8.212302564151022
15292,110,1,178.39,1,4.709530201312334,0.6931471805599453,5.189562206710999
15296,18,5,2599.49,0,2.9444389791664403,1.791759469228055,7.86345516779139
15298,1,7,3358.2200000000003,0,0.6931471805599453,2.0794415416798357,8.119464083150783
15299,73,5,3035.01,0,4.304065093204169,1.791759469228055,8.018299432317738
15301,22,9,3727.4,0,3.1354942159291497,2.302585092994046,8.223734466187002
15303,199,1,574.02,1,5.298317366548036,0.6931471805599453,6.354404822801145
15304,73,6,491.90000000000003,0,4.304065093204169,1.9459101490553132,6.200306313711332
15306,1,2,657.07,0,0.6931471805599453,1.0986122886681096,6.489311308645773
15307,4,1,205.3,1,1.6094379124341003,0.6931471805599453,5.329331420077207
15308,183,1,310.47,1,5.214935757608986,0.6931471805599453,5.741303025403381
15311,3,65,46020.75,0,1.3862943611198906,3.1780538303479458,9.584183313001468
15312,12,3,794.8,0,2.5649493574615367,1.3862943611198906,6.6793478979928285
15313,19,1,52.0,1,2.995732273553991,0.6931471805599453,3.970291913552122
15314,108,1,327.97,1,4.6913478822291435,0.6931471805599453,5.795966561197395
15315,25,1,233.54,0,3.258096538021482,0.6931471805599453,5.457626149032919
15316,235,1,165.0,1,5.4638318050256105,0.6931471805599453,5.111987788356544
15319,192,1,204.5,1,5.262690188904886,0.6931471805599453,5.32544603393629
15321,200,1,1159.47,0,5.303304908059076,0.6931471805599453,7.056580374454026
15325,12,1,161.74,1,2.5649493574615367,0.6931471805599453,5.092153835268511
15326,242,1,311.71,1,5.493061443340548,0.6931471805599453,5.74527624348556
15329,43,2,754.0,0,3.784189633918261,1.0986122886681096,6.626717749249025
15332,275,4,1661.06,1,5.62040086571715,1.6094379124341003,7.415813075846797
15333,117,1,1028.56,1,4.770684624465665,0.6931471805599453,6.936886805488385
15334,65,3,350.82,1,4.189654742026425,1.3862943611198906,5.863119681170759
15339,227,1,257.9,0,5.429345628954441,0.6931471805599453,5.556441886757492
15342,38,1,406.09,1,3.6635616461296463,0.6931471805599453,6.0090342912180414
15346,241,1,252.42000000000002,1,5.488937726156687,0.6931471805599453,5.5350481913707625
15347,275,1,201.60000000000002,1,5.62040086571715,0.6931471805599453,5.311233591814583
15349,67,2,463.90999999999997,1,4.219507705176107,1.0986122886681096,6.141843838467353
15350,282,1,115.65,1,5.641907070938114,0.6931471805599453,4.759177998467439
15351,278,1,274.67,0,5.631211781821365,0.6931471805599453,5.6192044981809035
15353,163,2,770.12,1,5.099866427824199,1.0986122886681096,6.647844003475713
15356,14,8,2231.17,0,2.70805020110221,2.1972245773362196,7.7107294854753565
15358,29,15,5639.81,0,3.4011973816621555,2.772588722239781,8.637782951201444
15361,270,1,418.92,1,5.602118820879701,0.6931471805599453,6.040064216944044
15363,281,1,326.0,1,5.641907070938114,0.6931471805599453,5.7899601708972535
15364,4,2,913.19,1,1.6094379124341003,1.0986122886681096,6.818038427312331
15365,5,2,961.28,0,1.791759469228055,1.0986122886681096,6.869305468606938
15366,267,1,105.54,0,5.5909869805108565,0.6931471805599453,4.668520501488853
15367,154,2,1416.18,0,5.043425116919247,1.0986122886681096,7.256424260557557
15370,50,4,1513.46,0,3.9318256327243257,1.6094379124341003,7.322814218761622
15372,46,1,2007.3999999999999,1,3.8501476017100584,0.6931471805599453,7.605093664160551
15373,24,9,1686.9,0,3.2188758248682006,2.302585092994046,7.431240431694882
15374,37,1,168.0,1,3.6375861597263857,0.6931471805599453,5.1298987149230735
15376,26,2,977.22,0,3.295836866004329,1.0986122886681096,6.885734593612868
15379,78,7,3703.29,1,4.3694478524670215,2.0794415416798357,8.217246886437776
15380,50,2,582.5600000000001,0,3.9318256327243257,1.0986122886681096,6.369147274203695
15381,122,2,596.85,1,4.812184355372417,1.0986122886681096,6.393339886365589
15382,93,4,2127.12,0,4.543294782270004,1.6094379124341003,7.662994239849067
15384,78,2,642.41,1,4.3694478524670215,1.0986122886681096,6.46678215711498
15386,95,1,394.14,1,4.564348191467836,0.6931471805599453,5.979240132485259
15388,179,1,140.54,1,5.19295685089021,0.6931471805599453,4.952582362647639
15389,81,1,500.0,1,4.406719247264253,0.6931471805599453,6.2166061010848646
15392,269,1,338.98,0,5.598421958998375,0.6931471805599453,5.828886792350624
15393,190,1,124.10000000000001,0,5.25227342804663,0.6931471805599453,4.829113417472866
15394,113,2,1436.44,0,4.736198448394496,1.0986122886681096,7.270619032669969
15395,234,1,107.45,1,5.459585514144159,0.6931471805599453,4.6862892372728835
15396,21,1,288.18,1,3.091042453358316,0.6931471805599453,5.66704933159998
15397,198,1,94.0,1,5.293304824724492,0.6931471805599453,4.553876891600541
15400,1,5,716.2,1,0.6931471805599453,1.791759469228055,6.575354741730978
15402,57,2,626.77,1,4.060443010546419,1.0986122886681096,6.4421738573469876
15405,98,1,349.1,1,4.59511985013459,0.6931471805599453,5.85821882796062
15406,210,1,252.29,0,5.351858133476067,0.6931471805599453,5.534535077349518
15407,92,3,740.73,0,4.532599493153256,1.3862943611198906,6.608985295544861
15408,173,1,267.18,1,5.159055299214529,0.6931471805599453,5.591658396851496
15410,8,7,3089.4100000000003,0,2.1972245773362196,2.0794415416798357,8.036059047173914
15411,33,2,382.21,0,3.5263605246161616,1.0986122886681096,5.948583141789613
15412,80,1,190.53,1,4.394449154672439,0.6931471805599453,5.25504445431457
15414,151,1,36.2,0,5.0238805208462765,0.6931471805599453,3.9102282978770786
15415,222,1,559.61,1,5.407171771460119,0.6931471805599453,6.329025476602274
15416,64,3,3144.33,0,4.174387269895637,1.3862943611198906,8.053674092087805
15421,124,3,739.36,0,4.8283137373023015,1.3862943611198906,6.607136554388516
15422,232,2,97.7,1,5.4510384535657,1.0986122886681096,4.592084946439436
15424,163,2,383.34,1,5.099866427824199,1.0986122886681096,5.951527577504281
15426,166,2,634.13,0,5.117993812416755,1.0986122886681096,6.453829702348958
15433,122,2,533.3,1,4.812184355372417,1.0986122886681096,6.2809574789637255
15434,16,3,587.28,0,2.833213344056216,1.3862943611198906,6.377203025032113
15436,143,1,484.1,0,4.969813299576001,0.6931471805599453,6.184355055251171
15437,171,1,200.16,1,5.147494476813453,0.6931471805599453,5.304100611303764
15438,40,1,156.57999999999998,1,3.713572066704308,0.6931471805599453,5.059933265817542
15440,45,2,237.66,0,3.828641396489095,1.0986122886681096,5.47503994494151
15442,157,1,594.0,1,5.062595033026967,0.6931471805599453,6.38856140554563
15443,18,2,684.8,0,2.9444389791664403,1.0986122886681096,6.53058604002882
15445,173,1,113.5,1,5.159055299214529,0.6931471805599453,4.740574822994295
15447,239,1,155.17,1,5.480638923341991,0.6931471805599453,5.050945157499754
15448,221,1,494.64,1,5.402677381872279,0.6931471805599453,6.2058498567482925
15449,94,2,647.7,0,4.553876891600541,1.0986122886681096,6.47497036021901
15452,173,1,237.0,0,5.159055299214529,0.6931471805599453,5.472270673671475
15453,1,4,701.2,0,0.6931471805599453,1.6094379124341003,6.554218263734332
15454,271,1,179.1,1,5.605802066295998,0.6931471805599453,5.19351225218191
15456,192,3,434.59000000000003,1,5.262690188904886,1.3862943611198906,6.076701433954154
15457,171,1,237.07,1,5.147494476813453,0.6931471805599453,5.472564748074418
15460,263,1,214.26,1,5.575949103146316,0.6931471805599453,5.371846599836152
15462,3,3,234.6,1,1.3862943611198906,1.3862943611198906,5.462135451777431
15464,247,1,1044.65,1,5.5134287461649825,0.6931471805599453,6.952393980600518
15465,47,15,5992.129999999999,0,3.8712010109078907,2.772588722239781,8.698369092196888
15467,54,2,402.56,0,4.007333185232471,1.0986122886681096,6.000325175540179
15469,29,1,304.3,0,3.4011973816621555,0.6931471805599453,5.721294899740832
15472,22,1,371.56,1,3.1354942159291497,0.6931471805599453,5.920398098674122
15480,25,1,905.5,1,3.258096538021482,0.6931471805599453,6.809591030194905
15482,74,4,1928.3,0,4.31748811353631,1.6094379124341003,7.564912521808927
15483,70,4,225.26,1,4.2626798770413155,1.6094379124341003,5.421684780498321
15485,245,2,1268.13,0,5.5053315359323625,1.0986122886681096,7.146086905335876
15488,1,1,91.32000000000001,1,0.6931471805599453,0.6931471805599453,4.52526080275979
15489,120,1,348.26,0,4.795790545596741,0.6931471805599453,5.855816630511699
15491,4,6,3100.09,1,1.6094379124341003,1.9459101490553132,8.039508941575132
15493,58,3,1286.95,0,4.07753744390572,1.3862943611198906,7.160807086035011
15494,30,1,1119.88,0,3.4339872044851463,0.6931471805599453,7.021869370062976
15497,228,1,970.6,0,5.43372200355424,0.6931471805599453,6.878944197128018
15498,29,19,9126.37,0,3.4011973816621555,2.995732273553991,9.119032870755124
15502,32,5,5955.53,0,3.4965075614664802,1.791759469228055,8.692243375741464
15503,271,1,141.04,1,5.605802066295998,0.6931471805599453,4.956108708074887
15505,22,3,2091.14,0,3.1354942159291497,1.3862943611198906,7.645942744551781
15506,47,1,208.77,0,3.8712010109078907,0.6931471805599453,5.346011692410698
15507,80,1,475.86,1,4.394449154672439,0.6931471805599453,6.167222946760261
15508,98,6,1000.27,1,4.59511985013459,1.9459101490553132,6.909024473214282
15510,239,1,250.0,1,5.480638923341991,0.6931471805599453,5.5254529391317835
15512,64,2,121.0,1,4.174387269895637,1.0986122886681096,4.804021044733257
15513,3,17,11352.14,0,1.3862943611198906,2.8903717578961645,9.337249636630824
15514,134,6,2501.94,0,4.90527477843843,1.9459101490553132,7.825221319909941
15517,142,1,267.03,1,4.962844630259907,0.6931471805599453,5.591098914544516
15518,33,7,1603.86,0,3.5263605246161616,2.0794415416798357,7.380791804345254
15521,3,7,2326.7799999999997,0,1.3862943611198906,2.0794415416798357,7.752670302667546
15525,282,1,274.93,0,5.641907070938114,0.6931471805599453,5.620147210360944
15527,53,5,1330.79,0,3.9889840465642745,1.791759469228055,7.1942791810134015
15528,163,1,229.33,1,5.099866427824199,0.6931471805599453,5.4395130632148145
15529,51,8,2387.23,0,3.9512437185814275,2.1972245773362196,7.778307784782382
15530,58,3,1163.69,0,4.07753744390572,1.3862943611198906,7.060210236169798
15532,40,3,1214.49,0,3.713572066704308,1.3862943611198906,7.102902566655285
15535,82,4,502.9,1,4.418840607796598,1.6094379124341003,6.222377835686553
15537,72,1,110.92,1,4.290459441148391,0.6931471805599453,4.717784330357226
15541,23,1,85.13000000000001,1,3.1780538303479458,0.6931471805599453,4.455857782801083
15543,197,1,127.86,1,5.288267030694535,0.6931471805599453,4.858726543710496
15544,28,7,2772.37,0,3.367295829986474,2.0794415416798357,7.927818466213592
15545,280,1,135.32999999999998,0,5.638354669333745,0.6931471805599453,4.915078417198038
15547,19,8,2745.16,0,2.995732273553991,2.1972245773362196,7.917958851200042
15549,66,2,1619.88,0,4.204692619390966,1.0986122886681096,7.390724490617896
15550,15,3,433.28,0,2.772588722239781,1.3862943611198906,6.0736894873636516
15552,126,1,90.12,1,4.844187086458591,0.6931471805599453,4.512177319138926
15554,186,1,217.2,1,5.231108616854587,0.6931471805599453,5.38541207339897
15555,12,10,2809.63,0,2.5649493574615367,2.3978952727983707,7.941163936487143
15561,58,3,449.66999999999996,0,4.07753744390572,1.3862943611198906,6.11073536435715
15562,260,1,134.55,1,5.564520407322694,0.6931471805599453,4.909340575944674
15563,109,2,735.62,0,4.700480365792417,1.0986122886681096,6.602072155420804
15569,12,5,1375.71,1,2.5649493574615367,1.791759469228055,7.227451873789157
15570,50,9,2809.98,0,3.9318256327243257,2.302585092994046,7.941288455975493
15572,18,4,1552.79,0,2.9444389791664403,1.6094379124341003,7.348452386660883
15574,86,4,675.64,1,4.465908118654584,1.6094379124341003,6.517139373724178
15577,60,3,258.88,1,4.110873864173311,1.3862943611198906,5.5602199860123305
15578,71,1,127.1,1,4.276666119016055,0.6931471805599453,4.852811208902689
15579,222,1,195.35,0,5.407171771460119,0.6931471805599453,5.279898781024019
15581,29,13,3675.77,1,3.4011973816621555,2.639057329615259,8.20978992835222
15582,9,2,541.51,0,2.302585092994046,1.0986122886681096,6.296206518424449
15584,71,1,150.4,0,4.276666119016055,0.6931471805599453,5.019925341003349
15585,85,1,455.3,1,4.454347296253507,0.6931471805599453,6.123150487933357
15587,51,2,456.84,0,3.9512437185814275,1.0986122886681096,6.126519778100847
15589,164,3,478.53000000000003,1,5.10594547390058,1.3862943611198906,6.172806457538428
15594,2,2,788.22,0,1.0986122886681096,1.0986122886681096,6.671045115945955
15596,9,5,1406.59,1,2.302585092994046,1.791759469228055,7.249634301131203
15599,113,1,448.83,0,4.736198448394496,0.6931471805599453,6.108869733610586
15601,31,11,5585.46,0,3.4657359027997265,2.4849066497880004,8.628101091843616
15602,109,5,542.95,0,4.700480365792417,1.791759469228055,6.298857330867092
15605,161,3,690.1800000000001,0,5.087596335232384,1.3862943611198906,6.53840028188603
15606,28,8,2439.38,0,3.367295829986474,2.1972245773362196,7.799909043866308
15607,245,1,104.76,1,5.5053315359323625,0.6931471805599453,4.6611723761033765
15608,29,1,285.68,0,3.4011973816621555,0.6931471805599453,5.658366611125719
15609,93,1,298.48,1,4.543294782270004,0.6931471805599453,5.702047637362485
15611,12,8,947.1400000000001,0,2.5649493574615367,2.1972245773362196,6.854502170676398
15615,14,19,7367.85,0,2.70805020110221,2.995732273553991,8.905016935016329
15618,1,3,419.041,0,0.6931471805599453,1.3862943611198906,6.040352325560604
15620,129,2,875.01,0,4.867534450455582,1.0986122886681096,6.775377506396349
15622,106,5,2602.0,0,4.672828834461906,1.791759469228055,7.864419904994565
15623,50,1,301.03,1,3.9318256327243257,0.6931471805599453,5.7105263501895465
15624,25,4,588.13,1,3.258096538021482,1.6094379124341003,6.3786468723710446
15625,12,4,1534.26,1,2.5649493574615367,1.6094379124341003,7.336455026785429
15626,238,1,281.88,0,5.476463551931511,0.6931471805599453,5.645022779449278
15628,7,5,1625.4,0,2.0794415416798357,1.791759469228055,7.394124262314137
15630,113,1,396.86,0,4.736198448394496,0.6931471805599453,5.986100184608832
15632,30,6,2351.84,0,3.4339872044851463,1.9459101490553132,7.76337838811533
15636,191,1,306.7,0,5.2574953720277815,0.6931471805599453,5.729125282327996
15639,43,1,425.32,1,3.784189633918261,0.6931471805599453,6.055190237988527
15640,30,11,8836.74,0,3.4339872044851463,2.4849066497880004,9.086786466837498
15641,14,4,1887.2,1,2.70805020110221,1.6094379124341003,7.543379273298417
15643,100,3,664.0,1,4.61512051684126,1.3862943611198906,6.499787040655854
15644,75,4,803.54,1,4.330733340286331,1.6094379124341003,6.6902706855196055
15646,66,3,447.64000000000004,1,4.204692619390966,1.3862943611198906,6.106220784406171
15648,113,2,639.5,1,4.736198448394496,1.0986122886681096,6.4622491213367885
15649,245,2,816.0,1,5.5053315359323625,1.0986122886681096,6.705639094860003
15651,169,1,227.32,0,5.135798437050262,0.6931471805599453,5.430748153728526
15652,0,1,337.74,1,0.0,0.6931471805599453,5.825232851462975
15653,1,2,877.4399999999999,1,0.6931471805599453,1.0986122886681096,6.7781476070590925
15655,152,1,560.67,1,5.030437921392435,0.6931471805599453,6.330914488818843
15656,87,3,563.63,0,4.477336814478207,1.3862943611198906,6.336170649370582
15658,99,5,1024.1000000000001,1,4.605170185988092,1.791759469228055,6.932545447789356
15660,44,6,884.34,0,3.8066624897703196,1.9459101490553132,6.7859717520203455
15661,226,2,309.8,1,5.424950017481403,1.0986122886681096,5.739149618493492
15663,15,1,138.14,1,2.772588722239781,0.6931471805599453,4.935480620495495
15665,77,2,2222.21,1,4.356708826689592,1.0986122886681096,7.706707376439049
15668,126,1,76.32000000000001,1,4.844187086458591,0.6931471805599453,4.34795265434013
15669,12,3,565.54,0,2.5649493574615367,1.3862943611198906,6.33954768697801
15670,205,1,173.05,1,5.327876168789581,0.6931471805599453,5.159342614257448
15671,3,5,1972.89,0,1.3862943611198906,1.791759469228055,7.587761494023337
15673,65,3,2014.7,0,4.189654742026425,1.3862943611198906,7.608721808594214
15674,122,4,1379.66,0,4.812184355372417,1.6094379124341003,7.230316924690538
15675,64,2,225.39,0,4.174387269895637,1.0986122886681096,5.422259175742214
15676,192,1,897.8,0,5.262690188904886,0.6931471805599453,6.801060540311174
15679,63,2,260.26,0,4.1588830833596715,1.0986122886681096,5.565516080058417
15680,275,1,478.89,0,5.62040086571715,0.6931471805599453,6.173556910972577
15681,92,3,703.22,0,4.532599493153256,1.3862943611198906,6.557090807340088
15683,26,1,193.75,1,3.295836866004329,0.6931471805599453,5.271716684750857
15687,95,5,1679.45,0,4.564348191467836,1.791759469228055,7.426816893672842
15689,28,2,254.1,1,3.367295829986474,1.0986122886681096,5.541655625147766
15690,9,1,111.0,0,2.302585092994046,0.6931471805599453,4.718498871295094
15691,161,1,136.8,1,5.087596335232384,0.6931471805599453,4.925803358579558
15694,85,9,3305.78,0,4.454347296253507,2.302585092994046,8.10373018521701
15695,175,2,409.98,1,5.170483995038151,1.0986122886681096,6.018544551511725
15696,129,6,1629.95,0,4.867534450455582,1.9459101490553132,7.396917946111868
15700,81,2,696.68,1,4.406719247264253,1.0986122886681096,6.54776054491873
15701,19,1,853.9,0,2.995732273553991,0.6931471805599453,6.750984503032188
15703,173,1,211.5,1,5.159055299214529,0.6931471805599453,5.358941988364472
15704,49,4,2293.62,1,3.912023005428146,1.6094379124341003,7.738322531443156
15705,110,1,143.1,1,4.709530201312334,0.6931471805599453,4.970507503005476
15706,25,1,450.05,0,3.258096538021482,0.6931471805599453,6.111578198102648
15708,47,6,2589.34,0,3.8712010109078907,1.9459101490553132,7.859544420209163
15709,192,1,133.25,1,5.262690188904886,0.6931471805599453,4.899703733388974
15712,18,3,766.3100000000001,0,2.9444389791664403,1.3862943611198906,6.642890891810802
15713,52,2,356.7,1,3.970291913552122,1.0986122886681096,5.879694646264972
15716,54,4,1101.1100000000001,1,4.007333185232471,1.6094379124341003,7.004981803243121
15717,143,1,150.3,1,4.969813299576001,0.6931471805599453,5.01926462079431
15719,8,11,4061.9700000000003,0,2.1972245773362196,2.4849066497880004,8.309669512253846
15722,17,3,1413.45,0,2.8903717578961645,1.3862943611198906,7.2544960419372915
15723,273,1,190.7,1,5.6131281063880705,0.6931471805599453,5.255931650051599
15724,110,2,218.25,1,4.709530201312334,1.0986122886681096,5.390212631252292
15727,16,6,4589.39,0,2.833213344056216,1.9459101490553132,8.431720266765334
15729,121,1,85.0,1,4.804021044733257,0.6931471805599453,4.454347296253507
15730,1,2,777.22,0,0.6931471805599453,1.0986122886681096,6.657009260554309
15732,121,2,294.12,1,4.804021044733257,1.0986122886681096,5.68738205328842
15733,191,1,162.3,1,5.2574953720277815,0.6931471805599453,5.095588999976419
15734,23,2,1339.45,1,3.1780538303479458,1.0986122886681096,7.200760657465263
15737,56,5,880.9300000000001,0,4.04305126783455,1.791759469228055,6.782112687777852
15738,5,13,3853.4500000000003,0,1.791759469228055,2.639057329615259,8.256983603964098
15743,22,2,434.05,0,3.1354942159291497,1.0986122886681096,6.075460967012034
15745,145,1,302.85,0,4.983606621708336,0.6931471805599453,5.716534158581364
15746,43,1,196.88,1,3.784189633918261,0.6931471805599453,5.287660786359508
15747,29,2,525.37,0,3.4011973816621555,1.0986122886681096,6.266004387505607
15749,144,3,44534.3,1,4.976733742420574,1.3862943611198906,9.584183313001468
15750,79,4,1108.18,0,4.382026634673881,1.6094379124341003,7.0113762825657195
15752,2,6,2093.37,0,1.0986122886681096,1.9459101490553132,7.647008071141665
15753,213,1,79.2,1,5.365976015021851,0.6931471805599453,4.384523514872469
15754,155,1,91.8,0,5.049856007249537,0.6931471805599453,4.530446639792155
15755,17,3,1144.83,0,2.8903717578961645,1.3862943611198906,7.0438845442115765
15756,61,3,359.89,0,4.127134385045092,1.3862943611198906,5.8885732027583435
15757,126,1,261.36,0,4.844187086458591,0.6931471805599453,5.5697176064255345
15759,127,3,253.04,1,4.852030263919617,1.3862943611198906,5.537491734934774
15764,16,5,3276.62,0,2.833213344056216,1.791759469228055,8.094872828239916
15768,24,3,621.8299999999999,1,3.2188758248682006,1.3862943611198906,6.434273608356567
15769,10,19,41863.72,0,2.3978952727983707,2.995732273553991,9.584183313001468
15775,154,1,104.9,1,5.043425116919247,0.6931471805599453,4.662495252607361
15776,42,1,241.62,1,3.7612001156935624,0.6931471805599453,5.491496433342773
15777,150,4,1047.11,1,5.017279836814924,1.6094379124341003,6.954743821204941
15780,92,3,475.28000000000003,1,4.532599493153256,1.3862943611198906,6.166005916582974
15781,46,2,211.3,0,3.8501476017100584,1.0986122886681096,5.35800036870921
15785,66,4,1665.83,0,4.204692619390966,1.6094379124341003,7.4186788979464415
15786,23,1,3147.64,0,3.1780538303479458,0.6931471805599453,8.05472589255878
15789,267,1,351.3,1,5.5909869805108565,0.6931471805599453,5.864483085347192
15791,113,1,1223.24,0,4.736198448394496,0.6931471805599453,7.110075522282781
15793,177,1,306.64,0,5.181783550292085,0.6931471805599453,5.728930268188853
15795,58,1,610.01,1,4.07753744390572,0.6931471805599453,6.415113325649775
15796,18,5,1572.77,0,2.9444389791664403,1.791759469228055,7.3612292937766135
15797,22,4,2207.4,1,3.1354942159291497,1.6094379124341003,7.70002355040989
15799,94,2,481.24,0,4.553876891600541,1.0986122886681096,6.178441915438131
15800,16,2,696.89,1,2.833213344056216,1.0986122886681096,6.548061497220062
15801,18,1,137.22,0,2.9444389791664403,0.6931471805599453,4.928846618663249
15802,51,1,451.42,1,3.9512437185814275,0.6931471805599453,6.11461095192969
15804,3,5,2554.84,0,1.3862943611198906,1.791759469228055,7.846136215729024
15805,15,11,3548.5,0,2.772588722239781,2.4849066497880004,8.17456202747944
15806,66,2,521.88,0,4.204692619390966,1.0986122886681096,6.259351992231584
15808,215,4,3651.27,1,5.375278407684165,1.6094379124341003,8.20310417107402
15809,93,4,399.21,0,4.543294782270004,1.6094379124341003,5.991989409343697
15810,79,3,1361.19,0,4.382026634673881,1.3862943611198906,7.216848977714349
15811,14,5,1773.8,0,2.70805020110221,1.791759469228055,7.481443019504755
15812,16,5,1801.14,1,2.833213344056216,1.791759469228055,7.496730126604398
15813,116,2,1303.9099999999999,1,4.762173934797756,1.0986122886681096,7.173889351861321
15815,49,4,1874.7,0,3.912023005428146,1.6094379124341003,7.536737202066296
15819,40,3,1585.47,0,3.713572066704308,1.3862943611198906,7.36926670129514
15820,228,1,206.98,1,5.43372200355424,0.6931471805599453,5.337441921232086
15822,268,1,440.2,0,5.594711379601839,0.6931471805599453,6.089498287379348
15823,281,1,15.0,1,5.641907070938114,0.6931471805599453,3.9102282978770786
15825,81,1,532.94,1,4.406719247264253,0.6931471805599453,6.2802834730968256
15826,119,1,720.0,0,4.787491742782046,0.6931471805599453,6.580639137284949
15827,23,13,1598.16,0,3.1780538303479458,2.639057329615259,7.377233770367119
15829,8,2,636.14,1,2.1972245773362196,1.0986122886681096,6.456989411643809
15831,33,2,451.11,0,3.5263605246161616,1.0986122886681096,6.113925513056159
15832,163,1,836.79,1,5.099866427824199,0.6931471805599453,6.7307674724187825
15834,74,3,1783.22,0,4.31748811353631,1.3862943611198906,7.486736623922518
15835,46,3,675.51,0,3.8501476017100584,1.3862943611198906,6.516947229467592
15838,17,12,14153.5,0,2.8903717578961645,2.5649493574615367,9.557787873714773
15839,57,1,299.18,0,4.060443010546419,0.6931471805599453,5.704382294728169
15840,81,1,241.74,0,4.406719247264253,0.6931471805599453,5.491990911678215
15841,127,2,613.26,0,4.852030263919617,1.0986122886681096,6.420418291285051
15843,212,1,118.95000000000002,1,5.3612921657094255,0.6931471805599453,4.787074989285704
15845,53,5,2526.76,0,3.9889840465642745,1.791759469228055,7.835088814051113
15847,197,1,180.68,0,5.288267030694535,0.6931471805599453,5.202246897797303
15850,77,1,116.16,0,4.356708826689592,0.6931471805599453,4.763540521959532
15852,95,2,160.71,1,4.564348191467836,1.0986122886681096,5.085804607589853
15854,49,9,2393.69,0,3.912023005428146,2.302585092994046,7.781009065141733
15855,45,5,712.24,1,3.828641396489095,1.791759469228055,6.569817969665846
15856,4,17,11247.93,0,1.6094379124341003,2.8903717578961645,9.328028291998107
15858,198,2,816.22,0,5.293304824724492,1.0986122886681096,6.705908336457008
15860,7,6,767.14,0,2.0794415416798357,1.9459101490553132,6.6439720082012315
15861,43,3,1123.76,0,3.784189633918261,1.3862943611198906,7.025324958546395
15862,21,3,659.73,0,3.091042453358316,1.3862943611198906,6.493345284392166
15863,101,1,9.2,0,4.624972813284271,0.6931471805599453,3.9102282978770786
15864,7,3,957.8600000000001,0,2.0794415416798357,1.3862943611198906,6.865745078825072
15865,122,1,313.93,0,4.812184355372417,0.6931471805599453,5.7523503919083945
15866,10,1,211.89,1,2.3978952727983707,0.6931471805599453,5.3607756003876466
15867,22,12,2947.41,0,3.1354942159291497,2.5649493574615367,7.9890213209794405
15869,186,2,149.64,1,5.231108616854587,1.0986122886681096,5.014892884348897
15874,86,6,2207.75,0,4.465908118654584,1.9459101490553132,7.700182023633906
15880,278,1,329.03000000000003,1,5.631211781821365,0.6931471805599453,5.799183559419454
15881,221,5,501.39000000000004,1,5.402677381872279,1.791759469228055,6.219376710497294
15882,107,4,516.36,1,4.68213122712422,1.6094379124341003,6.248738957138337
15885,1,3,379.35,1,0.6931471805599453,1.3862943611198906,5.9410918814433105
15889,65,2,420.07,1,4.189654742026425,1.0986122886681096,6.042799090644775
15891,135,1,511.68,1,4.912654885736052,0.6931471805599453,6.239651868861623
15894,162,2,258.25,1,5.093750200806762,1.0986122886681096,5.557792847109637
15895,58,1,179.17,1,4.07753744390572,0.6931471805599453,5.1939008496276085
15897,103,2,208.59,1,4.6443908991413725,1.0986122886681096,5.345153241385068
15898,135,4,997.94,0,4.912654885736052,1.6094379124341003,6.906694716784816
15899,277,1,56.25,1,5.627621113690637,0.6931471805599453,4.047427642434349
15901,63,1,110.49,0,4.1588830833596715,0.6931471805599453,4.71393490077948
15903,136,2,641.6400000000001,0,4.919980925828125,1.0986122886681096,6.4655846918655575
15906,53,4,797.71,0,3.9889840465642745,1.6094379124341003,6.682997926190526
15907,85,2,477.59000000000003,0,4.454347296253507,1.0986122886681096,6.170844280981016
15909,82,1,191.94,1,4.418840607796598,0.6931471805599453,5.262379259742407
15910,8,5,663.36,0,2.1972245773362196,1.791759469228055,6.498824171230798
15912,87,2,264.62,1,4.477336814478207,1.0986122886681096,5.582066715972105
15916,100,5,846.95,0,4.61512051684126,1.791759469228055,6.742821671789409
15917,156,1,123.1,1,5.056245805348308,0.6931471805599453,4.821087692210561
15918,99,2,334.23,1,4.605170185988092,1.0986122886681096,5.814816863409831
15919,277,1,214.07999999999998,0,5.627621113690637,0.6931471805599453,5.371010051941477
15920,63,4,167.5,1,4.1588830833596715,1.6094379124341003,5.126935749792416
15921,81,1,323.03000000000003,1,4.406719247264253,0.6931471805599453,5.780836104098492
15922,282,1,369.5,1,5.641907070938114,0.6931471805599453,5.914853444736142
15923,281,1,127.08,1,5.641907070938114,0.6931471805599453,4.852655068688459
15925,103,1,207.15,1,4.6443908991413725,0.6931471805599453,5.3382589736409845
15932,16,6,1885.95,0,2.833213344056216,1.9459101490553132,7.542717047932175
15935,148,2,416.86,1,5.003946305945459,1.0986122886681096,6.035146448194105
15938,21,5,404.58,1,3.091042453358316,1.791759469228055,6.0053181413965175
15939,16,14,5860.25,0,2.833213344056216,2.70805020110221,8.676118170403797
15940,220,1,35.8,1,5.3981627015177525,0.6931471805599453,3.9102282978770786
15942,42,1,337.44,1,3.7612001156935624,0.6931471805599453,5.8243468240563
15944,185,1,325.1,1,5.225746673713202,0.6931471805599453,5.787204082795274
15945,274,1,181.0,1,5.616771097666572,0.6931471805599453,5.204006687076795
15950,15,2,1091.38,0,2.772588722239781,1.0986122886681096,6.996114081119977
15951,194,1,375.16999999999996,0,5.272999558563747,0.6931471805599453,5.930041168870556
15952,68,2,309.2,0,4.23410650459726,1.0986122886681096,5.737217250742439
15953,120,4,824.04,0,4.795790545596741,1.6094379124341003,6.715431870007814
15955,15,8,2463.65,0,2.772588722239781,2.1972245773362196,7.80980508856595
15965,276,1,156.19,0,5.6240175061873385,0.6931471805599453,5.057455264740146
15967,227,1,161.9,0,5.429345628954441,0.6931471805599453,5.093136515607999
15969,94,1,308.7,0,4.553876891600541,0.6931471805599453,5.735604086979157
15970,212,1,314.1,1,5.3612921657094255,0.6931471805599453,5.752890048763229
15971,17,7,2109.45,0,2.8903717578961645,2.0794415416798357,7.654656473873448
15973,275,1,307.82000000000005,1,5.62040086571715,0.6931471805599453,5.732758582892719
15974,4,6,2895.0099999999998,0,1.6094379124341003,1.9459101490553132,7.971089206538319
15976,74,2,427.64,1,4.31748811353631,1.0986122886681096,6.0606174057962985
15980,163,1,760.18,0,5.099866427824199,0.6931471805599453,6.634869860773088
15981,46,6,2458.2,0,3.8501476017100584,1.9459101490553132,7.807591372784332
15983,269,3,1138.37,0,5.598421958998375,1.3862943611198906,7.038230757052481
15984,9,7,1807.51,0,2.302585092994046,2.0794415416798357,7.500258580821156
15985,32,2,1142.42,1,3.4965075614664802,1.0986122886681096,7.04177905036834
15987,29,6,1193.63,0,3.4011973816621555,1.9459101490553132,7.085591792991417
15990,196,1,401.37,0,5.2832037287379885,0.6931471805599453,5.997372063322444
15996,25,5,879.76,0,3.258096538021482,1.791759469228055,6.780785171116585
15998,80,3,2105.26,0,4.394449154672439,1.3862943611198906,7.652669141863882
16003,43,3,1793.9,0,3.784189633918261,1.3862943611198906,7.492704589064096
16005,91,2,275.41,0,4.5217885770490405,1.0986122886681096,5.621885270689127
16006,120,1,101.4,1,4.795790545596741,0.6931471805599453,4.628886712605407
16007,89,2,727.67,0,4.499809670330265,1.0986122886681096,6.591220954623327
16008,113,1,139.15,0,4.736198448394496,0.6931471805599453,4.942713277610797
16009,68,1,441.59000000000003,0,4.23410650459726,0.6931471805599453,6.092643833597585
16010,154,3,392.4,1,5.043425116919247,1.3862943611198906,5.974826905954958
16011,1,12,2185.66,0,0.6931471805599453,2.5649493574615367,7.69013054448489
16012,37,2,1132.12,0,3.6375861597263857,1.0986122886681096,7.032730168923539
16013,7,35,23409.34,0,2.0794415416798357,3.1780538303479458,9.584183313001468
16014,61,2,514.38,0,4.127134385045092,1.0986122886681096,6.244904492653542
16016,105,4,791.07,0,4.663439094112067,1.6094379124341003,6.674649771747188
16018,89,1,161.9,0,4.499809670330265,0.6931471805599453,5.093136515607999
16019,45,7,2952.25,0,3.828641396489095,2.0794415416798357,7.990661537828629
16022,169,1,602.63,1,5.135798437050262,0.6931471805599453,6.402961427447865
16023,101,2,500.69,0,4.624972813284271,1.0986122886681096,6.217982399061142
16027,0,6,934.62,1,0.0,1.9459101490553132,6.841209411138237
16029,2,52,54130.14,0,1.0986122886681096,3.1780538303479458,9.584183313001468
16030,218,1,331.24,1,5.389071729816501,0.6931471805599453,5.805857599322498
16031,1,2,547.9,1,0.6931471805599453,1.0986122886681096,6.3079162755558436
16033,17,16,5864.55,0,2.8903717578961645,2.833213344056216,8.676851533331913
16034,105,3,437.7,1,4.663439094112067,1.3862943611198906,6.083815808172169
16036,172,1,188.73,0,5.153291594497779,0.6931471805599453,5.245602008876042
16037,178,3,855.02,1,5.187385805840755,1.3862943611198906,6.752293740354778
16038,86,2,393.33,0,4.465908118654584,1.0986122886681096,5.977188122189173
16040,57,2,876.1800000000001,0,4.060443010546419,1.0986122886681096,6.776712216466212
16041,50,2,2739.8,0,3.9318256327243257,1.0986122886681096,7.916005127569855
16042,16,2,440.48,0,2.833213344056216,1.0986122886681096,6.090132718904683
16043,120,3,676.49,0,4.795790545596741,1.3862943611198906,6.518394792497323
16045,28,4,1340.7,1,3.367295829986474,1.6094379124341003,7.201692745596426
16048,282,2,256.44,1,5.641907070938114,1.0986122886681096,5.550786683244073
16050,82,1,137.9,1,4.418840607796598,0.6931471805599453,4.933754249760298
16053,31,1,1124.19,0,3.4657359027997265,0.6931471805599453,7.025707189267287
16054,54,1,783.9,1,4.007333185232471,0.6931471805599453,6.665556321132768
16055,129,1,134.8,1,4.867534450455582,0.6931471805599453,4.911183215124596
16057,5,6,1544.23,0,1.791759469228055,1.9459101490553132,7.342928045566123
16059,72,4,944.6,0,4.290459441148391,1.6094379124341003,6.851819646651834
16062,42,3,778.14,0,3.7612001156935624,1.3862943611198906,6.658190747310127
16063,169,1,335.32,1,5.135798437050262,0.6931471805599453,5.818063087688587
16065,274,1,367.14,1,5.616771097666572,0.6931471805599453,5.908463300604576
16066,33,1,316.38,0,3.5263605246161616,0.6931471805599453,5.760099794134696
16072,197,1,584.3199999999999,1,5.288267030694535,0.6931471805599453,6.3721587062242255
16073,206,1,122.39999999999999,1,5.332718793265369,0.6931471805599453,4.8154311114712876
16076,1,5,1357.98,0,0.6931471805599453,1.791759469228055,7.214489697339394
16078,192,1,79.2,1,5.262690188904886,0.6931471805599453,4.384523514872469
16080,183,1,130.26,0,5.214935757608986,0.6931471805599453,4.877180089045576
16081,94,3,992.37,0,4.553876891600541,1.3862943611198906,6.901103202901759
16083,9,2,1317.62,1,2.302585092994046,1.0986122886681096,7.184341014166175
16084,208,1,436.18,1,5.342334251964811,0.6931471805599453,6.0803450096018565
16085,145,2,325.04,0,4.983606621708336,1.0986122886681096,5.787020073226257
16086,7,4,899.7,0,2.0794415416798357,1.6094379124341003,6.803172238789697
16091,63,2,315.06,1,4.1588830833596715,1.0986122886681096,5.755932068980957
16092,23,3,817.86,1,3.1780538303479458,1.3862943611198906,6.707913129070193
16093,15,1,17.0,1,2.772588722239781,0.6931471805599453,3.9102282978770786
16094,128,1,252.1,0,4.859812404361672,0.6931471805599453,5.533784667551078
16096,173,1,320.62,1,5.159055299214529,0.6931471805599453,5.773370724425878
16097,149,1,185.04999999999998,1,5.0106352940962555,0.6931471805599453,5.226015454792631
16098,37,6,1712.49,0,3.6375861597263857,1.9459101490553132,7.4462875052894635
16099,46,2,592.1,0,3.8501476017100584,1.0986122886681096,6.385363018844681
16102,7,2,1392.8400000000001,0,2.0794415416798357,1.0986122886681096,7.23981780711465
16103,66,4,1156.4,0,4.204692619390966,1.6094379124341003,7.053931389139739
16105,157,1,336.96,1,5.062595033026967,0.6931471805599453,5.822927545284644
16107,12,3,1494.1200000000001,0,2.5649493574615367,1.3862943611198906,7.3099617501620475
16109,127,2,611.88,1,4.852030263919617,1.0986122886681096,6.418169158208565
16110,171,2,678.18,0,5.147494476813453,1.0986122886681096,6.520886188156045
16112,52,4,195.73999999999998,1,3.970291913552122,1.6094379124341003,5.281883060084612
16113,92,1,161.38,1,4.532599493153256,0.6931471805599453,5.089939267434301
16114,79,1,135.75000000000003,1,4.382026634673881,0.6931471805599453,4.918154441302091
16115,26,5,924.59,0,3.295836866004329,1.791759469228055,6.830431372018166
16116,120,1,612.78,1,4.795790545596741,0.6931471805599453,6.419636557751217
16117,98,1,232.21,1,4.59511985013459,0.6931471805599453,5.451939335203601
16121,124,1,285.94,0,4.8283137373023015,0.6931471805599453,5.659273134670244
16122,21,3,550.26,0,3.091042453358316,1.3862943611198906,6.312206567186086
16124,226,1,249.0,1,5.424950017481403,0.6931471805599453,5.521460917862246
16125,276,1,289.35,1,5.6240175061873385,0.6931471805599453,5.671087091818059
16126,10,3,3706.7000000000003,0,2.3978952727983707,1.3862943611198906,8.2181670172638
16128,52,2,694.7,0,3.970291913552122,1.0986122886681096,6.544918532929596
16131,24,4,2278.5,0,3.2188758248682006,1.6094379124341003,7.731711399653496
16133,10,23,10619.27,0,2.3978952727983707,3.1780538303479458,9.270519718201566
16134,268,1,283.53000000000003,0,5.594711379601839,0.6931471805599453,5.650838696161777
16135,171,1,517.55,1,5.147494476813453,0.6931471805599453,6.251036455035743
16136,186,1,159.3,0,5.231108616854587,0.6931471805599453,5.0770470596155075
16139,21,2,306.37,0,3.091042453358316,1.0986122886681096,5.728052233628939
16140,280,1,124.14,0,5.638354669333745,0.6931471805599453,4.829433110570218
16142,158,1,535.34,1,5.0689042022202315,0.6931471805599453,6.284768288327816
16143,17,5,1949.3600000000001,0,2.8903717578961645,1.791759469228055,7.575769249903085
16144,155,1,175.2,1,5.049856007249537,0.6931471805599453,5.171619713502079
16145,8,8,2600.31,0,2.1972245773362196,2.1972245773362196,7.863770443275565
16146,66,3,734.13,1,4.204692619390966,1.3862943611198906,6.600047354321349
16147,42,1,375.0,1,3.7612001156935624,0.6931471805599453,5.929589143389895
16148,205,1,76.32000000000001,1,5.327876168789581,0.6931471805599453,4.34795265434013
16149,51,1,163.68,0,3.9512437185814275,0.6931471805599453,5.104004196901704
16150,37,3,1408.7,0,3.6375861597263857,1.3862943611198906,7.25113219477688
16152,177,1,1829.04,1,5.181783550292085,0.6931471805599453,7.512093103520083
16153,24,4,1023.54,0,3.2188758248682006,1.6094379124341003,6.931999010352602
16156,60,5,1415.17,0,4.110873864173311,1.791759469228055,7.255711323544636
16159,190,1,348.2,1,5.25227342804663,0.6931471805599453,5.855644823965447
16161,49,12,3036.66,0,3.912023005428146,2.5649493574615367,8.01884276115865
16162,161,1,37.4,1,5.087596335232384,0.6931471805599453,3.9102282978770786
16163,141,2,856.6,1,4.955827057601261,1.0986122886681096,6.754137790316538
16168,3,18,2632.12,0,1.3862943611198906,2.9444389791664403,7.875924733847072
16170,21,5,1560.6599999999999,0,3.091042453358316,1.791759469228055,7.353504637051865
16172,4,5,1140.21,1,1.6094379124341003,1.791759469228055,7.039844382006876
16173,0,2,635.05,0,0.0,1.0986122886681096,6.45527717660222
16174,35,3,1009.5500000000001,1,3.58351893845611,1.3862943611198906,6.918250016074778
16175,3,4,1037.59,1,1.3862943611198906,1.6094379124341003,6.945619303018016
16178,47,1,197.9,1,3.8712010109078907,0.6931471805599453,5.292802185859927
16180,9,8,10254.18,1,2.302585092994046,2.1972245773362196,9.235538222765896
16182,39,3,4844.0,0,3.6888794541139363,1.3862943611198906,8.485702524324866
16184,14,5,985.8000000000001,0,2.70805020110221,1.791759469228055,6.894467384655202
16185,141,1,335.0,0,4.955827057601261,0.6931471805599453,5.817111159963204
16186,12,9,2696.53,0,2.5649493574615367,2.302585092994046,7.900091818479159
16187,8,12,5395.7,0,2.1972245773362196,2.5649493574615367,8.59354293463675
16188,50,3,755.03,0,3.9318256327243257,1.3862943611198906,6.628081057931884
16191,171,8,2615.68,0,5.147494476813453,2.1972245773362196,7.869661617636764
16193,145,1,314.45,1,4.983606621708336,0.6931471805599453,5.754000190816819
16200,73,1,550.57,0,4.304065093204169,0.6931471805599453,6.312768757202979
16201,18,1,303.8,0,2.9444389791664403,0.6931471805599453,5.7196558238124915
16202,269,1,365.27,1,5.598421958998375,0.6931471805599453,5.903370766348874
16203,56,3,378.3,0,4.04305126783455,1.3862943611198906,5.938327448694853
16205,88,1,112.35,0,4.48863636973214,0.6931471805599453,4.730480376953538
16206,33,3,409.86,0,3.5263605246161616,1.3862943611198906,6.018252523864365
16208,198,1,497.59,0,5.293304824724492,0.6931471805599453,6.21178411473109
16209,28,4,2116.9,0,3.367295829986474,1.6094379124341003,7.658180310693556
16210,7,11,11248.960000000001,0,2.0794415416798357,2.4849066497880004,9.32811985207069
16212,192,1,498.15000000000003,0,5.262690188904886,0.6931471805599453,6.2129066517824345
16214,79,3,1062.75,1,4.382026634673881,1.3862943611198906,6.969555679887584
16216,176,1,914.9300000000001,1,5.176149732573829,0.6931471805599453,6.81993994254006
16217,144,2,304.25,1,4.976733742420574,1.0986122886681096,5.721131112990814
16218,23,6,2635.48,0,3.1780538303479458,1.9459101490553132,7.877199973127225
16221,184,2,315.37,0,5.220355825078325,1.0986122886681096,5.756912414710375
16222,227,1,773.5500000000001,1,5.429345628954441,0.6931471805599453,6.652282215552372
16224,50,3,865.88,0,3.9318256327243257,1.3862943611198906,6.764900558896731
16225,58,4,953.64,0,4.07753744390572,1.6094379124341003,6.8613343060614005
16226,112,3,255.12,1,4.727387818712341,1.3862943611198906,5.545646084650602
16227,134,1,314.22,1,4.90527477843843,0.6931471805599453,5.753270807747395
16229,121,1,358.2,0,4.804021044733257,0.6931471805599453,5.883879336428045
16230,98,2,542.03,1,4.59511985013459,1.0986122886681096,6.297164567026571
16232,52,3,725.04,0,3.970291913552122,1.3862943611198906,6.587605109725777
16233,238,2,326.5,0,5.476463551931511,1.0986122886681096,5.791488055075306
16235,95,3,665.29,0,4.564348191467836,1.3862943611198906,6.5017250112013265
16239,98,1,347.9,0,4.59511985013459,0.6931471805599453,5.8547853481927286
16241,5,10,1778.43,0,1.791759469228055,2.3978952727983707,7.484048367284146
16242,74,3,846.59,0,4.31748811353631,1.3862943611198906,6.7423970283066135
16244,120,2,1522.75,1,4.795790545596741,1.0986122886681096,7.328929680795481
16245,30,2,769.7,0,3.4339872044851463,1.0986122886681096,6.647299192783947
16247,79,1,114.56,1,4.382026634673881,0.6931471805599453,4.749789875598035
16249,21,4,1440.77,0,3.091042453358316,1.6094379124341003,7.273626804429825
16250,170,2,389.44,1,5.14166355650266,1.0986122886681096,5.967274308306765
16253,164,1,1700.4,0,5.10594547390058,0.6931471805599453,7.439206720541784
16255,4,7,2182.79,0,1.6094379124341003,2.0794415416798357,7.688817178395564
16256,175,1,752.4300000000001,1,5.170483995038151,0.6931471805599453,6.624636113950167
16257,85,1,46.95,1,4.454347296253507,0.6931471805599453,3.9102282978770786
16258,36,4,3741.06,0,3.6109179126442243,1.6094379124341003,8.227391540911794
16261,22,2,409.99,0,3.1354942159291497,1.0986122886681096,6.01856888329999
16265,19,7,4062.02,0,2.995732273553991,2.0794415416798357,8.309681818446691
16266,24,6,761.12,0,3.2188758248682006,1.9459101490553132,6.636104023602884
16270,262,1,1141.24,1,5.572154032177765,0.6931471805599453,7.040746525754151
16271,35,3,868.4300000000001,0,3.58351893845611,1.3862943611198906,6.7678378245156
16272,25,1,411.7,1,3.258096538021482,0.6931471805599453,6.022720936758536
16274,282,1,351.75,1,5.641907070938114,0.6931471805599453,5.865759590732924
16275,105,1,559.87,1,4.663439094112067,0.6931471805599453,6.329489149614112
16276,85,1,810.6000000000001,1,4.454347296253507,0.6931471805599453,6.69900760795166
16278,9,1,566.38,1,2.302585092994046,0.6931471805599453,6.34102927325157
16279,85,1,359.08000000000004,0,4.454347296253507,0.6931471805599453,5.886326228984677
16282,248,1,168.3,1,5.517452896464707,0.6931471805599453,5.13167228913909
16283,29,3,586.35,0,3.4011973816621555,1.3862943611198906,6.375620894269895
16287,78,1,142.5,1,4.3694478524670215,0.6931471805599453,4.966335035199676
16292,30,1,302.25,1,3.4339872044851463,0.6931471805599453,5.7145575478241595
16293,0,6,1454.3300000000002,0,0.0,1.9459101490553132,7.282987958013138
16297,177,1,301.9,1,5.181783550292085,0.6931471805599453,5.713402718033191
16298,95,1,114.3,0,4.564348191467836,0.6931471805599453,4.747537427275013
16302,35,1,233.22,1,3.58351893845611,0.6931471805599453,5.4562608446139915
16303,24,2,4036.33,0,3.2188758248682006,1.0986122886681096,8.303338861381302
16305,47,1,361.21999999999997,1,3.8712010109078907,0.6931471805599453,5.8922517620363895
16306,122,6,632.27,1,4.812184355372417,1.9459101490553132,6.450896871486089
16308,16,3,1600.0,0,2.833213344056216,1.3862943611198906,7.3783837129967145
16309,15,2,706.57,1,2.772588722239781,1.0986122886681096,6.56183656455249
16315,239,1,226.37,1,5.480638923341991,0.6931471805599453,5.426578646492048
16316,66,7,2212.81,0,4.204692619390966,2.0794415416798357,7.702470292061205
16317,28,3,1341.65,1,3.367295829986474,1.3862943611198906,7.202400551985058
16319,126,1,404.40000000000003,1,4.844187086458591,0.6931471805599453,6.004874234017899
16320,81,2,1038.46,1,4.406719247264253,1.0986122886681096,6.946456626519212
16321,214,3,223.65,0,5.3706380281276624,1.3862943611198906,5.414543635516169
16323,105,1,207.50000000000003,1,4.663439094112067,0.6931471805599453,5.339939041238856
16324,37,3,408.59000000000003,1,3.6375861597263857,1.3862943611198906,6.01515665936477
16325,64,2,416.02000000000004,0,4.174387269895637,1.0986122886681096,6.033134182279375
16326,5,8,1524.67,0,1.791759469228055,2.1972245773362196,7.330188936820376
16327,108,4,2469.64,0,4.6913478822291435,1.6094379124341003,7.812232505370743
16330,21,2,48.96,0,3.091042453358316,1.0986122886681096,3.911222685257377
16332,39,3,651.77,0,3.6888794541139363,1.3862943611198906,6.48122484671154
16333,7,18,15619.6,0,2.0794415416798357,2.9444389791664403,9.584183313001468
16338,66,1,214.79999999999998,1,4.204692619390966,0.6931471805599453,5.374352052824034
16339,193,1,94.05,1,5.267858159063328,0.6931471805599453,4.554403068934438
16340,16,1,534.31,1,2.833213344056216,0.6931471805599453,6.28284601833824
16341,110,1,797.65,0,4.709530201312334,0.6931471805599453,6.682922802235965
16342,16,3,283.71,0,2.833213344056216,1.3862943611198906,5.651471118359793
16344,67,1,101.10000000000001,1,4.219507705176107,0.6931471805599453,4.62595272517062
16348,37,4,738.29,0,3.6375861597263857,1.6094379124341003,6.6056902661629024
16349,199,1,53.5,1,5.298317366548036,0.6931471805599453,3.9982007016691985
16350,242,1,376.7,0,5.493061443340548,0.6931471805599453,5.934100229718411
16351,241,1,153.9,1,5.488937726156687,0.6931471805599453,5.042779747422823
16353,0,14,3467.81,0,0.0,2.70805020110221,8.151566874642445
16356,106,3,211.77,1,4.672828834461906,1.3862943611198906,5.360211770085627
16357,71,2,257.95,0,4.276666119016055,1.0986122886681096,5.556634992869901
16358,93,1,462.15000000000003,0,4.543294782270004,0.6931471805599453,6.138050975700037
16359,3,7,1411.23,0,1.3862943611198906,2.0794415416798357,7.252925294306544
16362,0,3,360.65,0,0.0,1.3862943611198906,5.890676893295289
16364,46,1,346.3,0,3.8501476017100584,0.6931471805599453,5.850188959750028
16365,32,7,862.56,0,3.4965075614664802,2.0794415416798357,6.761063379828259
16367,271,1,167.09,0,5.605802066295998,0.6931471805599453,5.124499550245303
16369,105,1,354.45,0,4.663439094112067,0.6931471805599453,5.873384592375492
16370,26,3,944.49,0,3.295836866004329,1.3862943611198906,6.851703311627986
16374,171,1,154.2,0,5.147494476813453,0.6931471805599453,5.0447146077491185
16377,176,1,676.2,1,5.176149732573829,0.6931471805599453,6.51796665025898
16378,156,3,362.95,1,5.056245805348308,1.3862943611198906,5.897016495564267
16383,177,1,309.46,0,5.181783550292085,0.6931471805599453,5.738055068598297
16384,172,1,409.1,0,5.153291594497779,0.6931471805599453,6.016401032398013
16385,67,2,273.82,0,4.219507705176107,1.0986122886681096,5.6161163379036285
16386,162,1,61.10000000000001,0,5.093750200806762,0.6931471805599453,4.128745988939433
16387,231,1,94.36,1,5.44673737166631,0.6931471805599453,4.55765920331704
16389,114,2,670.17,0,4.74493212836325,1.0986122886681096,6.509022458087351
16392,178,1,217.89,1,5.187385805840755,0.6931471805599453,5.388569320525063
16393,3,9,1761.97,0,1.3862943611198906,2.302585092994046,7.474755165803854
16394,80,3,933.1,0,4.394449154672439,1.3862943611198906,6.839583498878803
16395,77,3,964.3,0,4.356708826689592,1.3862943611198906,6.8724389338545695
16398,63,2,1705.8,1,4.1588830833596715,1.0986122886681096,7.4423755513138445
16399,144,1,178.41,0,4.976733742420574,0.6931471805599453,5.189673689431293
16400,3,1,303.93,1,1.3862943611198906,0.6931471805599453,5.720082242069654
16401,40,7,2455.42,0,3.713572066704308,2.0794415416798357,7.806460284418516
16402,173,2,293.45,1,5.159055299214529,1.0986122886681096,5.68510920939058
16403,221,1,177.5,1,5.402677381872279,0.6931471805599453,5.184588601219694
16405,211,2,167.25,1,5.356586274672012,1.0986122886681096,5.125450968524837
16407,19,8,1482.37,0,2.995732273553991,2.1972245773362196,7.302071805287788
16409,59,3,1033.3700000000001,0,4.0943445622221,1.3862943611198906,6.941547824716887
16411,278,1,128.55,0,5.631211781821365,0.6931471805599453,4.8640669070081195
16414,189,1,50.8,0,5.247024072160486,0.6931471805599453,3.9473901492654373
16418,1,2,368.36,0,0.6931471805599453,1.0986122886681096,5.911771778198734
16419,21,6,958.71,1,3.091042453358316,1.9459101490553132,6.866631155492188
16422,8,39,29117.7,0,2.1972245773362196,3.1780538303479458,9.584183313001468
16424,100,1,133.56,1,4.61512051684126,0.6931471805599453,4.902010196224638
16425,211,1,302.7,1,5.356586274672012,0.6931471805599453,5.716040372051703
16426,1,4,689.83,0,0.6931471805599453,1.6094379124341003,6.5378937732392295
16427,172,2,241.06,1,5.153291594497779,1.0986122886681096,5.489185629310458
16429,15,1,284.55,1,2.772588722239781,0.6931471805599453,5.654417145110872
16431,122,3,623.28,1,4.812184355372417,1.3862943611198906,6.436598985674353
16434,5,4,898.84,0,1.791759469228055,1.6094379124341003,6.802216969742191
16440,123,1,272.46,0,4.820281565605037,0.6931471805599453,5.611155358880936
16441,200,1,211.0,0,5.303304908059076,0.6931471805599453,5.356586274672012
16442,136,2,432.43,0,4.919980925828125,1.0986122886681096,6.071730306826638
16444,4,3,541.4,0,1.6094379124341003,1.3862943611198906,6.296003736626186
16446,114,1,2.9,0,4.74493212836325,0.6931471805599453,3.9102282978770786
16447,44,1,255.91,1,3.8066624897703196,0.6931471805599453,5.548725829010259
16448,107,1,182.99,1,4.68213122712422,0.6931471805599453,5.214881408306002
16449,106,2,707.69,1,4.672828834461906,1.0986122886681096,6.563418195373777
16450,58,1,311.92,1,4.07753744390572,0.6931471805599453,5.74594756681688
16455,3,6,1323.3799999999999,0,1.3862943611198906,1.9459101490553132,7.188699704381175
16456,8,5,2158.18,1,2.1972245773362196,1.791759469228055,7.677483798971011
16457,127,1,208.36,1,4.852030263919617,0.6931471805599453,5.34405525822189
16458,15,11,2151.5,0,2.772588722239781,2.4849066497880004,7.674385236301886
16461,86,1,142.92,1,4.465908118654584,0.6931471805599453,4.969257589642278
16462,94,2,68.0,0,4.553876891600541,1.0986122886681096,4.23410650459726
16463,113,1,319.37,0,4.736198448394496,0.6931471805599453,5.769476577851563
16464,51,1,380.33,0,3.9512437185814275,0.6931471805599453,5.943665141974687
16466,12,5,999.63,0,2.5649493574615367,1.791759469228055,6.908385080615447
16469,155,2,268.3,0,5.049856007249537,1.0986122886681096,5.595825999817554
16470,24,3,539.13,0,3.2188758248682006,1.3862943611198906,6.291809851325659
16471,183,1,223.95000000000002,1,5.214935757608986,0.6931471805599453,5.4158781552871815
16473,73,3,316.11,1,4.304065093204169,1.3862943611198906,5.759248716840184
16474,54,1,341.35,0,4.007333185232471,0.6931471805599453,5.835833605567072
16475,52,3,459.3,0,3.970291913552122,1.3862943611198906,6.131878450823196
16477,40,6,1999.26,0,3.713572066704308,1.9459101490553132,7.601032451092815
16483,101,1,139.35,1,4.624972813284271,0.6931471805599453,4.9441393028078915
16484,82,2,404.3,1,4.418840607796598,1.0986122886681096,6.004627533634263
16488,23,2,354.57,0,3.1780538303479458,1.0986122886681096,5.8737221356264255
16493,82,3,782.29,0,4.418840607796598,1.3862943611198906,6.6635029977909985
16494,205,1,826.53,1,5.327876168789581,0.6931471805599453,6.7184453603705006
16495,185,2,246.51,0,5.225746673713202,1.0986122886681096,5.511450985232928
16496,116,2,1185.04,0,4.762173934797756,1.0986122886681096,7.0783753058017505
16497,112,5,1550.7,0,4.727387818712341,1.791759469228055,7.3471063830894385
16498,70,2,100.97,1,4.2626798770413155,1.0986122886681096,4.624678652376135
16499,269,2,365.45,1,5.598421958998375,1.0986122886681096,5.903862086371859
16500,239,1,165.0,0,5.480638923341991,0.6931471805599453,5.111987788356544
16503,15,4,1431.93,1,2.772588722239781,1.6094379124341003,7.267476578065607
16509,205,1,363.7,1,5.327876168789581,0.6931471805599453,5.8990750978146345
16510,281,1,248.1,1,5.641907070938114,0.6931471805599453,5.517854422268135
16511,53,2,565.7,0,3.9889840465642745,1.0986122886681096,6.339830063175573
16515,0,4,1247.3600000000001,0,0.0,1.6094379124341003,7.1295859688708045
16517,186,1,162.7,1,5.231108616854587,0.6931471805599453,5.098035484377089
16518,193,1,190.7,0,5.267858159063328,0.6931471805599453,5.255931650051599
16519,274,1,103.7,0,5.616771097666572,0.6931471805599453,4.651099117876491
16520,95,3,1046.57,1,4.564348191467836,1.3862943611198906,6.954228475339207
16523,4,13,5245.95,0,1.6094379124341003,2.639057329615259,8.565402234386497
16525,8,21,10372.35,0,2.1972245773362196,3.091042453358316,9.246995296306732
16526,80,1,290.36,1,4.394449154672439,0.6931471805599453,5.674559615979298
16529,99,1,455.25,1,4.605170185988092,0.6931471805599453,6.123040904896701
16531,36,4,684.53,0,3.6109179126442243,1.6094379124341003,6.5301922617209165
16532,44,2,4516.8,0,3.8066624897703196,1.0986122886681096,8.415780428673175
16536,19,1,548.12,1,2.995732273553991,0.6931471805599453,6.308316996859543
16539,128,3,1053.61,0,4.859812404361672,1.3862943611198906,6.9609263093195715
16545,73,1,339.3,1,4.304065093204169,0.6931471805599453,5.82982758150686
16546,199,2,787.15,1,5.298317366548036,1.0986122886681096,6.669688427072551
16549,33,2,780.36,0,3.5263605246161616,1.0986122886681096,6.661035991139221
16550,17,5,2298.97,1,2.8903717578961645,1.791759469228055,7.740651358353913
16551,4,3,922.12,1,1.6094379124341003,1.3862943611198906,6.827759236886412
16552,151,2,379.73,1,5.0238805208462765,1.0986122886681096,5.9420904624901825
16553,72,12,5719.82,1,4.290459441148391,2.5649493574615367,8.651867430742618
16554,131,2,314.11,0,4.882801922586371,1.0986122886681096,5.752921784216493
16555,18,1,151.98,0,2.9444389791664403,0.6931471805599453,5.03030719389372
16556,14,6,2556.37,0,2.70805020110221,1.9459101490553132,7.846734665644307
16557,46,1,101.15,0,3.8501476017100584,0.6931471805599453,4.626442321263631
16558,1,14,4685.17,0,0.6931471805599453,2.70805020110221,8.452370896685416
16560,267,1,332.18,0,5.5909869805108565,0.6931471805599453,5.808682884481571
16565,273,1,173.7,1,5.6131281063880705,0.6931471805599453,5.163070217140011
16566,79,3,463.88,0,4.382026634673881,1.3862943611198906,6.14177930776685
16567,103,2,865.6,1,4.6443908991413725,1.0986122886681096,6.764577509305809
16570,36,6,2134.07,0,3.6109179126442243,1.9459101490553132,7.666254712010493
16571,85,2,896.79,0,4.454347296253507,1.0986122886681096,6.79993618794764
16572,36,3,1009.6,1,3.6109179126442243,1.3862943611198906,6.918299492857808
16573,199,1,292.63,0,5.298317366548036,0.6931471805599453,5.682320471356869
16581,91,1,105.84,1,4.5217885770490405,0.6931471805599453,4.67133238824176
16582,22,1,313.62,1,3.1354942159291497,0.6931471805599453,5.751365561394358
16583,282,1,233.45,1,5.641907070938114,0.6931471805599453,5.457242345535596
16584,163,1,611.94,0,5.099866427824199,0.6931471805599453,6.418267051863503
16586,157,1,463.95,1,5.062595033026967,0.6931471805599453,6.141929872924206
16587,141,1,225.15,1,4.955827057601261,0.6931471805599453,5.421198495923853
16589,15,2,214.68,0,2.772588722239781,1.0986122886681096,5.373795827723942
16592,45,10,2214.33,0,3.828641396489095,2.3978952727983707,7.703156655580838
16593,98,2,255.5,0,4.59511985013459,1.0986122886681096,5.547128664610824
16596,275,1,120.65,0,5.62040086571715,0.6931471805599453,4.801148069229532
16598,194,1,145.04999999999998,1,5.272999558563747,0.6931471805599453,4.98394902883375
16600,162,2,237.46,0,5.093750200806762,1.0986122886681096,5.474201581377986
16603,0,1,296.62,0,0.0,0.6931471805599453,5.695817505001904
16607,37,10,2267.58,0,3.6375861597263857,2.3978952727983707,7.7269093640762065
16609,44,5,2710.04,0,3.8066624897703196,1.791759469228055,7.905087604092878
16610,128,1,75.66,1,4.859812404361672,0.6931471805599453,4.339380059952409
16611,95,1,129.49,1,4.564348191467836,0.6931471805599453,4.871296595474155
16612,28,3,870.3000000000001,0,3.367295829986474,1.3862943611198906,6.769986349237241
16614,91,1,506.19,1,4.5217885770490405,0.6931471805599453,6.228885686840323
16616,66,1,210.10000000000002,0,4.204692619390966,0.6931471805599453,5.352331954854275
16617,144,1,151.85,1,4.976733742420574,0.6931471805599453,5.029457048336844
16618,119,4,1441.29,0,4.787491742782046,1.6094379124341003,7.273987407195118
16619,172,1,226.21,1,5.153291594497779,0.6931471805599453,5.425874699962912
16620,169,1,95.75999999999999,0,5.135798437050262,0.6931471805599453,4.572233685741827
16621,56,3,609.41,0,4.04305126783455,1.3862943611198906,6.414130862535921
16623,154,1,129.45,1,5.043425116919247,0.6931471805599453,4.870990011582737
16624,106,1,426.43,0,4.672828834461906,0.6931471805599453,6.0577905322794585
16625,183,1,333.08,1,5.214935757608986,0.6931471805599453,5.811380485254219
16626,22,7,2165.34,0,3.1354942159291497,2.0794415416798357,7.680794386618027
16628,15,4,1619.8400000000001,0,2.772588722239781,1.6094379124341003,7.3906998123606735
16629,5,1,227.68,0,1.791759469228055,0.6931471805599453,5.432323646395771
16633,23,3,1168.26,0,3.1780538303479458,1.3862943611198906,7.064126349060336
16634,131,2,217.9,1,4.882801922586371,1.0986122886681096,5.388615004528817
16637,32,2,530.55,0,3.4965075614664802,1.0986122886681096,6.275797266734614
16638,8,9,1550.94,0,2.1972245773362196,2.302585092994046,7.34726104020204
16639,115,2,471.15000000000003,0,4.7535901911063645,1.0986122886681096,6.157296731709078
16641,14,1,231.10000000000002,1,2.70805020110221,0.6931471805599453,5.447168313280391
16642,116,1,307.73,0,4.762173934797756,0.6931471805599453,5.73246710851611
16643,154,1,487.51,1,5.043425116919247,0.6931471805599453,6.191359942102381
16644,86,2,833.78,1,4.465908118654584,1.0986122886681096,6.72716821708184
16647,78,2,214.06,1,4.3694478524670215,1.0986122886681096,5.37091705896238
16652,18,5,4525.87,0,2.9444389791664403,1.791759469228055,8.417786030434277
16654,50,4,601.27,1,3.9318256327243257,1.6094379124341003,6.400705849743913
16655,40,3,1867.19,0,3.713572066704308,1.3862943611198906,7.532725326678464
16656,4,11,7116.68,0,1.6094379124341003,2.4849066497880004,8.870337108611126
16657,57,2,414.79,0,4.060443010546419,1.0986122886681096,6.030180325110656
16658,277,1,123.24,1,5.627621113690637,0.6931471805599453,4.822215178840431
16659,98,1,39.12,1,4.59511985013459,0.6931471805599453,3.9102282978770786
16660,119,2,384.36,0,4.787491742782046,1.0986122886681096,5.954177962321966
16665,271,1,135.39999999999998,1,5.605802066295998,0.6931471805599453,4.915591745409362
16667,193,1,200.4,0,5.267858159063328,0.6931471805599453,5.305292980284462
16668,25,5,266.52,0,3.258096538021482,1.791759469228055,5.589194329896337
16670,15,8,3239.9700000000003,0,2.772588722239781,2.1972245773362196,8.083627946696362
16671,73,1,1382.88,0,4.304065093204169,0.6931471805599453,7.2326464272161894
16672,8,17,6911.84,0,2.1972245773362196,2.8903717578961645,8.841135830877768
16674,7,1,115.1,0,2.0794415416798357,0.6931471805599453,4.754451888703846
16676,122,3,1098.5,0,4.812184355372417,1.3862943611198906,7.002610809994816
16678,7,8,2137.3,0,2.0794415416798357,2.1972245773362196,7.66776639979559
16679,275,1,129.75,1,5.62040086571715,0.6931471805599453,4.873287102945032
16681,53,4,1332.68,0,3.9889840465642745,1.6094379124341003,7.195697317639776
16682,1,3,810.22,0,0.6931471805599453,1.3862943611198906,6.698539287365341
16684,42,18,33883.5,0,3.7612001156935624,2.9444389791664403,9.584183313001468
16686,7,6,2399.94,0,2.0794415416798357,1.9459101490553132,7.783615606321336
16690,110,1,86.5,0,4.709530201312334,0.6931471805599453,4.471638793363569
16692,165,2,1276.0,1,5.111987788356544,1.0986122886681096,7.152268856032539
16693,180,1,153.41,0,5.198497031265826,0.6931471805599453,5.039611402332773
16696,44,4,657.9000000000001,1,3.8066624897703196,1.6094379124341003,6.490571777919774
16697,150,1,112.75,1,5.017279836814924,0.6931471805599453,4.7340030578310595
16698,135,2,1998.0,1,4.912654885736052,1.0986122886681096,7.6004023345004
16700,30,10,4095.95,0,3.4339872044851463,2.3978952727983707,8.317998073420656
16701,38,10,4050.42,0,3.6635616461296463,2.3978952727983707,8.30682271593266
16705,7,10,9780.35,0,2.0794415416798357,2.3978952727983707,9.188232790312476
16706,7,2,411.55,0,2.0794415416798357,1.0986122886681096,6.022357410550352
16709,108,4,1984.5900000000001,0,4.6913478822291435,1.6094379124341003,7.593671378176581
16710,47,7,1835.08,0,3.8712010109078907,2.0794415416798357,7.51538814321591
16711,49,3,909.87,0,3.912023005428146,1.3862943611198906,6.8144001867479895
16712,4,8,2489.81,0,1.6094379124341003,2.1972245773362196,7.8203632377646075
16713,24,11,3970.77,0,3.2188758248682006,2.4849066497880004,8.286967118151123
16714,127,3,1129.06,1,4.852030263919617,1.3862943611198906,7.030026007641905
16716,175,2,901.2,1,5.170483995038151,1.0986122886681096,6.804836224974296
16717,4,4,1559.66,0,1.6094379124341003,1.6094379124341003,7.3528640876948534
16718,278,1,606.0500000000001,1,5.631211781821365,0.6931471805599453,6.408611159989984
16719,57,5,1283.88,0,4.060443010546419,1.791759469228055,7.158420607754642
16721,171,1,292.47,1,5.147494476813453,0.6931471805599453,5.681775419393111
16722,8,10,3656.58,0,2.1972245773362196,2.3978952727983707,8.20455700551905
16723,0,2,576.4,1,0.0,1.0986122886681096,6.358535267228834
16725,211,7,758.27,1,5.356586274672012,2.0794415416798357,6.632357445363575
16726,105,4,777.16,0,4.663439094112067,1.6094379124341003,6.656932158561185
16727,273,1,256.32,1,5.6131281063880705,0.6931471805599453,5.550320446542799
16728,75,3,548.31,0,4.330733340286331,1.3862943611198906,6.308662945171033
16729,8,17,5343.27,0,2.1972245773362196,2.8903717578961645,8.583780237892286
16730,143,2,480.94,0,4.969813299576001,1.0986122886681096,6.177819624974356
16734,23,2,302.40999999999997,0,3.1780538303479458,1.0986122886681096,5.715085026160327
16735,7,4,1941.15,0,2.0794415416798357,1.6094379124341003,7.571550885827223
16738,206,1,3.75,1,5.332718793265369,0.6931471805599453,3.9102282978770786
16739,85,1,323.0,1,4.454347296253507,0.6931471805599453,5.780743515792329
16743,22,6,1860.9,0,3.1354942159291497,1.9459101490553132,7.529352750702007
16744,5,3,399.11,0,1.791759469228055,1.3862943611198906,5.991739509302413
16745,7,16,6359.1,0,2.0794415416798357,2.833213344056216,8.757799379480998
16746,9,12,4403.53,0,2.302585092994046,2.5649493574615367,8.390388835742456
16748,126,3,910.2,0,4.844187086458591,1.3862943611198906,6.814762412132972
16750,30,3,416.12,0,3.4339872044851463,1.3862943611198906,6.033373950185192
16752,281,1,207.5,1,5.641907070938114,0.6931471805599453,5.339939041238856
16754,281,1,2002.4,1,5.641907070938114,0.6931471805599453,7.602601016177664
16755,23,3,1475.43,1,3.1780538303479458,1.3862943611198906,7.2973822906459604
16756,123,1,239.4,1,4.820281565605037,0.6931471805599453,5.4823042026610525
16757,227,1,106.83000000000001,1,5.429345628954441,0.6931471805599453,4.680555912893981
16761,5,1,316.62,1,1.791759469228055,0.6931471805599453,5.760855699682501
16762,53,1,314.15000000000003,0,3.9889840465642745,0.6931471805599453,5.753048715959119
16763,107,1,611.85,1,4.68213122712422,0.6931471805599453,6.418120207787174
16764,8,4,782.5500000000001,0,2.1972245773362196,1.6094379124341003,6.663834875969225
16765,203,1,34.0,1,5.318119993844216,0.6931471805599453,3.9102282978770786
16766,182,2,1145.6,1,5.209486152841421,1.0986122886681096,7.044556320474283
16767,2,7,4820.46,0,1.0986122886681096,2.0794415416798357,8.480832065742636
16768,12,2,286.49,0,2.5649493574615367,1.0986122886681096,5.66118807702378
16769,169,1,361.54,1,5.135798437050262,0.6931471805599453,5.893134813034773
16770,145,4,649.38,0,4.983606621708336,1.6094379124341003,6.477556807453297
16771,184,3,1651.75,0,5.220355825078325,1.3862943611198906,7.410195846213687
16774,25,3,542.2,0,3.258096538021482,1.3862943611198906,6.297477576244487
16775,31,8,1174.55,0,3.4657359027997265,2.1972245773362196,7.0694914021669835
16777,166,1,173.52,0,5.117993812416755,0.6931471805599453,5.1620393482554086
16778,183,1,93.18,0,5.214935757608986,0.6931471805599453,4.545207844815408
16779,15,15,6376.7300000000005,0,2.772588722239781,2.772588722239781,8.76056751365418
16780,9,2,422.24,1,2.302585092994046,1.0986122886681096,6.047939394035961
16781,281,1,311.25,1,5.641907070938114,0.6931471805599453,5.743804149005687
16782,47,9,1630.4,0,3.8712010109078907,2.302585092994046,7.39719382086648
16788,32,2,594.39,1,3.4965075614664802,1.0986122886681096,6.3892166530089884
16791,31,5,791.87,0,3.4657359027997265,1.791759469228055,6.675659273769901
16792,191,2,110.38000000000001,1,5.2574953720277815,1.0986122886681096,4.7129477781615225
16794,17,4,607.05,0,2.8903717578961645,1.6094379124341003,6.410257115427008
16795,274,1,414.88,1,5.616771097666572,0.6931471805599453,6.030396757109769
16801,72,4,1594.23,1,4.290459441148391,1.6094379124341003,7.374773205449993
16804,179,1,118.05,0,5.19295685089021,0.6931471805599453,4.779543572932872
16805,82,2,460.59,1,4.418840607796598,1.0986122886681096,6.134677051181064
16806,12,4,762.16,1,2.5649493574615367,1.6094379124341003,6.63746770785911
16807,51,3,1121.59,1,3.9512437185814275,1.3862943611198906,7.02339379457603
16808,8,2,288.42,1,2.1972245773362196,1.0986122886681096,5.667878920309847
16809,45,3,470.69,0,3.828641396489095,1.3862943611198906,6.156321990150294
16810,101,1,309.54,1,4.624972813284271,0.6931471805599453,5.738312717553024
16812,269,1,479.35,1,5.598421958998375,0.6931471805599453,6.174515004855747
16813,5,7,1146.84,0,1.791759469228055,2.0794415416798357,7.045637194343918
16814,17,16,5131.69,0,2.8903717578961645,2.833213344056216,8.543385167204493
16816,12,4,417.06,1,2.5649493574615367,1.6094379124341003,6.035624962893636
16817,94,7,1179.43,0,4.553876891600541,2.0794415416798357,7.073634057859347
16818,2,9,2528.47,0,1.0986122886681096,2.302585092994046,7.835765073610267
16820,4,1,497.61,1,1.6094379124341003,0.6931471805599453,6.211824227045576
16823,136,1,358.38,1,4.919980925828125,0.6931471805599453,5.8843803244983075
16824,73,1,222.9,0,4.304065093204169,0.6931471805599453,5.411199523604709
16825,94,1,318.7,0,4.553876891600541,0.6931471805599453,5.767383056065796
16828,2,2,128.5,1,1.0986122886681096,1.0986122886681096,4.863680881139593
16829,65,1,197.22,1,4.189654742026425,0.6931471805599453,5.289377524978562
16832,93,3,199.15,1,4.543294782270004,1.3862943611198906,5.299067085438582
16833,168,3,671.29,0,5.1298987149230735,1.3862943611198906,6.510689795052304
16834,136,1,413.46,1,4.919980925828125,0.6931471805599453,6.026976468109342
16835,37,2,180.85,1,3.6375861597263857,1.0986122886681096,5.2031821714329975
16836,25,1,91.32000000000001,0,3.258096538021482,0.6931471805599453,4.52526080275979
16837,66,9,1911.74,0,4.204692619390966,2.302585092994046,7.556292048023534
16838,106,2,588.85,1,4.672828834461906,1.0986122886681096,6.3798682672878515
16839,18,22,10869.28,0,2.9444389791664403,3.1354942159291497,9.29378773875314
16841,46,5,1561.06,0,3.8501476017100584,1.791759469228055,7.353760741953831
16842,9,3,1264.19,1,2.302585092994046,1.3862943611198906,7.142977587511544
16843,2,13,8809.24,0,1.0986122886681096,2.639057329615259,9.08366996032989
16849,95,1,124.57,1,4.564348191467836,0.6931471805599453,4.8328633720008725
16850,242,1,332.41,1,5.493061443340548,0.6931471805599453,5.809372963868082
16852,85,1,113.06,0,4.454347296253507,0.6931471805599453,4.736724625728392
16858,277,1,375.69000000000005,1,5.627621113690637,0.6931471805599453,5.931422568022302
16859,53,2,747.81,1,3.9889840465642745,1.0986122886681096,6.618485279775063
16861,67,1,70.80000000000001,0,4.219507705176107,0.6931471805599453,4.273884476054179
16863,275,1,164.25,0,5.62040086571715,0.6931471805599453,5.107459478731796
16866,49,3,207.73999999999998,1,3.912023005428146,1.3862943611198906,5.341089458391906
16869,74,2,387.68,0,4.31748811353631,1.0986122886681096,5.9627563829712384
16871,119,4,2037.82,0,4.787491742782046,1.6094379124341003,7.620126488109747
16872,14,2,464.68000000000006,0,2.70805020110221,1.0986122886681096,6.14349870296348
16873,36,4,3871.4700000000003,0,3.6109179126442243,1.6094379124341003,8.261647825327511
16875,53,4,1138.2,0,3.9889840465642745,1.6094379124341003,7.0380815406577115
16877,61,2,188.98,0,4.127134385045092,1.0986122886681096,5.246918803462036
16880,8,6,1093.12,0,2.1972245773362196,1.9459101490553132,6.997705666180399
16882,148,2,215.70000000000002,0,5.003946305945459,1.0986122886681096,5.378513908542313
16883,96,2,272.48,1,4.574710978503383,1.0986122886681096,5.611228493045593
16885,266,1,177.95,0,5.58724865840025,0.6931471805599453,5.187106437212035
16889,103,3,1578.67,1,4.6443908991413725,1.3862943611198906,7.364971243447073
16891,4,3,515.79,0,1.6094379124341003,1.3862943611198906,6.24763660243598
16892,92,1,102.97999999999999,0,4.532599493153256,0.6931471805599453,4.6441985729555695
16893,275,1,145.93,1,5.62040086571715,0.6931471805599453,4.989956282887855
16897,208,2,289.78,1,5.342334251964811,1.0986122886681096,5.672566967503279
16898,86,2,313.77,0,4.465908118654584,1.0986122886681096,5.751842213399761
16899,58,3,510.18,0,4.07753744390572,1.3862943611198906,6.236721778667303
16902,25,1,1706.88,1,3.258096538021482,0.6931471805599453,7.443008114269093
16904,3,14,2948.55,0,1.3862943611198906,2.70805020110221,7.989407895325213
16905,145,3,822.18,0,4.983606621708336,1.3862943611198906,6.713174888792242
16906,95,3,392.99,0,4.564348191467836,1.3862943611198906,5.976325528265178
16907,57,4,658.99,0,4.060443010546419,1.6094379124341003,6.492224683390535
16910,0,1,111.78,0,0.0,0.6931471805599453,4.725439018379036
16912,43,7,1538.58,0,3.784189633918261,2.0794415416798357,7.339264930938102
16913,199,1,113.44,1,5.298317366548036,0.6931471805599453,4.74005066818191
16915,36,4,382.39000000000004,0,3.6109179126442243,1.6094379124341003,5.949052747850944
16916,281,1,196.43,0,5.641907070938114,0.6931471805599453,5.285384091136137
16917,185,1,391.52,1,5.225746673713202,0.6931471805599453,5.972587491338293
16918,4,3,822.7,0,1.6094379124341003,1.3862943611198906,6.713806385947203
16919,65,11,2592.25,1,4.189654742026425,2.4849066497880004,7.8606671943119375
16923,8,14,4763.9400000000005,0,2.1972245773362196,2.70805020110221,8.469040224193705
16926,280,1,230.25,1,5.638354669333745,0.6931471805599453,5.443499376392535
16927,24,3,543.05,1,3.2188758248682006,1.3862943611198906,6.299041154397021
16928,3,15,2370.65,0,1.3862943611198906,2.772588722239781,7.771341194424264
16929,36,2,428.88,0,3.6109179126442243,1.0986122886681096,6.063506099972953
16931,12,14,2897.33,0,2.5649493574615367,2.70805020110221,7.971889988033356
16933,148,1,224.73,0,5.003946305945459,0.6931471805599453,5.4193395947954865
16938,88,3,2386.05,0,4.48863636973214,1.3862943611198906,7.77781357291459
16940,78,2,1868.36,0,4.3694478524670215,1.0986122886681096,7.533351405279802
16942,45,7,1439.44,0,3.828641396489095,2.0794415416798357,7.27270390145301
16943,120,3,816.73,1,4.795790545596741,1.3862943611198906,6.706532208766916
16945,7,13,3007.06,0,2.0794415416798357,2.639057329615259,8.009050631679306
16947,144,1,406.48,1,4.976733742420574,0.6931471805599453,6.009991851721866
16948,47,3,435.02,1,3.8712010109078907,1.3862943611198906,6.0776881138566
16949,94,4,893.75,0,4.553876891600541,1.6094379124341003,6.796544349646135
16950,33,2,778.41,0,3.5263605246161616,1.0986122886681096,6.658537223204646
16951,43,3,1277.75,1,3.784189633918261,1.3862943611198906,7.153638317265837
16952,18,2,167.61,1,2.9444389791664403,1.0986122886681096,5.127588355789889
16954,33,4,1245.3799999999999,0,3.5263605246161616,1.6094379124341003,7.127998628774648
16955,93,4,518.67,1,4.543294782270004,1.6094379124341003,6.25319399473728
16957,148,2,416.64,1,5.003946305945459,1.0986122886681096,6.03461981742191
16960,161,1,201.53,0,5.087596335232384,0.6931471805599453,5.310888023721889
16961,25,1,234.17,1,3.258096538021482,0.6931471805599453,5.46030865686874
16963,96,1,110.55000000000001,1,4.574710978503383,0.6931471805599453,4.714472920878541
16965,135,1,201.19,1,4.912654885736052,0.6931471805599453,5.309207849379209
16966,79,4,1486.56,0,4.382026634673881,1.6094379124341003,7.304892472740758
16967,98,1,319.02,1,4.59511985013459,0.6931471805599453,5.768383493840728
16968,16,1,253.31,0,2.833213344056216,0.6931471805599453,5.5385539952884235
16969,43,2,478.96000000000004,0,3.784189633918261,1.0986122886681096,6.173702767096188
16976,176,1,251.51999999999998,1,5.176149732573829,0.6931471805599453,5.5314904534994245
16979,56,2,555.65,0,4.04305126783455,1.0986122886681096,6.321936676174716
16980,164,2,1028.46,1,5.10594547390058,1.0986122886681096,6.936789671900485
16983,5,5,1185.35,0,1.791759469228055,1.791759469228055,7.0786366456335355
16984,39,1,3213.19,0,3.6888794541139363,0.6931471805599453,8.075330660916054
16985,66,7,3578.54,0,4.204692619390966,2.0794415416798357,8.182989579518878
16987,79,3,629.45,0,4.382026634673881,1.3862943611198906,6.446433850119235
16989,7,2,890.7,0,2.0794415416798357,1.0986122886681096,6.793129753140834
16990,127,1,179.0,1,4.852030263919617,0.6931471805599453,5.19295685089021
16992,7,3,972.35,0,2.0794415416798357,1.3862943611198906,6.880743729735287
16996,30,5,1041.78,0,3.4339872044851463,1.791759469228055,6.949645502742322
16997,197,3,702.0,1,5.288267030694535,1.3862943611198906,6.555356891810665
16998,58,4,295.0,1,4.07753744390572,1.6094379124341003,5.69035945432406
17001,0,8,2793.49,0,0.0,2.1972245773362196,7.935404900245666
17002,124,2,993.52,0,4.8283137373023015,1.0986122886681096,6.902260208700157
17004,1,1,905.6,0,0.6931471805599453,0.6931471805599453,6.809701338506749
17007,64,5,575.44,0,4.174387269895637,1.791759469228055,6.356871257970161
17015,94,1,520.55,0,4.553876891600541,0.6931471805599453,6.25680514712198
17017,71,14,5431.28,0,4.276666119016055,2.70805020110221,8.600114214301815
17018,234,1,405.0,0,5.459585514144159,0.6931471805599453,6.0063531596017325
17019,170,3,995.93,0,5.14166355650266,1.3862943611198906,6.904680556865061
17024,8,2,56.25,0,2.1972245773362196,1.0986122886681096,4.047427642434349
17025,282,2,160.97,0,5.641907070938114,1.0986122886681096,5.087411132898305
17026,94,2,154.82999999999998,1,4.553876891600541,1.0986122886681096,5.048765669457523
17027,88,4,645.23,0,4.48863636973214,1.6094379124341003,6.471155477568118
17029,19,2,716.0,1,2.995732273553991,1.0986122886681096,6.57507584059962
17031,63,1,225.95,0,4.1588830833596715,0.6931471805599453,5.4247297289024745
17033,123,2,608.1,0,4.820281565605037,1.0986122886681096,6.411982457842439
17034,196,1,141.79999999999998,0,5.2832037287379885,0.6931471805599453,4.961445049905484
17035,154,2,433.53000000000003,1,5.043425116919247,1.0986122886681096,6.07426498720113
17040,46,1,449.73,1,3.8501476017100584,0.6931471805599453,6.110868490605405
17041,17,2,750.89,0,2.8903717578961645,1.0986122886681096,6.62259003665463
17042,30,4,915.02,0,3.4339872044851463,1.6094379124341003,6.820038198496906
17043,87,2,324.96999999999997,0,4.477336814478207,1.0986122886681096,5.786805352592313
17045,22,3,339.44,1,3.1354942159291497,1.3862943611198906,5.83023889860876
17046,66,1,642.02,1,4.204692619390966,0.6931471805599453,6.466175827952961
17047,114,2,749.4300000000001,0,4.74493212836325,1.0986122886681096,6.620646375570927
17048,26,3,925.35,1,3.295836866004329,1.3862943611198906,6.831252132996021
17049,26,5,2606.65,0,3.295836866004329,1.791759469228055,7.866204711586601
17050,5,6,3185.64,1,1.791759469228055,1.9459101490553132,8.066722349141488
17051,103,1,240.89000000000001,1,4.6443908991413725,0.6931471805599453,5.48848307736504
17053,39,1,498.48,1,3.6888794541139363,0.6931471805599453,6.213567557246944
17054,46,4,1207.32,0,3.8501476017100584,1.6094379124341003,7.096986244077026
17058,108,2,819.66,0,4.6913478822291435,1.0986122886681096,6.710108894566446
17059,19,4,2237.1,0,2.995732273553991,1.6094379124341003,7.7133825706260835
17060,175,1,234.24,1,5.170483995038151,0.6931471805599453,5.460606269591755
17061,19,10,4658.83,0,2.995732273553991,2.3978952727983707,8.44673424576756
17062,222,4,533.33,1,5.407171771460119,1.6094379124341003,6.281013625618804
17063,72,4,671.87,0,4.290459441148391,1.6094379124341003,6.5115521460528445
17064,91,2,457.40000000000003,0,4.5217885770490405,1.0986122886681096,6.12774216540053
17068,3,16,3539.29,0,1.3862943611198906,2.833213344056216,8.17196392367644
17069,64,5,1495.79,0,4.174387269895637,1.791759469228055,7.311078094018268
17070,23,1,304.24,1,3.1780538303479458,0.6931471805599453,5.721098352421432
17071,43,6,1402.42,0,3.784189633918261,1.9459101490553132,7.246667393821103
17073,18,1,453.79,0,2.9444389791664403,0.6931471805599453,6.119835773947753
17075,162,3,696.07,0,5.093750200806762,1.3862943611198906,6.5468858361337965
17076,182,2,334.2,0,5.209486152841421,1.0986122886681096,5.814727368607928
17080,178,1,76.32000000000001,0,5.187385805840755,0.6931471805599453,4.34795265434013
17082,227,1,636.94,0,5.429345628954441,0.6931471805599453,6.458244235035239
17083,18,3,1405.78,1,2.9444389791664403,1.3862943611198906,7.249058683836842
17085,32,5,1562.4,1,3.4965075614664802,1.791759469228055,7.35461821578623
17088,91,2,1399.1100000000001,0,4.5217885770490405,1.0986122886681096,7.244306083945348
17090,7,4,811.77,0,2.0794415416798357,1.6094379124341003,6.700448166694228
17091,7,7,2692.0,0,2.0794415416798357,2.0794415416798357,7.898411092811599
17092,35,2,629.32,0,3.58351893845611,1.0986122886681096,6.446227626937433
17094,231,1,302.0,1,5.44673737166631,0.6931471805599453,5.713732805509369
17095,208,2,543.96,0,5.342334251964811,1.0986122886681096,6.3007123974743235
17096,52,2,443.94,0,3.970291913552122,1.0986122886681096,6.0979394416149875
17097,9,6,639.53,0,2.302585092994046,1.9459101490553132,6.462295958647399
17101,87,1,230.57999999999998,0,4.477336814478207,0.6931471805599453,5.444925386184127
17102,170,1,25.5,1,5.14166355650266,0.6931471805599453,3.9102282978770786
17105,68,2,665.78,1,4.23410650459726,1.0986122886681096,6.50246015642561
17107,64,3,6332.61,0,4.174387269895637,1.3862943611198906,8.753625652736867
17109,141,2,464.59000000000003,0,4.955827057601261,1.0986122886681096,6.14330541852335
17110,74,1,163.29999999999998,1,4.31748811353631,0.6931471805599453,5.101694025043222
17114,47,6,601.9399999999999,0,3.8712010109078907,1.9459101490553132,6.401817689288922
17115,91,2,612.82,0,4.5217885770490405,1.0986122886681096,6.419701725558344
17117,197,1,116.19999999999999,1,5.288267030694535,0.6931471805599453,4.763881877142913
17118,226,1,157.02,1,5.424950017481403,0.6931471805599453,5.062721607294587
17120,142,1,307.46,1,4.962844630259907,0.6931471805599453,5.731592175295468
17122,28,1,138.32,1,3.367295829986474,0.6931471805599453,4.9367734454978
17123,70,1,345.29999999999995,1,4.2626798770413155,0.6931471805599453,5.847305451408376
17124,94,1,294.24,1,4.553876891600541,0.6931471805599453,5.687788584901852
17126,61,5,989.45,1,4.127134385045092,1.791759469228055,6.89815938530869
17128,243,1,157.09,1,5.497168225293202,0.6931471805599453,5.063164491108096
17133,99,3,2478.79,0,4.605170185988092,1.3862943611198906,7.815929158154338
17134,15,2,413.2,1,2.772588722239781,1.0986122886681096,6.026348948961484
17135,198,2,500.55,0,5.293304824724492,1.0986122886681096,6.217703303329494
17138,184,1,380.5,1,5.220355825078325,0.6931471805599453,5.9441108507245115
17139,31,7,6851.82,0,3.4657359027997265,2.0794415416798357,8.832415525371907
17140,156,1,454.12,1,5.056245805348308,0.6931471805599453,6.1205611204423915
17142,148,1,579.0,1,5.003946305945459,0.6931471805599453,6.363028103540465
17146,14,3,749.78,1,2.70805020110221,1.3862943611198906,6.621112666105018
17147,115,2,973.11,0,4.7535901911063645,1.0986122886681096,6.8815242336106754
17152,103,3,1689.5,1,4.6443908991413725,1.3862943611198906,7.43277962214794
17155,86,1,143.3,0,4.465908118654584,0.6931471805599453,4.971894465779825
17157,85,1,161.46,0,4.454347296253507,0.6931471805599453,5.090431817622807
17158,141,2,698.55,0,4.955827057601261,1.0986122886681096,6.550437271179295
17159,80,1,528.45,0,4.394449154672439,0.6931471805599453,6.271838731876463
17160,18,5,3001.18,0,2.9444389791664403,1.791759469228055,8.007093970422526
17162,40,9,1463.66,0,3.713572066704308,2.302585092994046,7.289378412604731
17164,60,3,1270.42,0,4.110873864173311,1.3862943611198906,7.14788966506916
17165,193,1,158.68,1,5.267858159063328,0.6931471805599453,5.073171812563154
17166,112,1,127.59,0,4.727387818712341,0.6931471805599453,4.856629048282348
17169,92,1,308.68,0,4.532599493153256,0.6931471805599453,5.735539506269393
17171,198,1,224.91,1,5.293304824724492,0.6931471805599453,5.420136689869131
17173,25,2,961.26,0,3.258096538021482,1.0986122886681096,6.869284684419546
17174,126,1,59.9,1,4.844187086458591,0.6931471805599453,4.109233174715851
17175,50,3,1132.6299999999999,0,3.9318256327243257,1.3862943611198906,7.033180152387622
17176,110,1,306.13,1,4.709530201312334,0.6931471805599453,5.7272711107251055
17179,87,3,711.79,1,4.477336814478207,1.3862943611198906,6.569186846877494
17180,150,3,552.8,0,5.017279836814924,1.3862943611198906,6.316803610736861
17181,282,1,155.52,0,5.641907070938114,0.6931471805599453,5.053183797342212
17183,14,1,329.67,0,2.70805020110221,0.6931471805599453,5.801120899211115
17187,135,1,203.95,1,4.912654885736052,0.6931471805599453,5.322766046950346
17188,73,5,1815.09,0,4.304065093204169,1.791759469228055,7.504441117404574
17189,15,2,383.75,1,2.772588722239781,1.0986122886681096,5.952593772718989
17190,116,1,195.0,0,4.762173934797756,0.6931471805599453,5.278114659230518
17191,3,6,1561.51,0,1.3862943611198906,1.9459101490553132,7.354048781590077
17193,85,2,448.56000000000006,0,4.454347296253507,1.0986122886681096,6.108269326650066
17194,182,2,262.62,1,5.209486152841421,1.0986122886681096,5.57450867228432
17198,274,2,521.66,0,5.616771097666572,1.0986122886681096,6.258931157058855
17204,84,4,1564.56,1,4.442651256490317,1.6094379124341003,7.355998866445309
17211,89,6,1464.89,0,4.499809670330265,1.9459101490553132,7.290217845524985
17212,162,1,226.85,1,5.093750200806762,0.6931471805599453,5.428687517709892
17213,50,5,1780.01,0,3.9318256327243257,1.791759469228055,7.4849358980970315
17214,158,4,611.97,0,5.0689042022202315,1.6094379124341003,6.418315995097519
17217,143,1,113.5,1,4.969813299576001,0.6931471805599453,4.740574822994295
17218,123,5,943.58,0,4.820281565605037,1.791759469228055,6.850740384254593
17220,8,10,2288.08,0,2.1972245773362196,2.3978952727983707,7.735905269101559
17223,219,2,416.89,1,5.393627546352361,1.0986122886681096,6.035218239997905
17226,217,1,393.49,1,5.384495062789089,0.6931471805599453,5.977593791422191
17227,81,3,473.75,0,4.406719247264253,1.3862943611198906,6.162788349692395
17228,116,4,687.58,0,4.762173934797756,1.6094379124341003,6.534631506044636
17229,5,2,318.76,1,1.791759469228055,1.0986122886681096,5.767570714403068
17230,173,8,3638.41,1,5.159055299214529,2.1972245773362196,8.199576859581033
17231,35,7,1905.82,0,3.58351893845611,2.0794415416798357,7.553192212052672
17234,91,1,149.89000000000001,1,4.5217885770490405,0.6931471805599453,5.0165510945255605
17235,281,1,341.9,0,5.641907070938114,0.6931471805599453,5.837438859468874
17236,88,5,697.73,0,4.48863636973214,1.791759469228055,6.549264401519426
17238,45,11,1943.57,0,3.828641396489095,2.4849066497880004,7.572796151919312
17239,221,1,382.5,1,5.402677381872279,0.6931471805599453,5.949339620807311
17242,17,2,1135.04,1,2.8903717578961645,1.0986122886681096,7.0353038099288
17243,1,16,4332.36,0,0.6931471805599453,2.833213344056216,8.374098501602782
17245,113,1,171.45,1,4.736198448394496,0.6931471805599453,5.15010733938285
17248,29,1,318.65,1,3.4011973816621555,0.6931471805599453,5.767226647212736
17250,170,1,162.65,0,5.14166355650266,0.6931471805599453,5.097730000947189
17251,271,1,269.83,1,5.605802066295998,0.6931471805599453,5.601491317767735
17252,25,2,348.91,1,3.258096538021482,1.0986122886681096,5.857675978559423
17255,208,1,108.26,0,5.342334251964811,0.6931471805599453,4.693730362967572
17256,16,2,240.0,1,2.833213344056216,1.0986122886681096,5.484796933490655
17259,57,2,581.23,1,4.060443010546419,1.0986122886681096,6.366865558668267
17262,136,4,955.3600000000001,0,4.919980925828125,1.6094379124341003,6.863134411204733
17263,117,1,63.440000000000005,1,4.770684624465665,0.6931471805599453,4.165734558308774
17265,47,2,550.01,1,3.8712010109078907,1.0986122886681096,6.311752957808554
17266,56,1,113.06,0,4.04305126783455,0.6931471805599453,4.736724625728392
17267,36,2,317.2,1,3.6109179126442243,1.0986122886681096,5.762680115903686
17268,16,4,763.64,1,2.833213344056216,1.6094379124341003,6.639405134829848
17272,108,2,1409.44,0,4.6913478822291435,1.0986122886681096,7.251656991430226
17277,136,2,1065.3500000000001,1,4.919980925828125,1.0986122886681096,6.9719968810436015
17278,150,1,246.04,1,5.017279836814924,0.6931471805599453,5.509550266836412
17282,39,3,1685.46,1,3.6888794541139363,1.3862943611198906,7.430386936461763
17284,29,5,1489.04,0,3.4011973816621555,1.791759469228055,7.306558244216751
17287,52,5,702.41,0,3.970291913552122,1.791759469228055,6.555939936600754
17288,116,5,663.7,0,4.762173934797756,1.791759469228055,6.499335811047536
17289,89,1,164.45,0,4.499809670330265,0.6931471805599453,5.108669034367621
17291,217,1,550.8000000000001,1,5.384495062789089,0.6931471805599453,6.313185661783185
17293,28,5,867.03,0,3.367295829986474,1.791759469228055,6.766226276275072
17298,10,2,498.42,1,2.3978952727983707,1.0986122886681096,6.21344742510144
17299,9,2,268.19,0,2.302585092994046,1.0986122886681096,5.595417449978076
17302,31,3,661.61,0,3.4657359027997265,1.3862943611198906,6.496186581813487
17303,270,1,250.04,1,5.602118820879701,0.6931471805599453,5.525612288984722
17306,8,15,6700.06,0,2.1972245773362196,2.772588722239781,8.810021001820564
17309,4,1,82.75,1,1.6094379124341003,0.6931471805599453,4.427836170705175
17311,225,1,556.46,0,5.420534999272286,0.6931471805599453,6.323390751881276
17312,47,3,644.3,1,3.8712010109078907,1.3862943611198906,6.469715324941794
17314,57,5,1506.92,0,4.060443010546419,1.791759469228055,7.318486496762802
17315,9,30,4368.09,0,2.302585092994046,3.1780538303479458,8.382310028418827
17320,9,3,1200.6200000000001,1,2.302585092994046,1.3862943611198906,7.091425925345387
17323,33,4,530.95,0,3.5263605246161616,1.6094379124341003,6.276549499962375
17324,240,2,702.23,0,5.484796933490655,1.0986122886681096,6.555684007577006
17325,189,1,96.8,1,5.247024072160486,0.6931471805599453,4.582924577040772
17329,224,1,243.36,0,5.41610040220442,0.6931471805599453,5.498642547781566
17331,32,1,175.2,1,3.4965075614664802,0.6931471805599453,5.171619713502079
17334,211,2,307.02,1,5.356586274672012,1.0986122886681096,5.73016471593032
17337,60,4,1981.06,1,4.110873864173311,1.6094379124341003,7.591891986883801
17338,23,7,5163.92,0,3.1780538303479458,2.0794415416798357,8.549644892566409
17339,3,2,243.36,1,1.3862943611198906,1.0986122886681096,5.498642547781566
17340,29,7,7593.65,0,3.4011973816621555,2.0794415416798357,8.935199331018712
17341,65,3,682.29,1,4.189654742026425,1.3862943611198906,6.5269193668194045
17343,264,1,193.64,1,5.579729825986222,0.6931471805599453,5.271151698475267
17345,2,3,281.18,0,1.0986122886681096,1.3862943611198906,5.642545165185012
17346,12,8,1228.78,0,2.5649493574615367,2.1972245773362196,7.114590570580168
17348,206,1,160.15,0,5.332718793265369,0.6931471805599453,5.082335608261447
17349,88,1,98.25,1,4.48863636973214,0.6931471805599453,4.5976419195673
17351,78,2,427.3,0,4.3694478524670215,1.0986122886681096,6.059823884621325
17353,38,2,1740.0,1,3.6635616461296463,1.0986122886681096,7.462214939768189
17356,220,1,178.22,1,5.3981627015177525,0.6931471805599453,5.188614101456073
17358,212,2,360.81,1,5.3612921657094255,1.0986122886681096,5.891119212159107
17360,93,1,320.9,0,4.543294782270004,0.6931471805599453,5.774240938304763
17361,95,2,263.92,0,4.564348191467836,1.0986122886681096,5.579427893616779
17362,148,2,312.23,1,5.003946305945459,1.0986122886681096,5.746937744970129
17364,46,6,2617.41,0,3.8501476017100584,1.9459101490553132,7.870322542305861
17365,78,5,2336.81,0,4.3694478524670215,1.791759469228055,7.756969872690401
17367,147,1,167.55,1,4.997212273764115,0.6931471805599453,5.12723244168007
17368,2,6,1605.07,0,1.0986122886681096,1.9459101490553132,7.381545480107277
17370,1,2,228.06,0,0.6931471805599453,1.0986122886681096,5.43398397796957
17371,270,1,92.14,0,5.602118820879701,0.6931471805599453,4.534103737554231
17372,75,6,1055.63,0,4.330733340286331,1.9459101490553132,6.962839877285689
17373,43,2,287.3,0,3.784189633918261,1.0986122886681096,5.664001604644357
17374,127,2,495.77,1,4.852030263919617,1.0986122886681096,6.208127142322502
17375,108,3,400.1,1,4.6913478822291435,1.3862943611198906,5.9942107727760074
17376,220,1,105.85,0,5.3981627015177525,0.6931471805599453,4.671425981765156
17377,35,9,2040.34,0,3.58351893845611,2.302585092994046,7.621361733943452
17381,8,24,18261.65,0,2.1972245773362196,3.1780538303479458,9.584183313001468
17384,128,1,227.65,0,4.859812404361672,0.6931471805599453,5.432192450104064
17386,8,5,1697.3400000000001,0,2.1972245773362196,1.791759469228055,7.437406582398086
17388,40,3,953.0300000000001,0,3.713572066704308,1.3862943611198906,6.860695117494735
17389,4,25,9504.08,0,1.6094379124341003,3.1780538303479458,9.15958167150994
17391,72,2,508.8,1,4.290459441148391,1.0986122886681096,6.234018491942015
17392,215,2,417.27,1,5.375278407684165,1.0986122886681096,6.036127157014171
17394,128,1,203.86999999999998,1,4.859812404361672,0.6931471805599453,5.3223756316411075
17396,57,6,4801.8,0,4.060443010546419,1.9459101490553132,8.476954360156563
17398,23,3,653.38,1,3.1780538303479458,1.3862943611198906,6.483688222474311
17400,35,5,2097.84,1,3.58351893845611,1.791759469228055,7.649140090140571
17402,10,8,1732.45,0,2.3978952727983707,2.1972245773362196,7.4578689213286555
17404,32,10,21004.3,0,3.4965075614664802,2.3978952727983707,9.584183313001468
17405,59,1,393.31,0,4.0943445622221,0.6931471805599453,5.977137401961936
17406,242,3,2184.42,1,5.493061443340548,1.3862943611198906,7.689563308737489
17408,72,1,32.65,1,4.290459441148391,0.6931471805599453,3.9102282978770786
17409,93,2,771.85,1,4.543294782270004,1.0986122886681096,6.6500849805983275
17410,5,2,419.55,0,1.791759469228055,1.0986122886681096,6.041563378408446
17411,170,1,285.58,0,5.14166355650266,0.6931471805599453,5.658017729288456
17412,105,4,709.82,0,4.663439094112067,1.6094379124341003,6.566419233194723
17414,93,1,598.0,0,4.543294782270004,0.6931471805599453,6.395261598115449
17416,18,5,5294.49,0,2.9444389791664403,1.791759469228055,8.574610793886134
17418,232,1,167.39000000000001,0,5.4510384535657,0.6931471805599453,5.126282717622217
17419,52,8,2660.0,0,3.970291913552122,2.1972245773362196,7.886457270977689
17420,80,2,391.51,0,4.394449154672439,1.0986122886681096,5.972562014604918
17422,2,5,1698.97,0,1.0986122886681096,1.791759469228055,7.438365882829773
17423,126,1,449.42,0,4.844187086458591,0.6931471805599453,6.110180480812966
17426,0,4,4280.59,0,0.0,1.6094379124341003,8.362079714915641
17428,19,20,10661.09,0,2.995732273553991,3.044522437723423,9.2744497385401
17429,37,3,524.9200000000001,1,3.6375861597263857,1.3862943611198906,6.265149109915909
17430,274,1,112.6,0,5.616771097666572,0.6931471805599453,4.732683506287051
17431,222,1,403.3,1,5.407171771460119,0.6931471805599453,6.002157176646725
17436,135,1,122.39999999999999,0,4.912654885736052,0.6931471805599453,4.8154311114712876
17438,162,1,388.45000000000005,1,5.093750200806762,0.6931471805599453,5.9647354873659575
17440,65,3,186.42000000000002,1,4.189654742026425,1.3862943611198906,5.233352087695677
17442,2,5,1921.69,0,1.0986122886681096,1.791759469228055,7.561480526145366
17443,128,1,534.24,1,4.859812404361672,0.6931471805599453,6.282715244436788
17444,56,3,2940.04,1,4.04305126783455,1.3862943611198906,7.9865185392775535
17446,85,2,120.9,1,4.454347296253507,1.0986122886681096,4.803201036487226
17449,3,4,1497.55,0,1.3862943611198906,1.6094379124341003,7.312253252900096
17450,4,23,86301.54,0,1.6094379124341003,3.1780538303479458,9.584183313001468
17451,14,1,346.01,0,2.70805020110221,0.6931471805599453,5.84935359797542
17454,101,4,517.53,1,4.624972813284271,1.6094379124341003,6.25099788520506
17455,112,1,131.7,1,4.727387818712341,0.6931471805599453,4.888090941338162
17456,274,1,249.86,1,5.616771097666572,0.6931471805599453,5.524895014596528
17457,35,5,1737.7,1,3.58351893845611,1.791759469228055,7.460892986533744
17460,3,6,622.4300000000001,1,1.3862943611198906,1.9459101490553132,6.435236489370733
17462,193,1,463.40999999999997,0,5.267858159063328,0.6931471805599453,6.140767782752969
17463,85,3,1227.59,0,4.454347296253507,1.3862943611198906,7.113622449351106
17464,67,1,289.96000000000004,1,4.219507705176107,0.6931471805599453,5.673185800678734
17469,17,3,1050.27,0,2.8903717578961645,1.3862943611198906,6.957754236076459
17470,36,4,816.47,0,3.6109179126442243,1.6094379124341003,6.706214204850341
17472,100,3,697.54,1,4.61512051684126,1.3862943611198906,6.548992442626483
17481,2,1,260.63,0,1.0986122886681096,0.6931471805599453,5.566931291907004
17483,43,2,274.74,0,3.784189633918261,1.0986122886681096,5.619458392743483
17486,170,1,396.87,1,5.14166355650266,0.6931471805599453,5.986125318762377
17489,121,1,208.56,0,4.804021044733257,0.6931471805599453,5.345010094540019
17490,85,1,305.2,0,4.454347296253507,0.6931471805599453,5.7242384832235835
17491,4,6,2118.11,0,1.6094379124341003,1.9459101490553132,7.658751468199861
17492,157,1,374.57,1,5.062595033026967,0.6931471805599453,5.92844487193968
17496,267,1,271.05,1,5.5909869805108565,0.6931471805599453,5.605985872931934
17499,198,1,622.88,1,5.293304824724492,0.6931471805599453,6.435958042183625
17501,129,2,288.6,1,4.867534450455582,1.0986122886681096,5.668500660511562
17504,115,9,2997.0299999999997,1,4.7535901911063645,2.302585092994046,8.00571068528359
17505,70,2,1145.84,1,4.2626798770413155,1.0986122886681096,7.0447656130660885
17507,170,2,605.58,1,5.14166355650266,1.0986122886681096,6.407836624054821
17508,189,1,387.31,1,5.247024072160486,0.6931471805599453,5.961803989689555
17511,2,21,59375.75,0,1.0986122886681096,3.091042453358316,9.584183313001468
17512,30,8,1891.9,0,3.4339872044851463,2.1972245773362196,7.5458653236121735
17514,37,1,208.65,1,3.6375861597263857,0.6931471805599453,5.345439473616771
17515,115,3,571.37,0,4.7535901911063645,1.3862943611198906,6.349785635407329
17516,28,4,605.65,0,3.367295829986474,1.6094379124341003,6.407952018497882
17517,217,1,153.94,1,5.384495062789089,0.6931471805599453,5.043037945203756
17519,42,5,1488.0,0,3.7612001156935624,1.791759469228055,7.305860032684009
17521,108,1,159.56,0,4.6913478822291435,0.6931471805599453,5.078667704488082
17522,47,4,912.25,0,3.8712010109078907,1.6094379124341003,6.817009665675392
17524,270,1,145.0,1,5.602118820879701,0.6931471805599453,4.983606621708336
17525,268,1,422.70000000000005,1,5.594711379601839,0.6931471805599453,6.049025657632514
17526,199,3,872.8,0,5.298317366548036,1.3862943611198906,6.772851516517336
17527,18,2,606.62,0,2.9444389791664403,1.0986122886681096,6.409549686572249
17530,115,6,1365.26,0,4.7535901911063645,1.9459101490553132,7.219832358768628
17531,99,1,296.7,1,4.605170185988092,0.6931471805599453,5.69608626802173
17535,189,1,164.4,1,5.247024072160486,0.6931471805599453,5.108366782589591
17536,86,1,76.5,1,4.465908118654584,0.6931471805599453,4.350277936359301
17537,212,1,620.75,0,5.3612921657094255,0.6931471805599453,6.432538082683514
17540,225,1,268.8,0,5.420534999272286,0.6931471805599453,5.597680943773655
17542,178,1,170.75,1,5.187385805840755,0.6931471805599453,5.146039931102459
17548,142,1,103.3,1,4.962844630259907,0.6931471805599453,4.647271362006727
17550,106,3,267.16,1,4.672828834461906,1.3862943611198906,5.591583817293718
17551,268,1,290.34,1,5.594711379601839,0.6931471805599453,5.674490970020802
17552,281,2,298.52,0,5.641907070938114,1.0986122886681096,5.702181193289227
17553,38,1,1487.6,1,3.6635616461296463,0.6931471805599453,7.305591359925811
17554,31,2,1249.89,0,3.4657359027997265,1.0986122886681096,7.131610576944597
17555,243,1,195.45,0,5.497168225293202,0.6931471805599453,5.280407946004469
17556,114,1,157.9,1,4.74493212836325,0.6931471805599453,5.0682750735426705
17560,3,4,854.95,1,1.3862943611198906,1.6094379124341003,6.7522119632207875
17562,18,4,661.1,0,2.9444389791664403,1.6094379124341003,6.495416601930801
17567,1,6,2925.45,0,0.6931471805599453,1.9459101490553132,7.9815453633298965
17569,241,1,344.14,1,5.488937726156687,0.6931471805599453,5.843950131819433
17571,54,3,559.55,0,4.007333185232471,1.3862943611198906,6.328918444599602
17572,8,3,196.0,0,2.1972245773362196,1.3862943611198906,5.2832037287379885
17573,2,1,174.71,0,1.0986122886681096,0.6931471805599453,5.168834908769801
17574,151,1,185.65,1,5.0238805208462765,0.6931471805599453,5.229235205360593
17576,8,14,2266.25,0,2.1972245773362196,2.70805020110221,7.726322922327677
17578,127,1,143.45999999999998,1,4.852030263919617,0.6931471805599453,4.973002652622701
17579,46,2,270.86,0,3.8501476017100584,1.0986122886681096,5.605287227907102
17580,161,3,215.72,1,5.087596335232384,1.3862943611198906,5.37860619777684
17581,18,17,6522.29,0,2.9444389791664403,2.8903717578961645,8.783134128879304
17582,145,1,175.27,1,4.983606621708336,0.6931471805599453,5.1720169104318625
17584,36,1,749.45,0,3.6109179126442243,0.6931471805599453,6.620673026602324
17585,18,4,1116.68,1,2.9444389791664403,1.6094379124341003,7.019010387342232
17588,9,3,1240.2,1,2.302585092994046,1.3862943611198906,7.123833932574225
17589,60,3,1843.07,0,4.110873864173311,1.3862943611198906,7.519730364350488
17591,31,6,1840.8700000000001,0,3.4657359027997265,1.9459101490553132,7.518536638863233
17593,0,4,3245.66,0,0.0,1.6094379124341003,8.085382054578272
17594,163,1,315.0,0,5.099866427824199,0.6931471805599453,5.755742213586912
17596,45,4,1737.08,0,3.828641396489095,1.6094379124341003,7.4605363346854405
17597,122,1,2044.3700000000001,1,4.812184355372417,0.6931471805599453,7.623333981206562
17601,148,1,116.00999999999999,1,5.003946305945459,0.6931471805599453,4.7622594012308666
17602,33,2,909.5500000000001,0,3.5263605246161616,1.0986122886681096,6.814048812541829
17604,126,2,309.36,1,4.844187086458591,1.0986122886681096,5.737732914025749
17609,211,2,531.25,0,5.356586274672012,1.0986122886681096,6.2771133037735884
17611,32,9,2701.15,0,3.4965075614664802,2.302585092994046,7.901803031413028
17612,4,5,1682.94,0,1.6094379124341003,1.791759469228055,7.4288915647138465
17613,26,9,2976.69,0,3.295836866004329,2.302585092994046,7.998903111116315
17615,39,3,329.6,1,3.6888794541139363,1.3862943611198906,5.8009091853869235
17616,82,3,571.1999999999999,1,4.418840607796598,1.3862943611198906,6.3494885806160095
17618,157,2,625.48,0,5.062595033026967,1.0986122886681096,6.440116850442682
17619,221,1,214.37,1,5.402677381872279,0.6931471805599453,5.372357479256501
17621,221,2,901.78,0,5.402677381872279,1.0986122886681096,6.805478891397151
17624,127,1,400.3,0,4.852030263919617,0.6931471805599453,5.994709277272871
17625,49,2,1227.13,0,3.912023005428146,1.0986122886681096,7.113247966296158
17629,29,5,798.38,0,3.4011973816621555,1.791759469228055,6.683836427200176
17630,78,2,503.59999999999997,1,4.3694478524670215,1.0986122886681096,6.223766036206957
17631,46,2,416.5,0,3.8501476017100584,1.0986122886681096,6.0342845442909105
17633,12,2,648.61,0,2.5649493574615367,1.0986122886681096,6.47637218281765
17634,1,7,2077.07,0,0.6931471805599453,2.0794415416798357,7.639194857328571
17637,24,1,338.95,0,3.2188758248682006,0.6931471805599453,5.828798547972468
17639,185,1,108.5,1,5.225746673713202,0.6931471805599453,4.695924549256556
17642,28,2,712.29,1,3.367295829986474,1.0986122886681096,6.569888069839022
17643,282,1,101.55,1,5.641907070938114,0.6931471805599453,4.63035048451839
17644,29,7,1625.63,0,3.4011973816621555,2.0794415416798357,7.394265668941425
17646,128,3,1008.39,1,4.859812404361672,1.3862943611198906,6.917101466981717
17648,101,3,1107.39,0,4.624972813284271,1.3862943611198906,7.010663790934411
17649,47,1,868.49,1,3.8712010109078907,0.6931471805599453,6.767906832865638
17651,64,4,1148.01,0,4.174387269895637,1.6094379124341003,7.0466559810310745
17652,53,6,2713.57,0,3.9889840465642745,1.9459101490553132,7.906388840450849
17653,8,2,343.34,0,2.1972245773362196,1.0986122886681096,5.841629541348326
17654,186,1,117.55,1,5.231108616854587,0.6931471805599453,4.775334812511415
17655,25,5,1903.3300000000002,0,3.258096538021482,1.791759469228055,7.551885519660982
17656,15,3,927.65,0,2.772588722239781,1.3862943611198906,6.833731918633351
17658,120,1,317.59999999999997,0,4.795790545596741,0.6931471805599453,5.763936397475948
17659,9,9,1653.03,0,2.302585092994046,2.302585092994046,7.41097001326679
17660,50,1,178.75,1,3.9318256327243257,0.6931471805599453,5.191566996601156
17663,63,4,1016.53,0,4.1588830833596715,1.6094379124341003,6.925133400911589
17664,121,1,326.19,0,4.804021044733257,0.6931471805599453,5.7905410419143655
17667,70,4,1751.01,0,4.2626798770413155,1.6094379124341003,7.468518979242605
17669,31,5,2433.22,0,3.4657359027997265,1.791759469228055,7.797381655658449
17670,136,1,205.7,1,4.919980925828125,0.6931471805599453,5.331268466687723
17671,66,3,1098.55,0,4.204692619390966,1.3862943611198906,7.002656284176857
17672,218,1,1177.8400000000001,0,5.389071729816501,0.6931471805599453,7.072286183100865
17673,71,4,1175.62,0,4.276666119016055,1.6094379124341003,7.070401200416095
17674,277,1,300.66,0,5.627621113690637,0.6931471805599453,5.709300555340106
17675,10,23,14074.19,0,2.3978952727983707,3.1780538303479458,9.55216895202868
17676,18,4,730.84,0,2.9444389791664403,1.6094379124341003,6.595561910834416
17677,9,20,11666.5,0,2.302585092994046,3.044522437723423,9.36456247782397
17678,172,1,298.11,1,5.153291594497779,0.6931471805599453,5.700811398711247
17682,24,5,1899.3500000000001,0,3.2188758248682006,1.791759469228055,7.549793358716172
17685,175,5,1512.72,0,5.170483995038151,1.791759469228055,7.32232547633896
17686,29,5,4589.35,0,3.4011973816621555,1.791759469228055,8.431711552870812
17690,10,11,3495.53,0,2.3978952727983707,2.4849066497880004,8.159526327115694
17691,267,2,290.40000000000003,1,5.5909869805108565,1.0986122886681096,5.674696893761104
17692,36,4,740.9399999999999,1,3.6109179126442243,1.6094379124341003,6.6092683773641365
17693,46,1,200.47,1,3.8501476017100584,0.6931471805599453,5.305640486927818
17694,50,1,283.12,1,3.9318256327243257,0.6931471805599453,5.649396684129609
17695,40,2,765.34,1,3.713572066704308,1.0986122886681096,6.641625935491769
17696,17,7,1915.5900000000001,0,2.8903717578961645,2.0794415416798357,7.558302844323265
17697,145,1,338.95,1,4.983606621708336,0.6931471805599453,5.828798547972468
17698,169,1,154.95,1,5.135798437050262,0.6931471805599453,5.049535443053812
17700,3,3,1681.83,0,1.3862943611198906,1.3862943611198906,7.428232178987932
17701,161,1,417.95,1,5.087596335232384,0.6931471805599453,6.037751581059295
17702,17,3,1338.77,0,2.8903717578961645,1.3862943611198906,7.200253236421775
17703,18,2,490.96,0,2.9444389791664403,1.0986122886681096,6.198397412374209
17704,77,2,885.19,1,4.356708826689592,1.0986122886681096,6.7869313745672155
17705,15,6,968.0,0,2.772588722239781,1.9459101490553132,6.876264611890766
17706,9,12,8027.5,0,2.302585092994046,2.5649493574615367,8.990752989989739
17707,94,2,152.4,1,4.553876891600541,1.0986122886681096,5.0330488889331555
17708,96,2,263.33,1,4.574710978503383,1.0986122886681096,5.577198322546748
17709,78,1,137.45,1,4.3694478524670215,0.6931471805599453,4.9305092496169705
17711,198,1,220.53000000000003,0,5.293304824724492,0.6931471805599453,5.400558020494584
17714,229,1,153.0,1,5.438079308923196,0.6931471805599453,5.0369526024136295
17715,109,1,326.4,1,4.700480365792417,0.6931471805599453,5.791182664937034
17716,3,7,4136.66,0,1.3862943611198906,2.0794415416798357,8.32788568963249
17718,141,1,139.35,1,4.955827057601261,0.6931471805599453,4.9441393028078915
17719,15,12,4477.4,0,2.772588722239781,2.5649493574615367,8.40702111876119
17720,22,3,887.6,0,3.1354942159291497,1.3862943611198906,6.7896471905018085
17722,5,4,2424.04,1,1.791759469228055,1.6094379124341003,7.793603298080906
17723,36,6,3276.4000000000005,1,3.6109179126442243,1.9459101490553132,8.094805704112124
17724,47,1,373.1,0,3.8712010109078907,0.6931471805599453,5.924523141354101
17725,9,8,2507.12,0,2.302585092994046,2.1972245773362196,7.827288747498137
17730,15,8,3055.77,0,2.772588722239781,2.1972245773362196,8.025114081899762
17731,37,3,963.74,0,3.6375861597263857,1.3862943611198906,6.871858634984375
17732,281,1,303.97,1,5.641907070938114,0.6931471805599453,5.7202134111139475
17733,170,1,216.95000000000002,0,5.14166355650266,0.6931471805599453,5.384265678684402
17734,45,2,540.21,0,3.828641396489095,1.0986122886681096,6.293807373583428
17735,2,16,11091.24,0,1.0986122886681096,2.833213344056216,9.3140010437176
17736,22,1,307.49,0,3.1354942159291497,0.6931471805599453,5.731689427909209
17738,57,3,1571.49,0,4.060443010546419,1.3862943611198906,7.3604156292538985
17739,105,3,1070.77,0,4.663439094112067,1.3862943611198906,6.977066766372317
17742,22,2,355.11,1,3.1354942159291497,1.0986122886681096,5.875239671888878
17744,159,4,1288.96,0,5.075173815233827,1.6094379124341003,7.16236648912303
17746,149,1,110.25,1,5.0106352940962555,0.6931471805599453,4.711779921046349
17747,21,1,71.4,1,3.091042453358316,0.6931471805599453,4.282206299391671
17749,87,2,674.52,1,4.477336814478207,1.0986122886681096,6.515482764659955
17750,8,5,1204.5,0,2.1972245773362196,1.791759469228055,7.094649697621226
17752,268,1,80.64,1,5.594711379601839,0.6931471805599453,4.402319337941644
17754,51,2,575.06,0,3.9512437185814275,1.0986122886681096,6.356211821937587
17757,23,20,3308.55,0,3.1780538303479458,3.044522437723423,8.104567507467213
17758,61,4,1433.25,0,4.127134385045092,1.6094379124341003,7.268397343481981
17759,78,2,167.15,0,4.3694478524670215,1.0986122886681096,5.124856438186279
17760,282,1,172.54,0,5.641907070938114,0.6931471805599453,5.156408120365343
17763,172,1,15.0,1,5.153291594497779,0.6931471805599453,3.9102282978770786
17764,120,1,230.67000000000002,0,4.795790545596741,0.6931471805599453,5.445313945282378
17765,67,3,367.63,1,4.219507705176107,1.3862943611198906,5.909793430963424
17768,75,1,385.83,0,4.330733340286331,0.6931471805599453,5.957985320033814
17769,47,4,1817.88,0,3.8712010109078907,1.6094379124341003,7.505976206028627
17770,107,5,1143.27,1,4.68213122712422,1.791759469228055,7.042522158078838
17771,232,1,115.8,0,5.4510384535657,0.6931471805599453,4.760463070394127
17774,5,4,1213.73,1,1.791759469228055,1.6094379124341003,7.10227710885741
17775,163,1,56.4,1,5.099866427824199,0.6931471805599453,4.050044303325521
17777,9,1,189.79999999999998,0,2.302585092994046,0.6931471805599453,5.251225759014186
17779,52,1,323.09,0,3.970291913552122,0.6931471805599453,5.781021254997003
17781,68,2,188.02,1,4.23410650459726,1.0986122886681096,5.24185282956691
17783,156,1,112.41,0,5.056245805348308,0.6931471805599453,4.731009570827239
17786,226,1,103.35,0,5.424950017481403,0.6931471805599453,4.647750633523209
17787,61,4,1817.54,1,4.127134385045092,1.6094379124341003,7.505789260335805
17788,38,1,16.7,0,3.6635616461296463,0.6931471805599453,3.9102282978770786
17789,190,1,225.9,1,5.25227342804663,0.6931471805599453,5.424509391785796
17790,29,12,1363.51,0,3.4011973816621555,2.5649493574615367,7.218550668813367
17795,88,2,342.83,1,4.48863636973214,1.0986122886681096,5.840147349176718
17796,222,3,614.1,0,5.407171771460119,1.3862943611198906,6.421784856214322
17797,91,1,272.41,0,4.5217885770490405,0.6931471805599453,5.610972500065717
17799,8,9,2514.99,0,2.1972245773362196,2.302585092994046,7.830421643249634
17800,0,7,904.8000000000001,0,0.0,2.0794415416798357,6.808818531122114
17802,89,2,632.4200000000001,0,4.499809670330265,1.0986122886681096,6.451133709229659
17809,38,8,2856.71,0,3.6635616461296463,2.1972245773362196,7.957775883782297
17811,1,24,4834.31,0,0.6931471805599453,3.1780538303479458,8.483700521654194
17812,277,1,193.29999999999998,0,5.627621113690637,0.6931471805599453,5.269403356383394
17816,178,2,21.31,0,5.187385805840755,1.0986122886681096,3.9102282978770786
17817,186,2,269.7,0,5.231108616854587,1.0986122886681096,5.601011196620256
17819,91,6,3468.47,0,4.5217885770490405,1.9459101490553132,8.151757123523145
17827,151,4,1580.47,0,5.0238805208462765,1.6094379124341003,7.366110073232871
17828,18,3,1076.66,0,2.9444389791664403,1.3862943611198906,6.982547302833425
17829,207,1,889.24,1,5.337538079701318,0.6931471805599453,6.7914910892950235
17830,170,2,287.65000000000003,0,5.14166355650266,1.0986122886681096,5.665214881506943
17837,57,3,376.51,0,4.060443010546419,1.3862943611198906,5.933597058404449
17838,201,3,1655.0,0,5.308267697401205,1.3862943611198906,7.412160334945205
17841,0,81,23327.59,0,0.0,3.1780538303479458,9.584183313001468
17843,212,1,205.48,1,5.3612921657094255,0.6931471805599453,5.330203555410359
17844,15,1,51.559999999999995,1,2.772588722239781,0.6931471805599453,3.961955374176355
17848,37,8,821.5999999999999,0,3.6375861597263857,2.1972245773362196,6.712470055796324
17849,127,4,605.8000000000001,1,4.852030263919617,1.6094379124341003,6.408199247474378
17850,281,34,5391.21,1,5.641907070938114,3.1780538303479458,8.59271059842128
17854,94,2,311.26,1,4.553876891600541,1.0986122886681096,5.743836174113374
17855,281,1,208.97,1,5.641907070938114,0.6931471805599453,5.346964663369558
17856,142,3,1142.63,0,4.962844630259907,1.3862943611198906,7.041962693052662
17857,7,14,14254.52,0,2.0794415416798357,2.70805020110221,9.564899479110073
17858,25,9,3641.25,0,3.258096538021482,2.302585092994046,8.200356901534105
17859,213,1,141.92000000000002,1,5.365976015021851,0.6931471805599453,4.962285033155209
17860,277,1,226.45000000000002,1,5.627621113690637,0.6931471805599453,5.426930434016013
17861,45,5,1299.49,0,3.828641396489095,1.791759469228055,7.170496395508893
17862,232,1,330.9,1,5.4510384535657,0.6931471805599453,5.804833718725929
17863,54,4,1785.28,0,4.007333185232471,1.6094379124341003,7.487890524064555
17864,184,1,200.85,0,5.220355825078325,0.6931471805599453,5.30752484729895
17865,16,12,7017.34,0,2.833213344056216,2.5649493574615367,8.856282001820604
17866,51,1,329.65,1,3.9512437185814275,0.6931471805599453,5.801060414120672
17867,52,4,957.48,0,3.970291913552122,1.6094379124341003,6.865348696331644
17869,16,5,428.18,1,2.833213344056216,1.791759469228055,6.061876411348347
17870,0,7,745.37,0,0.0,2.0794415416798357,6.615221455799332
17871,113,1,155.9,1,4.736198448394496,0.6931471805599453,5.055608659738987
17873,93,4,1576.92,0,4.543294782270004,1.6094379124341003,7.363862803035762
17874,94,6,683.46,1,4.553876891600541,1.9459101490553132,6.528630206205813
17877,79,1,237.61,1,4.382026634673881,0.6931471805599453,5.474830419933934
17879,82,1,178.51999999999998,1,4.418840607796598,0.6931471805599453,5.190286622334331
17880,273,1,458.92,1,5.6131281063880705,0.6931471805599453,6.131052561315036
17881,213,1,133.35000000000002,1,5.365976015021851,0.6931471805599453,4.9004483350615
17883,155,1,119.35,0,5.049856007249537,0.6931471805599453,4.790404164229081
17884,220,3,590.54,0,5.3981627015177525,1.3862943611198906,6.382729305815005
17886,119,2,377.71,0,4.787491742782046,1.0986122886681096,5.9367707406853345
17887,38,1,111.35,1,3.6635616461296463,0.6931471805599453,4.721618998631338
17888,70,4,297.0,0,4.2626798770413155,1.6094379124341003,5.697093486505405
17889,121,2,201.37,1,4.804021044733257,1.0986122886681096,5.310097705083568
17890,231,2,586.89,1,5.44673737166631,1.0986122886681096,6.376539855568017
17891,71,1,203.85999999999999,1,4.276666119016055,0.6931471805599453,5.3223268190083886
17892,64,1,142.1,0,4.174387269895637,0.6931471805599453,4.963543686562405
17893,134,1,107.21,1,4.90527477843843,0.6931471805599453,4.684073783583557
17894,5,7,995.9,0,1.791759469228055,2.0794415416798357,6.904650464028658
17897,81,3,541.8100000000001,1,4.406719247264253,1.3862943611198906,6.2967593507829065
17898,116,1,99.84,0,4.762173934797756,0.6931471805599453,4.6135351023197195
17899,68,1,154.55,1,4.23410650459726,0.6931471805599453,5.046967223343646
17900,99,2,112.19999999999999,1,4.605170185988092,1.0986122886681096,4.729156165769083
17905,65,3,617.74,0,4.189654742026425,1.3862943611198906,6.427685152136138
17906,156,1,72.9,1,5.056245805348308,0.6931471805599453,4.302712827954156
17908,282,1,232.03,1,5.641907070938114,0.6931471805599453,5.451167200642247
17912,219,5,310.06,1,5.393627546352361,1.791759469228055,5.739985819616414
17913,264,1,218.05,0,5.579729825986222,0.6931471805599453,5.3893000142599075
17917,165,2,226.71,0,5.111987788356544,1.0986122886681096,5.428072889540573
17920,14,9,2328.8,0,2.70805020110221,2.302585092994046,7.753537705965677
17921,57,3,595.47,0,4.060443010546419,1.3862943611198906,6.391028946895178
17923,191,1,207.50000000000003,1,5.2574953720277815,0.6931471805599453,5.339939041238856
17924,210,2,502.20000000000005,0,5.351858133476067,1.0986122886681096,6.220987705386231
17925,281,1,244.08,1,5.641907070938114,0.6931471805599453,5.501584687857454
17926,42,2,397.29,1,3.7612001156935624,1.0986122886681096,5.98718038316893
17928,155,1,78.25999999999999,0,5.049856007249537,0.6931471805599453,4.372733587762289
17929,21,3,707.0,0,3.091042453358316,1.3862943611198906,6.56244409369372
17930,71,2,694.14,0,4.276666119016055,1.0986122886681096,6.544113264127632
17931,43,2,408.36,1,3.784189633918261,1.0986122886681096,6.014594964496837
17932,82,2,934.51,0,4.418840607796598,1.0986122886681096,6.841091835127884
17935,47,2,145.79,1,3.8712010109078907,1.0986122886681096,4.989002993969142
17937,23,5,3614.52,0,3.1780538303479458,1.791759469228055,8.192990969338055
17939,68,1,99.14,1,4.23410650459726,0.6931471805599453,4.606569206901799
17940,17,9,3828.04,0,2.8903717578961645,2.302585092994046,8.250369398014529
17941,39,1,304.56,1,3.6888794541139363,0.6931471805599453,5.722146158673159
17946,142,2,149.57999999999998,1,4.962844630259907,1.0986122886681096,5.014494504421976
17948,56,1,358.56000000000006,1,4.04305126783455,0.6931471805599453,5.884881061705198
17949,2,33,48209.2,0,1.0986122886681096,3.1780538303479458,9.584183313001468
17950,274,2,263.17,0,5.616771097666572,1.0986122886681096,5.576592835300246
17951,267,2,409.50000000000006,0,5.5909869805108565,1.0986122886681096,6.017375928892483
17954,32,10,1885.21,0,3.4965075614664802,2.3978952727983707,7.5423248037604536
17955,107,4,557.3,1,4.68213122712422,1.6094379124341003,6.324896452316315
17956,158,1,12.75,1,5.0689042022202315,0.6931471805599453,3.9102282978770786
17958,25,1,508.4599999999999,1,3.258096538021482,0.6931471805599453,6.233351341239327
17960,80,1,73.78,1,4.394449154672439,0.6931471805599453,4.314550469548967
17961,32,31,1179.62,0,3.4965075614664802,3.1780538303479458,7.073795003201809
17962,51,1,102.41,1,3.9512437185814275,0.6931471805599453,4.638701669196884
17964,281,1,261.76,0,5.641907070938114,0.6931471805599453,5.571241068024272
17965,0,12,2251.41,0,0.0,2.5649493574615367,7.719756033079363
17966,60,4,594.43,0,4.110873864173311,1.6094379124341003,6.389283833607257
17967,280,1,112.27,1,5.638354669333745,0.6931471805599453,4.729774349212622
17968,282,1,265.1,1,5.641907070938114,0.6931471805599453,5.583872177983643
17969,75,2,228.2,1,4.330733340286331,1.0986122886681096,5.434594984840585
17970,120,1,562.79,1,4.795790545596741,0.6931471805599453,6.334681841736619
17972,150,1,135.19,1,5.017279836814924,0.6931471805599453,4.914050969580866
17974,128,1,164.07,0,4.859812404361672,0.6931471805599453,5.10636962635945
17975,23,11,3950.4500000000003,0,3.1780538303479458,2.4849066497880004,8.281837879142223
17976,281,1,321.79,1,5.641907070938114,0.6931471805599453,5.7770019569816125
17978,274,1,300.91999999999996,1,5.616771097666572,0.6931471805599453,5.71016208162024
17979,77,3,494.54,0,4.356708826689592,1.3862943611198906,6.2056480770506806
17980,74,3,811.45,1,4.31748811353631,1.3862943611198906,6.700054373848785
17984,54,1,152.68,1,4.007333185232471,0.6931471805599453,5.034872518460301
17987,94,1,198.57,1,4.553876891600541,0.6931471805599453,5.2961650519798935
17988,26,5,146.0,0,3.295836866004329,1.791759469228055,4.990432586778736
17990,145,3,630.84,1,4.983606621708336,1.3862943611198906,6.448636197538339
17991,134,2,93.35,1,4.90527477843843,1.0986122886681096,4.547011271814559
17994,30,4,674.89,1,3.4339872044851463,1.6094379124341003,6.516030340908829
17995,190,1,76.1,1,5.25227342804663,0.6931471805599453,4.345103280569283
17997,1,6,1711.75,0,0.6931471805599453,1.9459101490553132,7.445855544883009
17999,275,1,190.34,0,5.62040086571715,0.6931471805599453,5.254051950250021
18004,271,1,157.92,1,5.605802066295998,0.6931471805599453,5.068400930946398
18008,112,7,2065.41,0,4.727387818712341,2.0794415416798357,7.633568081104029
18009,144,1,247.39,1,4.976733742420574,0.6931471805599453,5.515000091600009
18010,165,1,174.8,1,5.111987788356544,0.6931471805599453,5.169346985251076
18011,282,1,102.78999999999999,1,5.641907070938114,0.6931471805599453,4.642369626977198
18013,64,2,187.29,1,4.174387269895637,1.0986122886681096,5.237983327508337
18016,95,3,482.86,0,4.564348191467836,1.3862943611198906,6.181795608675642
18017,78,2,344.0,0,4.3694478524670215,1.0986122886681096,5.84354441703136
18018,17,2,122.14,1,2.8903717578961645,1.0986122886681096,4.813321919483064
18024,61,2,389.78,1,4.127134385045092,1.0986122886681096,5.968144741786365
18027,7,1,115.31,1,2.0794415416798357,0.6931471805599453,4.7562590403509475
18032,243,1,73.5,1,5.497168225293202,0.6931471805599453,4.310799125385514
18036,14,2,253.69,0,2.70805020110221,1.0986122886681096,5.540047119337926
18037,63,6,70.02,1,4.1588830833596715,1.9459101490553132,4.262961527514942
18040,154,1,239.0,0,5.043425116919247,0.6931471805599453,5.480638923341991
18041,12,16,2998.11,0,2.5649493574615367,2.833213344056216,8.00607085696932
18043,115,2,421.59,0,4.7535901911063645,1.0986122886681096,6.046402441863648
18044,75,7,1105.53,0,4.330733340286331,2.0794415416798357,7.008984271640512
18048,112,2,172.29000000000002,1,4.727387818712341,1.0986122886681096,5.1549664916521545
18050,268,1,74.4,1,5.594711379601839,0.6931471805599453,4.32280727501391
18055,37,7,3672.86,0,3.6375861597263857,2.0794415416798357,8.208998159442066
18056,197,1,363.65,1,5.288267030694535,0.6931471805599453,5.898937989430242
18061,16,8,1793.51,0,2.833213344056216,2.1972245773362196,7.492487283155027
18062,82,3,720.52,1,4.418840607796598,1.3862943611198906,6.581360097857453
18064,42,2,814.0,1,3.7612001156935624,1.0986122886681096,6.703188113240863
18065,92,8,1412.15,0,4.532599493153256,2.1972245773362196,7.253576534162787
18068,198,1,101.69999999999999,1,5.293304824724492,0.6931471805599453,4.631812116934513
18069,89,3,978.32,0,4.499809670330265,1.3862943611198906,6.886858453269152
18071,166,2,453.0,1,5.117993812416755,1.0986122886681096,6.118097198041348
18072,94,1,247.44,1,4.553876891600541,0.6931471805599453,5.515201367691102
18073,23,12,3859.82,1,3.1780538303479458,2.5649493574615367,8.258634875130868
18074,282,1,489.6,1,5.641907070938114,0.6931471805599453,6.195629131824389
18075,15,8,1957.75,0,2.772588722239781,2.1972245773362196,7.580061793670231
18077,12,7,1622.34,0,2.5649493574615367,2.0794415416798357,7.392241034176274
18078,126,2,336.13,1,4.844187086458591,1.0986122886681096,5.820468612643942
18079,35,2,2206.18,0,3.58351893845611,1.0986122886681096,7.699470961607945
18080,151,1,841.4999999999999,0,5.0238805208462765,0.6931471805599453,6.736373662226517
18081,21,2,208.05,0,3.091042453358316,1.0986122886681096,5.342573457802574
18085,239,2,689.95,1,5.480638923341991,1.0986122886681096,6.538067462249494
18086,183,1,101.34,1,5.214935757608986,0.6931471805599453,4.628300603376946
18087,7,2,4055.7199999999993,1,2.0794415416798357,1.0986122886681096,8.308130044310031
18092,28,8,5851.48,0,3.367295829986474,2.1972245773362196,8.674620782016211
18093,2,4,2106.52,1,1.0986122886681096,1.6094379124341003,7.653267179747945
18094,45,5,2402.3,0,3.828641396489095,1.791759469228055,7.784598071889181
18095,221,2,580.0500000000001,1,5.402677381872279,1.0986122886681096,6.364836811668883
18097,35,5,1986.2,0,3.58351893845611,1.791759469228055,7.59448189173916
18099,36,1,168.31,1,3.6109179126442243,0.6931471805599453,5.131731354140141
18101,52,1,110.23,0,3.970291913552122,0.6931471805599453,4.711600129603938
18102,7,27,135450.75,0,2.0794415416798357,3.1780538303479458,9.584183313001468
18106,238,1,421.9,1,5.476463551931511,0.6931471805599453,6.047135744478443
18108,163,1,271.0,1,5.099866427824199,0.6931471805599453,5.605802066295998
18109,0,18,4826.87,0,0.0,2.9444389791664403,8.482160655591441
18112,75,1,196.64,0,4.330733340286331,0.6931471805599453,5.2864471939775495
18113,277,1,76.32000000000001,1,5.627621113690637,0.6931471805599453,4.34795265434013
18114,199,1,220.1,1,5.298317366548036,0.6931471805599453,5.3986150878634005
18116,143,7,1239.55,0,4.969813299576001,2.0794415416798357,7.123310108647671
18118,0,19,4222.94,0,0.0,2.995732273553991,8.348523620739757
18119,276,1,180.7,1,5.6240175061873385,0.6931471805599453,5.202356975402125
18120,123,1,111.15,1,4.820281565605037,0.6931471805599453,4.719837260966218
18121,58,2,653.3,1,4.07753744390572,1.0986122886681096,6.483565961875693
18122,59,1,119.19,0,4.0943445622221,0.6931471805599453,4.7890738239646975
18125,110,3,933.9,0,4.709530201312334,1.3862943611198906,6.84043957169727
18127,42,1,139.6,0,3.7612001156935624,0.6931471805599453,4.9459189793765646
18129,152,1,112.55000000000001,1,5.030437921392435,0.6931471805599453,4.732243268551567
18133,121,1,931.4999999999999,1,4.804021044733257,0.6931471805599453,6.83786915151797
18135,99,1,109.82000000000001,0,4.605170185988092,0.6931471805599453,4.707907263439203
18136,120,2,600.85,0,4.795790545596741,1.0986122886681096,6.400008244825744
18138,204,1,152.65,1,5.3230099791384085,0.6931471805599453,5.034677288576494
18142,66,2,1019.52,1,4.204692619390966,1.0986122886681096,6.928067580294015
18143,25,2,1000.16,1,3.258096538021482,1.0986122886681096,6.908914606701983
18144,18,9,2165.55,0,2.9444389791664403,2.302585092994046,7.680891319612017
18145,113,2,1023.78,0,4.736198448394496,1.0986122886681096,6.9322332343889626
18146,49,2,160.35000000000002,1,3.912023005428146,1.0986122886681096,5.083575918497971
18147,17,1,98.88,0,2.8903717578961645,0.6931471805599453,4.603969465411573
18149,124,2,549.68,0,4.8283137373023015,1.0986122886681096,6.311153878194743
18150,49,2,413.28,0,3.912023005428146,1.0986122886681096,6.026542073720678
18151,43,2,653.35,1,3.784189633918261,1.0986122886681096,6.483642376501489
18155,79,2,266.56,0,4.382026634673881,1.0986122886681096,5.589343840250208
18156,278,1,186.88,0,5.631211781821365,0.6931471805599453,5.2358034611587945
18159,210,1,530.15,1,5.351858133476067,0.6931471805599453,6.275044467226023
18160,109,1,318.55,0,4.700480365792417,0.6931471805599453,5.766913756096291
18161,49,3,771.26,0,3.912023005428146,1.3862943611198906,6.649321280889342
18165,86,1,302.46000000000004,1,4.465908118654584,0.6931471805599453,5.715249806097095
18167,14,1,498.48,0,2.70805020110221,0.6931471805599453,6.213567557246944
18168,85,6,1160.04,1,4.454347296253507,1.9459101490553132,7.057071434162108
18170,21,2,655.51,0,3.091042453358316,1.0986122886681096,6.4869379259193005
18171,8,4,994.3100000000001,0,2.1972245773362196,1.6094379124341003,6.903054246423488
18172,8,11,5635.28,0,2.1972245773362196,2.4849066497880004,8.636979552409086
18173,108,3,1728.8400000000001,0,4.6913478822291435,1.3862943611198906,7.45578419766564
18176,267,1,476.35,1,5.5909869805108565,0.6931471805599453,6.168249974444042
18177,66,5,1037.27,0,4.204692619390966,1.791759469228055,6.945311145508571
18178,37,4,1590.81,1,3.6375861597263857,1.6094379124341003,7.372627012548272
18179,161,4,1103.16,0,5.087596335232384,1.6094379124341003,7.006840143872291
18180,45,2,601.85,0,3.828641396489095,1.0986122886681096,6.40166840956332
18183,136,2,632.07,1,4.919980925828125,1.0986122886681096,6.450581000548326
18185,158,1,304.25,1,5.0689042022202315,0.6931471805599453,5.721131112990814
18188,199,1,426.6,0,5.298317366548036,0.6931471805599453,6.05818817915089
18189,176,1,633.1,0,5.176149732573829,0.6931471805599453,6.452206670705986
18190,101,2,284.46000000000004,1,4.624972813284271,1.0986122886681096,5.654101914201623
18191,170,1,207.79999999999998,1,5.14166355650266,0.6931471805599453,5.341376856008484
18193,74,1,243.76,1,4.31748811353631,0.6931471805599453,5.500278138594339
18196,4,2,686.63,1,1.6094379124341003,1.0986122886681096,6.533250902574385
18198,9,14,4427.39,0,2.302585092994046,2.70805020110221,8.395791365830833
18200,15,1,150.35,1,2.772588722239781,0.6931471805599453,5.019595035467727
18202,108,3,1396.99,1,4.6913478822291435,1.3862943611198906,7.242790769692349
18203,66,1,160.42000000000002,1,4.204692619390966,0.6931471805599453,5.084009663896226
18204,18,2,1358.87,0,2.9444389791664403,1.0986122886681096,7.2151443859259565
18210,176,1,142.4,0,5.176149732573829,0.6931471805599453,4.96563792816552
18211,45,2,268.7,0,3.828641396489095,1.0986122886681096,5.597310230145684
18212,235,1,216.07,1,5.4638318050256105,0.6931471805599453,5.380219882167671
18213,145,1,232.48000000000002,1,4.983606621708336,0.6931471805599453,5.453096420335591
18218,120,2,641.92,1,4.795790545596741,1.0986122886681096,6.46602029970094
18219,58,8,1367.13,0,4.07753744390572,2.1972245773362196,7.22120012290727
18220,135,1,305.28000000000003,1,4.912654885736052,0.6931471805599453,5.724499716244923
18221,24,3,706.86,0,3.2188758248682006,1.3862943611198906,6.562246334027572
18222,1,1,443.0,1,0.6931471805599453,0.6931471805599453,6.095824562432225
18223,5,11,4036.34,0,1.791759469228055,2.4849066497880004,8.30334133826271
18224,172,1,158.95000000000002,1,5.153291594497779,0.6931471805599453,5.074861266395527
18225,22,7,2730.78,0,3.1354942159291497,2.0794415416798357,7.912708690361817
18226,29,9,4251.03,0,3.4011973816621555,2.302585092994046,8.355151794940241
18227,126,1,93.75,1,4.844187086458591,0.6931471805599453,4.5512418439625355
18229,2,14,5212.06,0,1.0986122886681096,2.70805020110221,8.55892229438919
18230,3,5,2146.36,0,1.3862943611198906,1.791759469228055,7.671994459649496
18231,101,5,2071.77,1,4.624972813284271,1.791759469228055,7.636641155966783
18232,66,3,500.62,0,4.204692619390966,1.3862943611198906,6.217842860932121
18233,234,1,440.0,1,5.459585514144159,0.6931471805599453,6.089044875446846
18235,29,2,749.8,0,3.4011973816621555,1.0986122886681096,6.6211393047123535
18236,38,4,641.19,0,3.6635616461296463,1.6094379124341003,6.464884210061116
18237,0,3,725.55,0,0.0,1.3862943611198906,6.588307303766705
18239,127,5,1561.6100000000001,1,4.852030263919617,1.791759469228055,7.354112779132593
18241,8,11,1349.58,0,2.1972245773362196,2.4849066497880004,7.208289408797721
18242,105,2,694.08,0,4.663439094112067,1.0986122886681096,6.5440269468540535
18245,58,6,1672.81,0,4.07753744390572,1.9459101490553132,7.4228577440103685
18246,142,1,232.9,0,4.962844630259907,0.6931471805599453,5.454893673590133
18248,31,2,804.02,1,3.4657359027997265,1.0986122886681096,6.690867121830435
18250,219,1,349.27,1,5.393627546352361,0.6931471805599453,5.858704285656805
18252,80,1,69.89999999999999,0,4.394449154672439,0.6931471805599453,4.2612704335380815
18257,23,5,1562.8700000000001,0,3.1780538303479458,1.791759469228055,7.354918797445977
18259,275,1,376.30000000000007,0,5.62040086571715,0.6931471805599453,5.933040626970265
18260,81,6,2628.35,1,4.406719247264253,1.9459101490553132,7.874491946336665
18261,4,1,224.8,0,1.6094379124341003,0.6931471805599453,5.419649651715562
18262,49,1,149.48,1,3.912023005428146,0.6931471805599453,5.013830184992775
18263,64,2,811.4,0,4.174387269895637,1.0986122886681096,6.69999282970623
18265,67,1,488.55,0,4.219507705176107,0.6931471805599453,6.19348660180008
18268,43,1,25.5,1,3.784189633918261,0.6931471805599453,3.9102282978770786
18269,275,1,168.6,1,5.62040086571715,0.6931471805599453,5.133442723357803
18270,175,1,111.95,0,5.170483995038151,0.6931471805599453,4.726945242914012
18272,22,4,2106.45,0,3.1354942159291497,1.6094379124341003,7.6532339648021654
18273,4,2,153.0,0,1.6094379124341003,1.0986122886681096,5.0369526024136295
18280,186,1,180.60000000000002,1,5.231108616854587,0.6931471805599453,5.201806466167193
18281,89,1,80.82,1,4.499809670330265,0.6931471805599453,4.404521712501253
18282,35,1,100.21000000000001,0,3.58351893845611,0.6931471805599453,4.61719756620081
18283,4,10,1086.83,0,1.6094379124341003,2.3978952727983707,6.991940165207585
18287,110,1,765.28,0,4.709530201312334,0.6931471805599453,6.6415476381969
