CustomerID,Recency,Frequency,Monetary,R_log,F_log,M_log,Cluster,Segment,Churn_Probability,Predicted_Churn
12346,325,1,77183.6,5.786897381366708,0.6931471805599453,9.892501674765558,1,Loyal / High-Value,0.4159993099520994,0
12347,2,7,4310.0,1.0986122886681096,2.0794415416798357,8.368925174747135,1,Loyal / High-Value,0.09777002890150731,0
12348,75,4,1797.24,4.330733340286331,1.6094379124341003,7.494563687769957,1,Loyal / High-Value,0.2789044714991422,0
12349,18,1,1757.55,2.9444389791664403,0.6931471805599453,7.472244884833674,0,At-Risk / Low-Engagement,0.4379727581165693,0
12350,310,1,334.4,5.739792912179234,0.6931471805599453,5.815323849389109,0,At-Risk / Low-Engagement,0.6586266799739356,1
12352,36,8,2506.04,3.6109179126442243,2.1972245773362196,7.826858053356098,1,Loyal / High-Value,0.14643771586856824,0
12353,204,1,89.0,5.3230099791384085,0.6931471805599453,4.499809670330265,0,At-Risk / Low-Engagement,0.7210311935026064,1
12354,232,1,1079.4,5.4510384535657,0.6931471805599453,6.985086621918461,0,At-Risk / Low-Engagement,0.5780491925948715,1
12355,214,1,459.4,5.3706380281276624,0.6931471805599453,6.132095676847728,0,At-Risk / Low-Engagement,0.6286235795477186,1
12356,22,3,2811.43,3.1354942159291497,1.3862943611198906,7.941804157314053,1,Loyal / High-Value,0.25961944071934256,0
12357,33,1,6207.67,3.5263605246161616,0.6931471805599453,8.733701981297274,1,Loyal / High-Value,0.38182251171720344,0
12358,1,2,1168.06,0.6931471805599453,1.0986122886681096,7.063955286074528,1,Loyal / High-Value,0.27961026797991423,0
12359,57,4,6310.03,4.060443010546419,1.6094379124341003,8.750054175177759,1,Loyal / High-Value,0.2093626580041791,0
12360,52,3,2662.06,3.970291913552122,1.3862943611198906,7.887231116540211,1,Loyal / High-Value,0.291414548374572,0
12361,287,1,189.9,5.662960480135946,0.6931471805599453,5.251749730731702,0,At-Risk / Low-Engagement,0.6912940584142762,1
12362,3,10,5226.23,1.3862943611198906,2.3978952727983707,8.56163678004062,1,Loyal / High-Value,0.07253908459590923,0
12363,109,2,552.0,4.700480365792417,1.0986122886681096,6.315358001522335,0,At-Risk / Low-Engagement,0.48689015952728515,0
12364,7,4,1313.1,2.0794415416798357,1.6094379124341003,7.180907299649593,1,Loyal / High-Value,0.22131750154351526,0
12365,291,2,641.38,5.676753802268282,1.0986122886681096,6.465180028897591,0,At-Risk / Low-Engagement,0.5178562247211331,1
12367,4,1,168.9,1.6094379124341003,0.6931471805599453,5.135210028677887,0,At-Risk / Low-Engagement,0.5340940368110826,1
12370,51,4,3541.94,3.9512437185814275,1.6094379124341003,8.172712169921061,1,Loyal / High-Value,0.232347613713732,0
12371,44,2,1887.96,3.8066624897703196,1.0986122886681096,7.543781692052325,0,At-Risk / Low-Engagement,0.3699421491384536,0
12372,71,3,1298.04,4.276666119016055,1.3862943611198906,7.169380809114136,0,At-Risk / Low-Engagement,0.3439982534188155,0
12373,311,1,364.6,5.7430031878094825,0.6931471805599453,5.901539839579995,0,At-Risk / Low-Engagement,0.6534834706964475,1
12374,25,1,742.9300000000001,3.258096538021482,0.6931471805599453,6.6119469443852195,0,At-Risk / Low-Engagement,0.5081313446755651,1
12375,10,2,457.5,2.3978952727983707,1.0986122886681096,6.127960291696519,0,At-Risk / Low-Engagement,0.4006294415674431,0
12377,315,2,1628.12,5.755742213586912,1.0986122886681096,7.395795270713971,0,At-Risk / Low-Engagement,0.4564660759805762,0
12378,129,1,4008.62,4.867534450455582,0.6931471805599453,8.29645175271804,0,At-Risk / Low-Engagement,0.4667310171309113,0
12379,81,2,852.24,4.406719247264253,1.0986122886681096,6.749040867823617,0,At-Risk / Low-Engagement,0.4456826192008395,0
12380,21,4,2724.81,3.091042453358316,1.6094379124341003,7.910520910634419,1,Loyal / High-Value,0.2183695479367143,0
12381,4,5,1845.31,1.6094379124341003,1.791759469228055,7.520944331624911,1,Loyal / High-Value,0.16580424412109473,0
12383,184,5,1850.56,5.220355825078325,1.791759469228055,7.523783805985769,1,Loyal / High-Value,0.2710638647522711,0
12384,28,2,585.27,3.367295829986474,1.0986122886681096,6.373780434317173,0,At-Risk / Low-Engagement,0.42569014401928684,0
12386,337,2,401.9,5.823045895483019,1.0986122886681096,5.998688392197302,0,At-Risk / Low-Engagement,0.5485428225597544,1
12388,15,6,2780.66,2.772588722239781,1.9459101490553132,7.930803150780257,1,Loyal / High-Value,0.15718097368980183,0
12390,79,1,549.84,4.382026634673881,0.6931471805599453,6.311444385858925,0,At-Risk / Low-Engagement,0.5761990348474457,1
12391,21,1,439.66,3.091042453358316,0.6931471805599453,6.0882736030360425,0,At-Risk / Low-Engagement,0.5354304494830302,1
12393,72,4,1582.6000000000001,4.290459441148391,1.6094379124341003,7.3674560152319755,1,Loyal / High-Value,0.28428736868163634,0
12394,63,2,1272.48,4.1588830833596715,1.0986122886681096,7.149508589545504,0,At-Risk / Low-Engagement,0.4092537299055888,0
12395,19,12,3018.63,2.995732273553991,2.5649493574615367,8.012889586306857,1,Loyal / High-Value,0.09160086849509823,0
12397,35,2,2409.9,3.58351893845611,1.0986122886681096,7.7877554007552545,1,Loyal / High-Value,0.3462138382007186,0
12398,45,1,1635.6599999999999,3.828641396489095,0.6931471805599453,7.4004128587924045,0,At-Risk / Low-Engagement,0.48080293308259014,0
12399,119,4,1108.65,4.787491742782046,1.6094379124341003,7.011799929268738,0,At-Risk / Low-Engagement,0.322362334561413,0
12401,303,1,84.3,5.717027701406222,0.6931471805599453,4.446174454497633,0,At-Risk / Low-Engagement,0.7348072843492687,1
12402,323,1,225.6,5.780743515792329,0.6931471805599453,5.423186348593906,0,At-Risk / Low-Engagement,0.6815387390317267,1
12403,49,1,427.7,3.912023005428146,0.6931471805599453,6.0607573736039315,0,At-Risk / Low-Engagement,0.5724441484242487,1
12405,148,1,1710.39,5.003946305945459,0.6931471805599453,7.445061184797548,0,At-Risk / Low-Engagement,0.5288450247057906,1
12406,22,2,3415.3,3.1354942159291497,1.0986122886681096,8.136313373066384,1,Loyal / High-Value,0.3088093446869482,0
12407,49,5,1708.1200000000001,3.912023005428146,1.791759469228055,7.4437338971514055,1,Loyal / High-Value,0.23231018575992649,0
12408,32,5,2888.55,3.4965075614664802,1.791759469228055,7.968856059639959,1,Loyal / High-Value,0.19681622546759256,0
12409,78,3,11072.67,4.3694478524670215,1.3862943611198906,9.312325497408466,1,Loyal / High-Value,0.23219533625531036,0
12410,308,2,693.3299999999999,5.733341276897746,1.0986122886681096,6.542947351813216,0,At-Risk / Low-Engagement,0.5127211079484881,1
12412,74,3,1226.88,4.31748811353631,1.3862943611198906,7.1130443840624835,0,At-Risk / Low-Engagement,0.34897620116313094,0
12413,66,3,758.1,4.204692619390966,1.3862943611198906,6.632133521022722,0,At-Risk / Low-Engagement,0.3737898585178377,0
12414,217,3,562.41,5.384495062789089,1.3862943611198906,6.334007604663525,0,At-Risk / Low-Engagement,0.4421958233694183,0
12415,24,21,124914.53,3.2188758248682006,3.091042453358316,9.892501674765558,1,Loyal / High-Value,0.03886727991247324,0
12417,3,9,3649.1,1.3862943611198906,2.302585092994046,8.202509843461513,1,Loyal / High-Value,0.08658346322976299,0
12418,112,1,668.58,4.727387818712341,0.6931471805599453,6.506650650150935,0,At-Risk / Low-Engagement,0.578243496277629,1
12420,63,1,600.39,4.1588830833596715,0.6931471805599453,6.3992436425478765,0,At-Risk / Low-Engagement,0.5609994858286766,1
12421,15,4,807.04,2.772588722239781,1.6094379124341003,6.69461156224626,1,Loyal / High-Value,0.26716634805364137,0
12422,95,3,803.5600000000001,4.564348191467836,1.3862943611198906,6.690295544136225,0,At-Risk / Low-Engagement,0.38487652418775514,0
12423,0,8,1859.31,0.6931471805599453,2.1972245773362196,7.528498419486568,1,Loyal / High-Value,0.09020632836639868,0
12424,162,2,1760.96,5.093750200806762,1.0986122886681096,7.474182104762846,0,At-Risk / Low-Engagement,0.42787886809237075,0
12425,78,1,777.2,4.3694478524670215,0.6931471805599453,6.6569835605504535,0,At-Risk / Low-Engagement,0.5532107186865413,1
12426,194,1,582.73,5.272999558563747,0.6931471805599453,6.369438547154207,0,At-Risk / Low-Engagement,0.6098328685921571,1
12427,21,3,825.8,3.091042453358316,1.3862943611198906,6.717562827807613,1,Loyal / High-Value,0.3247543863554587,0
12428,25,9,7956.46,3.258096538021482,2.302585092994046,8.981865132439246,1,Loyal / High-Value,0.09647552921756063,0
12429,9,4,3750.4,2.302585092994046,1.6094379124341003,8.22988438262624,1,Loyal / High-Value,0.1829372854115688,0
12430,43,1,256.4,3.784189633918261,0.6931471805599453,5.5506312951620265,0,At-Risk / Low-Engagement,0.5997665215558484,1
12431,35,15,6419.95,3.58351893845611,2.772588722239781,8.767321360814657,1,Loyal / High-Value,0.06890882414509007,0
12432,42,5,5059.32,3.7612001156935624,1.791759469228055,8.529185001388596,1,Loyal / High-Value,0.18116465776605997,0
12433,0,7,13375.87,0.6931471805599453,2.0794415416798357,9.50128237507538,1,Loyal / High-Value,0.06224339996839333,0
12434,84,2,806.14,4.442651256490317,1.0986122886681096,6.6934971352559,0,At-Risk / Low-Engagement,0.4508579474260359,0
12435,79,2,7829.89,4.382026634673881,1.0986122886681096,8.965831447914955,1,Loyal / High-Value,0.3082129893799852,0
12436,99,1,509.01,4.605170185988092,0.6931471805599453,6.234430333369278,0,At-Risk / Low-Engagement,0.5905664850592882,1
12437,1,18,4951.41,0.6931471805599453,2.9444389791664403,8.507629605767502,1,Loyal / High-Value,0.03870259249437691,0
12438,14,2,2906.85,2.70805020110221,1.0986122886681096,7.9751692554798295,1,Loyal / High-Value,0.3020971008412319,0
12441,366,1,173.55,5.905361848054571,0.6931471805599453,5.162211233551045,0,At-Risk / Low-Engagement,0.696322790486443,1
12442,3,1,172.06,1.3862943611198906,0.6931471805599453,5.153638355178593,0,At-Risk / Low-Engagement,0.5232228657854326,1
12444,21,5,5005.46,3.091042453358316,1.791759469228055,8.518484357502437,1,Loyal / High-Value,0.16492273324986803,0
12445,22,1,133.4,3.1354942159291497,0.6931471805599453,4.900820428089049,0,At-Risk / Low-Engagement,0.613871530851116,1
12446,57,1,1002.3100000000001,4.060443010546419,0.6931471805599453,6.9110598129904375,0,At-Risk / Low-Engagement,0.5231856313448843,1
12447,243,1,476.49,5.497168225293202,0.6931471805599453,6.168543217293113,0,At-Risk / Low-Engagement,0.631500083113207,1
12448,44,1,449.45,3.8066624897703196,0.6931471805599453,6.110247083097449,0,At-Risk / Low-Engagement,0.5647459944325441,1
12449,22,4,4067.29,3.1354942159291497,1.6094379124341003,8.310978042729836,1,Loyal / High-Value,0.20208011056588307,0
12450,156,2,197.88,5.056245805348308,1.0986122886681096,5.292701627762401,0,At-Risk / Low-Engagement,0.5694746277689511,1
12451,10,5,9035.52,2.3978952727983707,1.791759469228055,9.109029423519523,1,Loyal / High-Value,0.13027085115895737,0
12452,16,2,430.57,2.833213344056216,1.0986122886681096,6.067429722163682,0,At-Risk / Low-Engagement,0.4228145437353047,0
12453,134,1,707.09,4.90527477843843,0.6931471805599453,6.562571204258897,0,At-Risk / Low-Engagement,0.5821680788033003,1
12454,56,1,3528.34,4.04305126783455,0.6931471805599453,8.168866163607964,0,At-Risk / Low-Engagement,0.4396096488432597,0
12455,73,6,2466.86,4.304065093204169,1.9459101490553132,7.81110665732229,1,Loyal / High-Value,0.20073486548357813,0
12456,44,3,3181.04,3.8066624897703196,1.3862943611198906,8.065277779528966,1,Loyal / High-Value,0.2760748484479514,0
12457,66,7,2363.23,4.204692619390966,2.0794415416798357,7.768207666517555,1,Loyal / High-Value,0.1788818549378981,0
12458,71,2,947.4,4.276666119016055,1.0986122886681096,6.854776354191251,0,At-Risk / Low-Engagement,0.43323284582232874,0
12461,94,2,826.88,4.553876891600541,1.0986122886681096,6.718868216346018,0,At-Risk / Low-Engagement,0.45398219297084447,0
12462,18,2,1189.59,2.9444389791664403,1.0986122886681096,7.082204261557526,1,Loyal / High-Value,0.36350256950504506,0
12463,53,4,1344.78,3.9889840465642745,1.6094379124341003,7.204729049594601,1,Loyal / High-Value,0.28239041703513335,0
12464,10,8,1212.05,2.3978952727983707,2.1972245773362196,7.100893128209941,1,Loyal / High-Value,0.14410819118855575,0
12465,17,2,742.1899999999999,2.8903717578961645,1.0986122886681096,6.610951732080795,0,At-Risk / Low-Engagement,0.3905509953854518,0
12468,187,2,729.5400000000001,5.236441962829949,1.0986122886681096,6.593783986707386,0,At-Risk / Low-Engagement,0.49175831532007575,0
12471,2,30,19788.65,1.0986122886681096,3.4339872044851463,9.892501674765558,1,Loyal / High-Value,0.02496367274118546,0
12472,32,7,6572.11,3.4965075614664802,2.0794415416798357,8.790742363252102,1,Loyal / High-Value,0.12816515632543085,0
12473,29,5,3928.0499999999997,3.4011973816621555,1.791759469228055,8.276152945361936,1,Loyal / High-Value,0.18181338139668302,0
12474,17,18,7324.09,2.8903717578961645,2.9444389791664403,8.899060720499207,1,Loyal / High-Value,0.05048729274380162,0
12475,53,1,723.38,3.9889840465642745,0.6931471805599453,6.585316116572351,0,At-Risk / Low-Engagement,0.5415331899475818,1
12476,15,11,6816.42,2.772588722239781,2.4849066497880004,8.82723638014411,1,Loyal / High-Value,0.0782342360224892,0
12477,22,6,13219.74,3.1354942159291497,1.9459101490553132,9.489542087633343,1,Loyal / High-Value,0.11625158057328726,0
12478,3,1,680.99,1.3862943611198906,0.6931471805599453,6.525014994979364,0,At-Risk / Low-Engagement,0.43300486937363203,0
12479,11,1,527.2,2.4849066497880004,0.6931471805599453,6.269474999863032,0,At-Risk / Low-Engagement,0.4971937137330273,0
12480,28,4,3281.63,3.367295829986474,1.6094379124341003,8.096400209353131,1,Loyal / High-Value,0.21817165383621956,0
12481,22,10,5579.82,3.1354942159291497,2.3978952727983707,8.62709099798378,1,Loyal / High-Value,0.09433547025655298,0
12483,17,8,2484.98,2.8903717578961645,2.1972245773362196,7.8184222269860015,1,Loyal / High-Value,0.1317310080837898,0
12484,32,6,4527.32,3.4965075614664802,1.9459101490553132,8.418106288764006,1,Loyal / High-Value,0.15677148223006462,0
12488,9,3,1298.66,2.302585092994046,1.3862943611198906,7.169857970780942,1,Loyal / High-Value,0.2712024134128104,0
12489,336,1,334.93,5.820082930352362,0.6931471805599453,5.816902804925467,0,At-Risk / Low-Engagement,0.6585328177601167,1
12490,5,10,5417.93,1.791759469228055,2.3978952727983707,8.597653657970227,1,Loyal / High-Value,0.07674465874484862,0
12491,38,1,460.40000000000003,3.6635616461296463,0.6931471805599453,6.134265345739653,0,At-Risk / Low-Engagement,0.557060649923887,1
12492,63,2,263.21000000000004,4.1588830833596715,1.0986122886681096,5.5767442414854775,0,At-Risk / Low-Engagement,0.5121853470388624,1
12493,165,2,433.74,5.111987788356544,1.0986122886681096,6.0747481512447195,0,At-Risk / Low-Engagement,0.5206469694759488,1
12494,15,7,1246.1000000000001,2.772588722239781,2.0794415416798357,7.128576134926702,1,Loyal / High-Value,0.16748193152753002,0
12497,81,1,1043.1,4.406719247264253,0.6931471805599453,6.950910549296065,0,At-Risk / Low-Engagement,0.5355444656694605,1
12498,21,3,403.70000000000005,3.091042453358316,1.3862943611198906,6.00314605188182,0,At-Risk / Low-Engagement,0.36745926441377424,0
12500,23,11,4257.82,3.1780538303479458,2.4849066497880004,8.356747405587967,1,Loyal / High-Value,0.09348790285118719,0
12501,336,1,2169.39,5.820082930352362,0.6931471805599453,7.682662153888476,0,At-Risk / Low-Engagement,0.5407840382043627,1
12502,95,5,3723.87,4.564348191467836,1.791759469228055,8.222787230875806,1,Loyal / High-Value,0.21619598262114897,0
12504,18,2,482.04999999999995,2.9444389791664403,1.0986122886681096,6.180120167963518,0,At-Risk / Low-Engagement,0.42026053542015435,0
12506,232,1,73.5,5.4510384535657,0.6931471805599453,4.310799125385514,0,At-Risk / Low-Engagement,0.7353210549669034,1
12507,134,3,1304.81,4.90527477843843,1.3862943611198906,7.174578816863813,0,At-Risk / Low-Engagement,0.3687185351704089,0
12508,26,2,397.88,3.295836866004329,1.0986122886681096,5.988660619775247,0,At-Risk / Low-Engagement,0.44767915502191935,0
12509,284,1,176.5,5.652489180268651,0.6931471805599453,5.178970608915471,0,At-Risk / Low-Engagement,0.6953850533530408,1
12510,142,2,982.5699999999999,4.962844630259907,1.0986122886681096,6.8911888096735625,0,At-Risk / Low-Engagement,0.4603042965038814,0
12512,66,2,132.18,4.204692619390966,1.0986122886681096,4.891701596682476,0,At-Risk / Low-Engagement,0.5591756202966556,1
12513,112,1,612.29,4.727387818712341,0.6931471805599453,6.418837907265026,0,At-Risk / Low-Engagement,0.583894761562421,1
12514,267,1,1017.68,5.5909869805108565,0.6931471805599453,6.926262950537876,0,At-Risk / Low-Engagement,0.5877397602784472,1
12515,353,1,383.7,5.869296913133774,0.6931471805599453,5.95246380975825,0,At-Risk / Low-Engagement,0.6504285789200014,1
12516,77,2,1312.06,4.356708826689592,1.0986122886681096,7.180115570136106,0,At-Risk / Low-Engagement,0.41561935024165797,0
12517,28,5,2481.6,3.367295829986474,1.791759469228055,7.817061677081847,1,Loyal / High-Value,0.1996273642891621,0
12518,0,5,2056.89,0.6931471805599453,1.791759469228055,7.629436465014086,1,Loyal / High-Value,0.1274288695961049,0
12519,63,1,330.84,4.1588830833596715,0.6931471805599453,5.804652925041163,0,At-Risk / Low-Engagement,0.5992678379753816,1
12520,79,5,2634.26,4.382026634673881,1.791759469228055,7.876737127834484,1,Loyal / High-Value,0.22650477551404324,0
12521,142,1,599.68,4.962844630259907,0.6931471805599453,6.39806234681208,0,At-Risk / Low-Engagement,0.5951198119181899,1
12522,39,2,192.72,3.6888794541139363,1.0986122886681096,5.266413817535028,0,At-Risk / Low-Engagement,0.5122876239817616,1
12523,19,11,1789.77,2.995732273553991,2.4849066497880004,7.490400973937009,1,Loyal / High-Value,0.11161023045275831,0
12524,9,8,4485.72,2.302585092994046,2.1972245773362196,8.408877201532766,1,Loyal / High-Value,0.10489937396802744,0
12526,0,3,1316.66,0.6931471805599453,1.3862943611198906,7.183612715167257,1,Loyal / High-Value,0.19907234119482417,0
12527,81,3,348.71000000000004,4.406719247264253,1.3862943611198906,5.857104239599851,0,At-Risk / Low-Engagement,0.431434068490556,0
12528,9,6,1933.48,2.302585092994046,1.9459101490553132,7.567593835498341,1,Loyal / High-Value,0.15909661478319018,0
12530,59,4,1662.28,4.0943445622221,1.6094379124341003,7.416546835435133,1,Loyal / High-Value,0.27481378395338557,0
12531,14,1,125.22,2.70805020110221,0.6931471805599453,4.838026416156094,0,At-Risk / Low-Engagement,0.6001221728025463,1
12532,30,1,349.83000000000004,3.4339872044851463,0.6931471805599453,5.860301775655642,0,At-Risk / Low-Engagement,0.5650777727680737,1
12534,130,1,1089.18,4.875197323201151,0.6931471805599453,6.9940980992041535,0,At-Risk / Low-Engagement,0.5528938850035716,1
12535,91,2,716.35,4.5217885770490405,1.0986122886681096,6.575563866544399,0,At-Risk / Low-Engagement,0.4620032267624959,0
12536,43,3,12601.830000000002,3.784189633918261,1.3862943611198906,9.441676670894656,1,Loyal / High-Value,0.20886059956542335,0
12538,29,1,363.95,3.4011973816621555,0.6931471805599453,5.899760357897641,0,At-Risk / Low-Engagement,0.5611101986803744,1
12539,22,4,5568.35,3.1354942159291497,1.6094379124341003,8.625033629522884,1,Loyal / High-Value,0.18902269383643047,0
12540,19,17,13400.24,2.995732273553991,2.8903717578961645,9.503102518971122,1,Loyal / High-Value,0.04651151595547546,0
12541,29,3,981.18,3.4011973816621555,1.3862943611198906,6.889774590946187,1,Loyal / High-Value,0.3265863480695827,0
12544,36,1,372.7,3.6109179126442243,0.6931471805599453,5.923453336491439,0,At-Risk / Low-Engagement,0.5685239374663609,1
12545,75,2,1000.39,4.330733340286331,1.0986122886681096,6.9091443138264115,0,At-Risk / Low-Engagement,0.4320097913742455,0
12546,46,2,1161.5,3.8501476017100584,1.0986122886681096,7.058328137461511,0,At-Risk / Low-Engagement,0.4021368430476504,0
12547,197,2,207.79999999999998,5.288267030694535,1.0986122886681096,5.341376856008484,0,At-Risk / Low-Engagement,0.5761867879148495,1
12548,166,1,95.19999999999999,5.117993812416755,0.6931471805599453,4.566429357671661,0,At-Risk / Low-Engagement,0.7102010177575435,1
12550,79,1,964.83,4.382026634673881,0.6931471805599453,6.872987835288763,0,At-Risk / Low-Engagement,0.5395994409380817,1
12551,357,1,168.0,5.8805329864007,0.6931471805599453,5.1298987149230735,0,At-Risk / Low-Engagement,0.6981261672696467,1
12552,38,2,437.82,3.6635616461296463,1.0986122886681096,6.084089306213804,0,At-Risk / Low-Engagement,0.4572517599983607,0
12553,8,10,3692.28,2.1972245773362196,2.3978952727983707,8.214270231095687,1,Loyal / High-Value,0.08983597929846909,0
12556,50,2,599.56,3.9318256327243257,1.0986122886681096,6.397862553264747,0,At-Risk / Low-Engagement,0.448243284726428,0
12557,16,5,11990.960000000001,2.833213344056216,1.791759469228055,9.391991704219834,1,Loyal / High-Value,0.13036170226767096,0
12558,7,1,269.96,2.0794415416798357,0.6931471805599453,5.601971208509516,0,At-Risk / Low-Engagement,0.5236877786093483,1
12559,310,2,561.71,5.739792912179234,1.0986122886681096,6.33276439774036,0,At-Risk / Low-Engagement,0.5265906140890667,1
12560,5,3,2134.01,1.791759469228055,1.3862943611198906,7.666226609492505,1,Loyal / High-Value,0.22996938964063468,0
12561,302,1,238.85,5.713732805509369,0.6931471805599453,5.480013727948073,0,At-Risk / Low-Engagement,0.6782690537208222,1
12562,8,7,3781.7400000000002,2.1972245773362196,2.0794415416798357,8.23820389374878,1,Loyal / High-Value,0.11953151727905031,0
12564,261,1,456.9,5.568344503761097,0.6931471805599453,6.12665081966305,0,At-Risk / Low-Engagement,0.6369372713192464,1
12565,288,1,145.92,5.666426688112432,0.6931471805599453,4.989888220951467,0,At-Risk / Low-Engagement,0.7058693697203761,1
12566,86,1,351.65,4.465908118654584,0.6931471805599453,5.865476063654188,0,At-Risk / Low-Engagement,0.6081785431802611,1
12567,22,10,9401.28,3.1354942159291497,2.3978952727983707,9.148707492038316,1,Loyal / High-Value,0.0831944341478061,0
12569,2,32,4124.69,1.0986122886681096,3.4339872044851463,8.324988557507531,1,Loyal / High-Value,0.03448453205625846,0
12571,39,2,519.61,3.6888794541139363,1.0986122886681096,6.255001200981438,0,At-Risk / Low-Engagement,0.4471483910375389,0
12572,8,2,1020.42,2.1972245773362196,1.0986122886681096,6.928949094989139,1,Loyal / High-Value,0.3431111530723147,0
12573,227,1,160.54000000000002,5.429345628954441,0.6931471805599453,5.08475279001415,0,At-Risk / Low-Engagement,0.6928349294946198,1
12574,315,1,218.45,5.755742213586912,0.6931471805599453,5.391124416134243,0,At-Risk / Low-Engagement,0.6833756568286948,1
12576,35,5,1315.83,3.58351893845611,1.791759469228055,7.182982612166326,1,Loyal / High-Value,0.2344354094190142,0
12577,35,3,626.6,3.58351893845611,1.3862943611198906,6.441903020858877,0,At-Risk / Low-Engagement,0.3604085887640548,0
12578,21,2,2794.51,3.091042453358316,1.0986122886681096,7.935769837637909,1,Loyal / High-Value,0.3185608639070448,0
12579,78,1,440.42,4.3694478524670215,0.6931471805599453,6.0899968031722285,0,At-Risk / Low-Engagement,0.589899518843509,1
12580,246,1,415.7,5.5093883366279774,0.6931471805599453,6.032366538428407,0,At-Risk / Low-Engagement,0.6403266184850458,1
12581,39,1,197.71,3.6888794541139363,0.6931471805599453,5.291846475417725,0,At-Risk / Low-Engagement,0.6121490460960579,1
12582,238,2,511.36,5.476463551931511,1.0986122886681096,6.239027502962935,0,At-Risk / Low-Engagement,0.5256048119884966,1
12583,2,15,7281.38,1.0986122886681096,2.772588722239781,8.89321301083995,1,Loyal / High-Value,0.044427223654758305,0
12584,3,9,2338.15,1.3862943611198906,2.302585092994046,7.757542894498013,1,Loyal / High-Value,0.09635091165605583,0
12585,234,2,2040.1,5.459585514144159,1.0986122886681096,7.621244157199997,0,At-Risk / Low-Engagement,0.43392655040478006,0
12586,17,1,196.94000000000003,2.8903717578961645,0.6931471805599453,5.2879639544685455,0,At-Risk / Low-Engagement,0.5790046073599954,1
12587,7,1,144.0,2.0794415416798357,0.6931471805599453,4.976733742420574,0,At-Risk / Low-Engagement,0.5646658742396324,1
12588,39,1,214.89999999999998,3.6888794541139363,0.6931471805599453,5.3748153375207615,0,At-Risk / Low-Engagement,0.6069285395785299,1
12589,28,2,646.68,3.367295829986474,1.0986122886681096,6.473396747218992,0,At-Risk / Low-Engagement,0.4192644592082041,0
12590,211,2,9864.26,5.356586274672012,1.0986122886681096,9.196774773912752,1,Loyal / High-Value,0.33175189885901113,0
12591,317,1,452.84999999999997,5.762051382780177,0.6931471805599453,6.117766746972636,0,At-Risk / Low-Engagement,0.6404277893849615,1
12592,92,2,437.6,4.532599493153256,1.0986122886681096,6.083587835983788,0,At-Risk / Low-Engagement,0.49491619459802616,0
12593,108,3,418.09999999999997,4.6913478822291435,1.3862943611198906,6.038109554931026,0,At-Risk / Low-Engagement,0.43182253353212735,0
12594,37,10,3338.2200000000003,3.6375861597263857,2.3978952727983707,8.113492525763553,1,Loyal / High-Value,0.1151869411581952,0
12596,51,2,618.27,3.9512437185814275,1.0986122886681096,6.428541364981557,0,At-Risk / Low-Engagement,0.4470717556241125,0
12597,19,4,3811.22,2.995732273553991,1.6094379124341003,8.245966975595675,1,Loyal / High-Value,0.20093966062824287,0
12598,9,8,3023.08,2.302585092994046,2.1972245773362196,8.01436219197595,1,Loyal / High-Value,0.11510400543105496,0
12599,29,7,1032.58,3.4011973816621555,2.0794415416798357,6.940783782995926,1,Loyal / High-Value,0.19081106723137964,0
12600,28,10,2599.04,3.367295829986474,2.3978952727983707,7.863282108506616,1,Loyal / High-Value,0.11715861628224648,0
12601,189,5,577.0600000000001,5.247024072160486,1.791759469228055,6.359677669513258,0,At-Risk / Low-Engagement,0.3369675990357349,0
12602,58,1,153.12,4.07753744390572,0.6931471805599453,5.037731519757957,0,At-Risk / Low-Engagement,0.6436043405524637,1
12603,21,1,739.1999999999999,3.091042453358316,0.6931471805599453,6.606920419952056,0,At-Risk / Low-Engagement,0.5012103894980537,1
12604,79,2,254.18,4.382026634673881,1.0986122886681096,5.541969178493598,0,At-Risk / Low-Engagement,0.5241568023551845,1
12607,60,1,1579.51,4.110873864173311,0.6931471805599453,7.3655028587473295,0,At-Risk / Low-Engagement,0.49535619216453775,0
12609,78,3,1126.85,4.3694478524670215,1.3862943611198906,7.0280684444921455,0,At-Risk / Low-Engagement,0.35616418338656053,0
12610,22,5,2099.54,3.1354942159291497,1.791759469228055,7.6499497335130995,1,Loyal / High-Value,0.2002542576976902,0
12611,52,1,1193.32,3.970291913552122,0.6931471805599453,7.085332264745334,0,At-Risk / Low-Engagement,0.5077686710659629,1
12612,74,1,704.0400000000001,4.31748811353631,0.6931471805599453,6.558254538791405,0,At-Risk / Low-Engagement,0.5574276298474138,1
12613,57,5,3344.38,4.060443010546419,1.791759469228055,8.115335568501695,1,Loyal / High-Value,0.2063466739005159,0
12614,277,1,315.6,5.627621113690637,0.6931471805599453,5.757639147446912,0,At-Risk / Low-Engagement,0.6614918267851925,1
12615,2,4,2291.19,1.0986122886681096,1.6094379124341003,7.73726297143202,1,Loyal / High-Value,0.17144048279134927,0
12616,95,2,713.3,4.564348191467836,1.0986122886681096,6.571303042160927,0,At-Risk / Low-Engagement,0.46412125817732935,0
12617,29,1,352.98,3.4011973816621555,0.6931471805599453,5.869240414362608,0,At-Risk / Low-Engagement,0.5630962669673983,1
12618,21,1,177.31,3.091042453358316,0.6931471805599453,5.183523608545955,0,At-Risk / Low-Engagement,0.5941515429229196,1
12619,16,9,3641.24,2.833213344056216,2.302585092994046,8.200354155974704,1,Loyal / High-Value,0.10868943648725614,0
12620,14,3,1339.41,2.70805020110221,1.3862943611198906,7.20073081629489,1,Loyal / High-Value,0.2836825658505024,0
12621,1,20,13689.67,0.6931471805599453,3.044522437723423,9.524469857917655,1,Loyal / High-Value,0.02703078292082651,0
12622,232,1,180.1,5.4510384535657,0.6931471805599453,5.199049364889367,0,At-Risk / Low-Engagement,0.687177554737571,1
12623,276,1,305.1,5.6240175061873385,0.6931471805599453,5.723911845951367,0,At-Risk / Low-Engagement,0.6633458140493244,1
12624,106,2,641.13,4.672828834461906,1.0986122886681096,6.464790775403018,0,At-Risk / Low-Engagement,0.47582867601954226,0
12625,211,2,2683.82,5.356586274672012,1.0986122886681096,7.895368965589599,0,At-Risk / Low-Engagement,0.411877159601812,0
12626,23,9,6620.48,3.1780538303479458,2.302585092994046,8.798074188898816,1,Loyal / High-Value,0.09954177700724756,0
12627,10,7,4478.53,2.3978952727983707,2.0794415416798357,8.407273409191232,1,Loyal / High-Value,0.11849941245248367,0
12628,4,3,786.46,1.6094379124341003,1.3862943611198906,6.668812575758953,1,Loyal / High-Value,0.27359508696189544,0
12630,9,2,1270.88,2.302585092994046,1.0986122886681096,7.1482513998271635,1,Loyal / High-Value,0.33422468846416015,0
12631,57,1,640.5,4.060443010546419,0.6931471805599453,6.463809184055691,0,At-Risk / Low-Engagement,0.5525679549547378,1
12633,58,4,2163.98,4.07753744390572,1.6094379124341003,7.6801664025186325,1,Loyal / High-Value,0.2605814106339604,0
12635,89,2,1689.18,4.499809670330265,1.0986122886681096,7.432590311121191,0,At-Risk / Low-Engagement,0.40548162747320193,0
12637,67,8,6002.9,4.219507705176107,2.1972245773362196,8.70016453705169,1,Loyal / High-Value,0.13147330865077075,0
12638,33,1,671.69,3.5263605246161616,0.6931471805599453,6.511284599453549,0,At-Risk / Low-Engagement,0.5264093305106483,1
12639,238,1,486.1,5.476463551931511,0.6931471805599453,6.188469440812497,0,At-Risk / Low-Engagement,0.6294349171844358,1
12640,23,3,1174.58,3.1780538303479458,1.3862943611198906,7.06951692181073,1,Loyal / High-Value,0.30790267836737756,0
12641,115,1,185.9,4.7535901911063645,0.6931471805599453,5.230573714461517,0,At-Risk / Low-Engagement,0.658694765481988,1
12642,25,3,1013.26,3.258096538021482,1.3862943611198906,6.9219145615400475,1,Loyal / High-Value,0.31929412645039407,0
12643,128,6,3344.64,4.859812404361672,1.9459101490553132,8.11541328460481,1,Loyal / High-Value,0.2033265166191325,0
12644,129,1,477.91,4.867534450455582,0.6931471805599453,6.171512688316606,0,At-Risk / Low-Engagement,0.6055182014487039,1
12645,33,4,1775.18,3.5263605246161616,1.6094379124341003,7.482220269767765,1,Loyal / High-Value,0.25230617050688164,0
12646,4,2,1346.97,1.6094379124341003,1.0986122886681096,7.206355036031724,1,Loyal / High-Value,0.3047260978551029,0
12647,22,12,3722.82,3.1354942159291497,2.5649493574615367,8.222505302105255,1,Loyal / High-Value,0.08904226073780741,0
12648,154,1,318.05,5.043425116919247,0.6931471805599453,5.765347830314356,0,At-Risk / Low-Engagement,0.6379419102828356,1
12649,107,3,623.51,4.68213122712422,1.3862943611198906,6.4369673422476765,0,At-Risk / Low-Engagement,0.4057727207912012,0
12650,3,1,314.44,1.3862943611198906,0.6931471805599453,5.753968489569372,0,At-Risk / Low-Engagement,0.4835671755820268,0
12651,334,1,114.0,5.814130531825066,0.6931471805599453,4.74493212836325,0,At-Risk / Low-Engagement,0.7191333683664838,1
12652,331,1,919.98,5.805134968916488,0.6931471805599453,6.82543832049292,0,At-Risk / Low-Engagement,0.5963138609777897,1
12653,148,2,2209.85,5.003946305945459,1.0986122886681096,7.701132335950876,0,At-Risk / Low-Engagement,0.40948156370258987,0
12654,10,5,601.98,2.3978952727983707,1.791759469228055,6.401884028681278,1,Loyal / High-Value,0.23453838469306104,0
12656,17,5,4051.17,2.8903717578961645,1.791759469228055,8.30700781907883,1,Loyal / High-Value,0.16784299652356516,0
12657,11,4,1643.18,2.4849066497880004,1.6094379124341003,7.4049970586737315,1,Loyal / High-Value,0.22325039306871852,0
12658,18,1,686.05,2.9444389791664403,0.6931471805599453,6.532407069777784,0,At-Risk / Low-Engagement,0.49976941238695327,0
12659,29,1,91.68,3.4011973816621555,0.6931471805599453,4.529152699564175,0,At-Risk / Low-Engagement,0.6474903165529937,1
12660,11,1,245.1,2.4849066497880004,0.6931471805599453,5.50573795739701,0,At-Risk / Low-Engagement,0.5475283291078603,1
12662,0,11,3849.78,0.6931471805599453,2.4849066497880004,8.256031004164345,1,Loyal / High-Value,0.05747889378033779,0
12664,8,9,4881.88,2.1972245773362196,2.302585092994046,8.49349048870337,1,Loyal / High-Value,0.09177423067474207,0
12665,324,1,63.0,5.783825182329737,0.6931471805599453,4.1588830833596715,0,At-Risk / Low-Engagement,0.7493417379292936,1
12667,58,1,620.13,4.07753744390572,0.6931471805599453,6.431540399799522,0,At-Risk / Low-Engagement,0.5554094869432001,1
12668,11,4,3807.15,2.4849066497880004,1.6094379124341003,8.244898785891763,1,Loyal / High-Value,0.18711373808467668,0
12669,150,3,2744.0299999999997,5.017279836814924,1.3862943611198906,7.917547282845659,0,At-Risk / Low-Engagement,0.3285638573758488,0
12670,10,5,2996.05,2.3978952727983707,1.791759469228055,8.005383750527514,1,Loyal / High-Value,0.16703505750428202,0
12672,329,1,225.89999999999998,5.799092654460526,0.6931471805599453,5.424509391785796,0,At-Risk / Low-Engagement,0.6814628162698751,1
12673,5,2,610.52,1.791759469228055,1.0986122886681096,6.415947661051908,1,Loyal / High-Value,0.35795299600185326,0
12674,38,4,1970.6,3.6635616461296463,1.6094379124341003,7.586600674831223,1,Loyal / High-Value,0.2515965123804454,0
12676,24,6,1331.39,3.2188758248682006,1.9459101490553132,7.194729601037682,1,Loyal / High-Value,0.1966700280786076,0
12678,42,12,17628.46,3.7612001156935624,2.5649493574615367,9.777326645314199,1,Loyal / High-Value,0.07065292697496245,0
12679,58,4,1113.02,4.07753744390572,1.6094379124341003,7.015730373647435,1,Loyal / High-Value,0.2958190455353349,0
12680,0,4,862.81,0.6931471805599453,1.6094379124341003,6.761352837213469,1,Loyal / High-Value,0.18119647617010384,0
12681,14,22,13787.54,2.70805020110221,3.1354942159291497,9.531593091360708,1,Loyal / High-Value,0.0346176778734865,0
12682,3,31,12279.82,1.3862943611198906,3.4339872044851463,9.415793974716065,1,Loyal / High-Value,0.027369702063730877,0
12683,4,15,8476.57,1.6094379124341003,2.772588722239781,9.045179131116987,1,Loyal / High-Value,0.04653448292982927,0
12684,7,7,2283.63,2.0794415416798357,2.0794415416798357,7.733959364615189,1,Loyal / High-Value,0.13192766932929018,0
12685,28,6,2863.08,3.367295829986474,1.9459101490553132,7.960002460651312,1,Loyal / High-Value,0.17026087409305563,0
12686,371,1,89.14,5.912501651847105,0.6931471805599453,4.501364017262502,0,At-Risk / Low-Engagement,0.7319543092992425,1
12688,113,1,4873.8099999999995,4.736198448394496,0.6931471805599453,8.491836408313453,0,At-Risk / Low-Engagement,0.4482510432844139,0
12689,25,2,1247.61,3.258096538021482,1.0986122886681096,7.1297862115656185,0,At-Risk / Low-Engagement,0.37325112623624257,0
12690,205,1,389.01,5.327876168789581,0.6931471805599453,5.966172379820607,0,At-Risk / Low-Engagement,0.6370898563559876,1
12691,28,6,1035.8,3.367295829986474,1.9459101490553132,6.94389432559801,1,Loyal / High-Value,0.21162731094153692,0
12693,127,4,855.91,4.852030263919617,1.6094379124341003,6.753332895580138,0,At-Risk / Low-Engagement,0.3399775634172112,0
12694,70,2,869.67,4.2626798770413155,1.0986122886681096,6.769263030204804,0,At-Risk / Low-Engagement,0.4381940257518955,0
12695,7,4,582.1,2.0794415416798357,1.6094379124341003,6.368358698228111,1,Loyal / High-Value,0.26053570051831243,0
12697,28,3,957.59,3.367295829986474,1.3862943611198906,6.865463454791294,1,Loyal / High-Value,0.3267048888156969,0
12700,7,4,4939.99,2.0794415416798357,1.6094379124341003,8.505320994961897,1,Loyal / High-Value,0.1668457265520007,0
12701,79,2,797.71,4.382026634673881,1.0986122886681096,6.682997926190526,0,At-Risk / Low-Engagement,0.4489388825177135,0
12702,19,1,219.0,2.995732273553991,0.6931471805599453,5.393627546352361,0,At-Risk / Low-Engagement,0.5766542355007027,1
12703,71,1,283.55,4.276666119016055,0.6931471805599453,5.650908985049133,0,At-Risk / Low-Engagement,0.6138487390452071,1
12704,7,8,2340.84,2.0794415416798357,2.1972245773362196,7.758692224146705,1,Loyal / High-Value,0.11807379768881333,0
12705,15,9,6868.29,2.772588722239781,2.302585092994046,8.834816031986259,1,Loyal / High-Value,0.09258563902876994,0
12707,291,1,603.42,5.676753802268282,0.6931471805599453,6.404269320519532,0,At-Risk / Low-Engagement,0.6228063068761434,1
12708,29,10,2712.91,3.4011973816621555,2.3978952727983707,7.906145678459555,1,Loyal / High-Value,0.11659672503807528,0
12709,15,15,9706.52,2.772588722239781,2.772588722239781,9.180656121866384,1,Loyal / High-Value,0.05449041071390424,0
12710,96,3,1149.02,4.574710978503383,1.3862943611198906,7.047534612510416,0,At-Risk / Low-Engagement,0.36318976372435063,0
12712,28,13,4396.13,3.367295829986474,2.639057329615259,8.388707334356674,1,Loyal / High-Value,0.08281372706974954,0
12713,0,1,848.55,0.6931471805599453,0.6931471805599453,6.744706797531768,1,Loyal / High-Value,0.361590352882215,0
12714,9,5,4708.86,2.302585092994046,1.791759469228055,8.45741346257719,1,Loyal / High-Value,0.14895149868722765,0
12715,106,1,343.36,4.672828834461906,0.6931471805599453,5.841687621789754,0,At-Risk / Low-Engagement,0.618194386696248,1
12716,3,2,1053.49,1.3862943611198906,1.0986122886681096,6.960812516706486,1,Loyal / High-Value,0.31029627688442957,0
12717,151,2,1030.98,5.0238805208462765,1.0986122886681096,6.939234566008755,0,At-Risk / Low-Engagement,0.45978243205223684,0
12718,71,1,238.25,4.276666119016055,0.6931471805599453,5.477509030333064,0,At-Risk / Low-Engagement,0.624656970565656,1
12719,5,2,644.95,1.791759469228055,1.0986122886681096,6.47072210140631,1,Loyal / High-Value,0.35463180370543324,0
12720,2,25,5781.73,1.0986122886681096,3.258096538021482,8.662631168498326,1,Loyal / High-Value,0.03163282140910136,0
12721,31,6,2656.13,3.4657359027997265,1.9459101490553132,7.885001871924596,1,Loyal / High-Value,0.17554124424730275,0
12722,85,4,997.63,4.454347296253507,1.6094379124341003,6.906384339674138,0,At-Risk / Low-Engagement,0.31584543838078,0
12723,3,5,725.07,1.3862943611198906,1.791759469228055,6.587646428909592,1,Loyal / High-Value,0.1966009129766461,0
12724,5,4,1031.41,1.791759469228055,1.6094379124341003,6.9396511539657,1,Loyal / High-Value,0.22370750479746335,0
12725,371,1,427.8,5.912501651847105,0.6931471805599453,6.060990609756592,0,At-Risk / Low-Engagement,0.6438770242667965,1
12726,28,7,2609.1,3.367295829986474,2.0794415416798357,7.867143813759015,1,Loyal / High-Value,0.15504800143904354,0
12727,10,7,3980.7,2.3978952727983707,2.0794415416798357,8.2894641427604,1,Loyal / High-Value,0.12179169622704068,0
12728,71,4,836.33,4.276666119016055,1.6094379124341003,6.7302182580203365,0,At-Risk / Low-Engagement,0.31925055960177856,0
12729,113,1,453.01,4.736198448394496,0.6931471805599453,6.118119224230488,0,At-Risk / Low-Engagement,0.6034391954378141,1
12731,23,12,18895.91,3.1780538303479458,2.5649493574615367,9.846753695617958,1,Loyal / High-Value,0.0642847222234842,0
12732,179,1,236.26000000000002,5.19295685089021,0.6931471805599453,5.469156586232957,0,At-Risk / Low-Engagement,0.6616645308325952,1
12733,234,1,383.95,5.459585514144159,0.6931471805599453,5.953113455724059,0,At-Risk / Low-Engagement,0.6431550543087374,1
12734,352,1,110.39999999999999,5.8664680569332965,0.6931471805599453,4.713127327493184,0,At-Risk / Low-Engagement,0.7208285782519039,1
12735,315,2,779.5699999999999,5.755742213586912,1.0986122886681096,6.660024422032584,0,At-Risk / Low-Engagement,0.5049855750169665,1
12736,332,1,234.0,5.808142489980444,0.6931471805599453,5.459585514144159,0,At-Risk / Low-Engagement,0.6794464685271671,1
12738,372,1,155.35,5.912501651847105,0.6931471805599453,5.05209708390385,0,At-Risk / Low-Engagement,0.7024432445470896,1
12739,78,2,1013.04,4.3694478524670215,1.0986122886681096,6.921697631104842,0,At-Risk / Low-Engagement,0.43284561836743424,0
12740,63,1,427.6,4.1588830833596715,0.6931471805599453,6.060524083039477,0,At-Risk / Low-Engagement,0.5829192882094153,1
12743,134,2,540.13,4.90527477843843,1.0986122886681096,6.293659545728696,0,At-Risk / Low-Engagement,0.4972139951151259,0
12744,51,7,21279.29,3.9512437185814275,2.0794415416798357,9.892501674765558,1,Loyal / High-Value,0.11424808549119511,0
12747,2,11,4196.01,1.0986122886681096,2.4849066497880004,8.342127645985029,1,Loyal / High-Value,0.06728986764837365,0
12748,0,209,33053.19,0.6931471805599453,3.4339872044851463,9.892501674765558,1,Loyal / High-Value,0.02071690571681293,0
12749,3,5,4090.88,1.3862943611198906,1.791759469228055,8.316759801128319,1,Loyal / High-Value,0.13414303252353563,0
12750,128,1,275.88,4.859812404361672,0.6931471805599453,5.623584199327089,0,At-Risk / Low-Engagement,0.6392314388446314,1
12752,81,1,4366.78,4.406719247264253,0.6931471805599453,8.38201014985595,0,At-Risk / Low-Engagement,0.44128924726177426,0
12753,22,6,21429.39,3.1354942159291497,1.9459101490553132,9.892501674765558,1,Loyal / High-Value,0.11370557949995568,0
12754,235,3,3010.74,5.4638318050256105,1.3862943611198906,8.010273263812737,0,At-Risk / Low-Engagement,0.340371121241535,0
12755,280,2,3811.95,5.638354669333745,1.0986122886681096,8.246158446737232,0,At-Risk / Low-Engagement,0.4013096971725825,0
12756,86,1,112.07999999999998,4.465908118654584,0.6931471805599453,4.72809553282539,0,At-Risk / Low-Engagement,0.677074395132704,1
12757,15,13,7834.650000000001,2.772588722239781,2.639057329615259,8.966439112421154,1,Loyal / High-Value,0.06532951620351977,0
12758,116,2,2791.59,4.762173934797756,1.0986122886681096,7.934724759609325,0,At-Risk / Low-Engagement,0.3846496756003685,0
12759,52,3,1531.44,3.970291913552122,1.3862943611198906,7.334616515331031,1,Loyal / High-Value,0.3224740044341782,0
12762,7,2,1898.52,2.0794415416798357,1.0986122886681096,7.549356501658852,1,Loyal / High-Value,0.3028127591754961,0
12763,138,2,494.08,4.9344739331306915,1.0986122886681096,6.204719365671822,0,At-Risk / Low-Engagement,0.5043601826640529,1
12764,316,1,1693.88,5.75890177387728,0.6931471805599453,7.435367220848186,0,At-Risk / Low-Engagement,0.5569711209085094,1
12766,3,7,6989.63,1.3862943611198906,2.0794415416798357,8.852325959921869,1,Loyal / High-Value,0.09111601464538466,0
12769,238,1,1143.6,5.476463551931511,0.6931471805599453,7.042810509975002,0,At-Risk / Low-Engagement,0.5754018467465227,1
12770,210,1,1351.45,5.351858133476067,0.6931471805599453,7.209673041460572,0,At-Risk / Low-Engagement,0.5592621840663612,1
12772,59,1,892.47,4.0943445622221,0.6931471805599453,6.795112758210396,0,At-Risk / Low-Engagement,0.5322927716667258,1
12775,17,5,1386.04,2.8903717578961645,1.791759469228055,7.23492725912033,1,Loyal / High-Value,0.2112247045630497,0
12778,19,6,822.23,2.995732273553991,1.9459101490553132,6.713235627004493,1,Loyal / High-Value,0.2110346369383853,0
12779,37,8,3981.36,3.6375861597263857,2.1972245773362196,8.289629887368429,1,Loyal / High-Value,0.1323277290979909,0
12781,63,2,826.74,4.1588830833596715,1.0986122886681096,6.718699095412067,0,At-Risk / Low-Engagement,0.4370470346223404,0
12782,4,5,2330.92,1.6094379124341003,1.791759469228055,7.754447241564618,1,Loyal / High-Value,0.1574409883564645,0
12783,2,6,2225.91,1.0986122886681096,1.9459101490553132,7.708370253328926,1,Loyal / High-Value,0.12883478337358836,0
12784,9,2,532.8199999999999,2.302585092994046,1.0986122886681096,6.280058703484731,0,At-Risk / Low-Engagement,0.3870786312689881,0
12785,364,1,311.95,5.8998973535824915,0.6931471805599453,5.74604343337071,0,At-Risk / Low-Engagement,0.6627327895985469,1
12787,9,3,463.66,2.302585092994046,1.3862943611198906,6.141305955347142,1,Loyal / High-Value,0.3281409457120429,0
12789,65,1,91.85,4.189654742026425,0.6931471805599453,4.530985287798715,0,At-Risk / Low-Engagement,0.6779765171627473,1
12790,192,1,324.92,5.262690188904886,0.6931471805599453,5.786651952478496,0,At-Risk / Low-Engagement,0.6454033064839553,1
12791,373,1,192.60000000000002,5.912501651847105,0.6931471805599453,5.265794174842477,0,At-Risk / Low-Engagement,0.6905011122680947,1
12792,256,1,400.53999999999996,5.54907608489522,0.6931471805599453,5.995307154825432,0,At-Risk / Low-Engagement,0.6441616235860758,1
12793,334,2,545.48,5.814130531825066,1.0986122886681096,6.303497710423594,0,At-Risk / Low-Engagement,0.5285190947180259,1
12794,53,2,860.41,3.9889840465642745,1.0986122886681096,6.758570581561217,0,At-Risk / Low-Engagement,0.42721914997333676,0
12795,18,1,430.48,2.9444389791664403,0.6931471805599453,6.067221159507229,0,At-Risk / Low-Engagement,0.5304776646479712,1
12797,365,1,254.03,5.902633333401366,0.6931471805599453,5.541381185297377,0,At-Risk / Low-Engagement,0.6747184306355334,1
12798,10,3,6977.04,2.3978952727983707,1.3862943611198906,8.85052335403181,1,Loyal / High-Value,0.19524149358399615,0
12802,186,1,427.58,5.231108616854587,0.6931471805599453,6.060477418394936,0,At-Risk / Low-Engagement,0.6273852765582792,1
12808,36,3,483.65000000000003,3.6109179126442243,1.3862943611198906,6.183426980938617,0,At-Risk / Low-Engagement,0.3774238266883468,0
12809,177,1,489.31,5.181783550292085,0.6931471805599453,6.1950378441253156,0,At-Risk / Low-Engagement,0.6170094328467982,1
12811,260,3,514.85,5.564520407322694,1.3862943611198906,6.245816025546385,0,At-Risk / Low-Engagement,0.45569877952398896,0
12812,44,1,229.64000000000001,3.8066624897703196,0.6931471805599453,5.440858053330147,0,At-Risk / Low-Engagement,0.6076434226390639,1
12814,101,1,125.92,4.624972813284271,0.6931471805599453,4.843556966714995,0,At-Risk / Low-Engagement,0.6764405655842556,1
12815,147,2,1063.46,4.997212273764115,1.0986122886681096,6.970222907300612,0,At-Risk / Low-Engagement,0.4565987117606953,0
12816,95,2,572.2,4.564348191467836,1.0986122886681096,6.351234695954017,0,At-Risk / Low-Engagement,0.47861777268533606,0
12817,281,1,166.04,5.641907070938114,0.6931471805599453,5.118233304694273,0,At-Risk / Low-Engagement,0.6987757238923256,1
12818,261,1,1542.08,5.568344503761097,0.6931471805599453,7.341535698070348,0,At-Risk / Low-Engagement,0.5599374597348075,1
12820,3,4,942.34,1.3862943611198906,1.6094379124341003,6.849426769082011,1,Loyal / High-Value,0.2157238882203788,0
12821,214,1,92.72,5.3706380281276624,0.6931471805599453,4.540311613639595,0,At-Risk / Low-Engagement,0.7205410870653145,1
12822,70,2,948.88,4.2626798770413155,1.0986122886681096,6.856335660826602,0,At-Risk / Low-Engagement,0.43253526799841663,0
12823,74,5,1759.5,4.31748811353631,1.791759469228055,7.473353138595107,1,Loyal / High-Value,0.24365988939564306,0
12824,59,1,397.12,4.0943445622221,0.6931471805599453,5.986753467377863,0,At-Risk / Low-Engagement,0.584934257232446,1
12826,2,7,1474.72,1.0986122886681096,2.0794415416798357,7.296901285267718,1,Loyal / High-Value,0.1257760993906285,0
12827,5,3,430.15000000000003,1.791759469228055,1.3862943611198906,6.066456057398334,1,Loyal / High-Value,0.3131267039699908,0
12828,2,6,1018.71,1.0986122886681096,1.9459101490553132,6.927273552128017,1,Loyal / High-Value,0.15383978596135736,0
12829,336,2,293.0,5.820082930352362,1.0986122886681096,5.683579767338681,0,At-Risk / Low-Engagement,0.5690784435817543,1
12830,37,6,6814.64,3.6375861597263857,1.9459101490553132,8.826975250212882,1,Loyal / High-Value,0.14603544483627098,0
12831,262,1,215.05,5.572154032177765,0.6931471805599453,5.3755098623779425,0,At-Risk / Low-Engagement,0.6816449006682891,1
12832,32,2,383.03,3.4965075614664802,1.0986122886681096,5.950720674536128,0,At-Risk / Low-Engagement,0.4588017555959953,0
12833,145,1,417.38,4.983606621708336,0.6931471805599453,6.0363901104609745,0,At-Risk / Low-Engagement,0.6187852529712706,1
12834,282,1,312.38,5.645446897643238,0.6931471805599453,5.7474165116762626,0,At-Risk / Low-Engagement,0.6626516455297009,1
12836,59,4,2610.36,4.0943445622221,1.6094379124341003,7.867626437402386,1,Loyal / High-Value,0.2516955469600016,0
12837,173,1,134.1,5.159055299214529,0.6931471805599453,4.906015244966153,0,At-Risk / Low-Engagement,0.6929003451028419,1
12838,33,2,671.95,3.5263605246161616,1.0986122886681096,6.5116710326797245,0,At-Risk / Low-Engagement,0.4235335242017448,0
12839,2,14,5591.42,1.0986122886681096,2.70805020110221,8.629167388389371,1,Loyal / High-Value,0.05055734076309431,0
12840,143,4,2726.77,4.969813299576001,1.6094379124341003,7.911239704558553,1,Loyal / High-Value,0.2790738763765576,0
12841,4,25,3991.58,1.6094379124341003,3.258096538021482,8.292192917458863,1,Loyal / High-Value,0.0378785505191567,0
12842,70,2,1118.99,4.2626798770413155,1.0986122886681096,7.0210750356778515,0,At-Risk / Low-Engagement,0.42187818380974257,0
12843,65,8,1702.26,4.189654742026425,2.1972245773362196,7.440299340765267,1,Loyal / High-Value,0.17363221774998494,0
12844,29,2,325.96000000000004,3.4011973816621555,1.0986122886681096,5.789837839256022,0,At-Risk / Low-Engagement,0.46525902973033595,0
12845,267,4,354.09,5.5909869805108565,1.6094379124341003,5.872371278471126,0,At-Risk / Low-Engagement,0.42503460539601184,0
12847,22,1,843.64,3.1354942159291497,0.6931471805599453,6.738910501075306,0,At-Risk / Low-Engagement,0.4944170504366566,0
12849,31,2,1010.29,3.4657359027997265,1.0986122886681096,6.918982022596603,0,At-Risk / Low-Engagement,0.3949629002336332,0
12851,96,1,131.81,4.574710978503383,0.6931471805599453,4.8889195354121595,0,At-Risk / Low-Engagement,0.671888518043309,1
12852,294,1,311.55,5.68697535633982,0.6931471805599453,5.744764456377822,0,At-Risk / Low-Engagement,0.6628083639894744,1
12853,134,6,1957.1000000000001,4.90527477843843,1.9459101490553132,7.579729894309281,1,Loyal / High-Value,0.22862117943569255,0
12854,78,3,1316.25,4.3694478524670215,1.3862943611198906,7.183301509089395,0,At-Risk / Low-Engagement,0.34680977885444,0
12855,372,1,38.1,5.912501651847105,0.6931471805599453,3.9740583963475986,0,At-Risk / Low-Engagement,0.7614858902906267,1
12856,7,6,2170.78,2.0794415416798357,1.9459101490553132,7.683302386789297,1,Loyal / High-Value,0.15003666664607776,0
12857,210,2,1106.4,5.351858133476067,1.0986122886681096,7.009770204388867,0,At-Risk / Low-Engagement,0.4693135643080382,0
12863,52,1,521.2,3.970291913552122,0.6931471805599453,6.258050656265029,0,At-Risk / Low-Engagement,0.5621251076744974,1
12864,138,1,147.12,4.9344739331306915,0.6931471805599453,4.998022756045412,0,At-Risk / Low-Engagement,0.6792618781796509,1
12865,26,2,1568.23,3.295836866004329,1.0986122886681096,7.358340332174572,1,Loyal / High-Value,0.36073769549840573,0
12866,283,1,559.12,5.648974238161206,0.6931471805599453,6.3281510464875765,0,At-Risk / Low-Engagement,0.6275219726402999,1
12867,26,7,4009.34,3.295836866004329,2.0794415416798357,8.296631304736238,1,Loyal / High-Value,0.13925359220901068,0
12868,185,6,1607.0600000000002,5.225746673713202,1.9459101490553132,7.3827837624756185,1,Loyal / High-Value,0.248172554666754,0
12871,84,2,380.64,4.442651256490317,1.0986122886681096,5.9444777558836455,0,At-Risk / Low-Engagement,0.5002046160559075,1
12872,326,2,599.97,5.7899601708972535,1.0986122886681096,6.398545016483998,0,At-Risk / Low-Engagement,0.5222532976742129,1
12873,282,1,374.0,5.645446897643238,0.6931471805599453,5.926926025970411,0,At-Risk / Low-Engagement,0.6519621343508267,1
12875,143,2,343.2300000000001,4.969813299576001,1.0986122886681096,5.841310038608051,0,At-Risk / Low-Engagement,0.5298784172058182,1
12876,57,2,2218.02,4.060443010546419,1.0986122886681096,7.704820935960926,0,At-Risk / Low-Engagement,0.3702927853821919,0
12877,3,12,1535.77,1.3862943611198906,2.5649493574615367,7.337438090181038,1,Loyal / High-Value,0.08353851669581609,0
12878,236,2,854.99,5.4680601411351315,1.0986122886681096,6.752258693830513,0,At-Risk / Low-Engagement,0.49134160119201675,0
12879,44,3,573.22,3.8066624897703196,1.3862943611198906,6.353012598149689,0,At-Risk / Low-Engagement,0.3748811153190283,0
12881,275,1,298.0,5.62040086571715,0.6931471805599453,5.700443573390686,0,At-Risk / Low-Engagement,0.6645899648027345,1
12882,9,2,1463.04,2.302585092994046,1.0986122886681096,7.288955016552379,1,Loyal / High-Value,0.3259989473168669,0
12883,24,4,703.47,3.2188758248682006,1.6094379124341003,6.5574457470395595,1,Loyal / High-Value,0.2900238296105724,0
12884,88,1,309.05,4.48863636973214,0.6931471805599453,5.736733574795887,0,At-Risk / Low-Engagement,0.6171919548743683,1
12885,63,3,1175.22,4.1588830833596715,1.3862943611198906,7.0700611857921905,0,At-Risk / Low-Engagement,0.34530830510056243,0
12886,67,2,1378.4,4.219507705176107,1.0986122886681096,7.229403900997191,0,At-Risk / Low-Engagement,0.4066952945500288,0
12888,214,2,354.12,5.3706380281276624,1.0986122886681096,5.87245576052578,0,At-Risk / Low-Engagement,0.5451370723810739,1
12890,24,1,376.71999999999997,3.2188758248682006,0.6931471805599453,5.934153180394868,0,At-Risk / Low-Engagement,0.551048736502995,1
12891,185,3,331.0,5.225746673713202,1.3862943611198906,5.805134968916488,0,At-Risk / Low-Engagement,0.47003433481170326,0
12893,30,1,176.55,3.4339872044851463,0.6931471805599453,5.179252259389097,0,At-Risk / Low-Engagement,0.6086997120313082,1
12895,42,2,372.8,3.7612001156935624,1.0986122886681096,5.923720895021463,0,At-Risk / Low-Engagement,0.4720155370834179,0
12897,204,2,216.5,5.3230099791384085,1.0986122886681096,5.382198850528739,0,At-Risk / Low-Engagement,0.5750245123122987,1
12901,8,28,17654.54,2.1972245773362196,3.367295829986474,9.778804894130932,1,Loyal / High-Value,0.03005426914893041,0
12902,264,1,138.68,5.579729825986222,0.6931471805599453,4.939354092091292,0,At-Risk / Low-Engagement,0.70640069489767,1
12904,18,2,496.06,2.9444389791664403,1.0986122886681096,6.208710743156108,0,At-Risk / Low-Engagement,0.4184200437144779,0
12906,11,5,2919.81,2.4849066497880004,1.791759469228055,7.979616254055095,1,Loyal / High-Value,0.17010793081886458,0
12908,176,2,750.0,5.176149732573829,1.0986122886681096,6.621405651764134,0,At-Risk / Low-Engagement,0.4873166238679328,0
12909,39,5,2178.67,3.6888794541139363,1.791759469228055,7.68692876817782,1,Loyal / High-Value,0.21444029931630595,0
12910,23,8,3075.04,3.1780538303479458,2.1972245773362196,8.031398334442155,1,Loyal / High-Value,0.13100771264144953,0
12912,2,5,1662.3,1.0986122886681096,1.791759469228055,7.416558859796489,1,Loyal / High-Value,0.1575212172149193,0
12913,4,5,2483.63,1.6094379124341003,1.791759469228055,7.817879034084852,1,Loyal / High-Value,0.15522916468082187,0
12915,148,2,363.65,5.003946305945459,1.0986122886681096,5.898937989430242,0,At-Risk / Low-Engagement,0.5275593630765697,1
12916,138,4,2944.95,4.9344739331306915,1.6094379124341003,7.988186624712898,1,Loyal / High-Value,0.27377740399210104,0
12917,128,1,594.0,4.859812404361672,0.6931471805599453,6.38856140554563,0,At-Risk / Low-Engagement,0.5914076901191428,1
12919,8,6,1335.19,2.1972245773362196,1.9459101490553132,7.197577559553778,1,Loyal / High-Value,0.17002621926830183,0
12920,17,1,162.78,2.8903717578961645,0.6931471805599453,5.098524063842042,0,At-Risk / Low-Engagement,0.591162228207168,1
12921,9,37,16587.09,2.302585092994046,3.4339872044851463,9.716440246960428,1,Loyal / High-Value,0.030592346177563453,0
12922,161,1,405.38,5.087596335232384,0.6931471805599453,6.007288682454868,0,At-Risk / Low-Engagement,0.6248418983649217,1
12923,64,1,172.82,4.174387269895637,0.6931471805599453,5.158020281009314,0,At-Risk / Low-Engagement,0.6401609797089948,1
12924,88,4,933.7,4.48863636973214,1.6094379124341003,6.840225622188537,0,At-Risk / Low-Engagement,0.32093365803923146,0
12925,4,2,694.05,1.6094379124341003,1.0986122886681096,6.5439837854231016,1,Loyal / High-Value,0.34303979486623914,0
12928,35,5,2062.7000000000003,3.58351893845611,1.791759469228055,7.632255767200078,1,Loyal / High-Value,0.21379316951460964,0
12929,311,1,117.85,5.7430031878094825,0.6931471805599453,4.777862193806203,0,At-Risk / Low-Engagement,0.7173715870515176,1
12930,78,2,415.8,4.3694478524670215,1.0986122886681096,6.032606490439157,0,At-Risk / Low-Engagement,0.4912020578393096,0
12931,21,15,42055.96,3.091042453358316,2.772588722239781,9.892501674765558,1,Loyal / High-Value,0.0519034853746693,0
12933,24,3,607.53,3.2188758248682006,1.3862943611198906,6.411046212773516,0,At-Risk / Low-Engagement,0.3477899131340718,0
12935,2,7,2160.7,1.0986122886681096,2.0794415416798357,7.678650228164007,1,Loyal / High-Value,0.11509130235459497,0
12936,17,4,1063.9,2.8903717578961645,1.6094379124341003,6.970636177021338,1,Loyal / High-Value,0.25701067981355424,0
12937,15,4,1504.27,2.772588722239781,1.6094379124341003,7.316727563085719,1,Loyal / High-Value,0.23621927298937073,0
12938,25,1,114.14,3.258096538021482,0.6931471805599453,4.7461487792476635,0,At-Risk / Low-Engagement,0.6285034373032814,1
12939,64,8,11581.8,4.174387269895637,2.1972245773362196,9.357276518099342,1,Loyal / High-Value,0.11209116685048974,0
12940,54,2,899.69,4.007333185232471,1.0986122886681096,6.803161136252212,0,At-Risk / Low-Engagement,0.425115630953186,0
12942,131,3,675.6,4.882801922586371,1.3862943611198906,6.517080256346608,0,At-Risk / Low-Engagement,0.40907412169337093,0
12944,35,2,604.51,3.58351893845611,1.0986122886681096,6.406071078133402,0,At-Risk / Low-Engagement,0.43279944320471575,0
12945,288,1,462.95,5.666426688112432,0.6931471805599453,6.139776787799188,0,At-Risk / Low-Engagement,0.6390867109449226,1
12947,143,6,1603.99,4.969813299576001,1.9459101490553132,7.380872805015112,1,Loyal / High-Value,0.2400636965928828,0
12948,16,7,2064.95,2.833213344056216,2.0794415416798357,7.63334544803145,1,Loyal / High-Value,0.15103596394569732,0
12949,30,8,4167.22,3.4339872044851463,2.1972245773362196,8.335244365149629,1,Loyal / High-Value,0.12697711640120238,0
12950,2,3,1843.0,1.0986122886681096,1.3862943611198906,7.519692404116539,1,Loyal / High-Value,0.21582973270309272,0
12951,8,6,1064.07,2.1972245773362196,1.9459101490553132,6.970795803683085,1,Loyal / High-Value,0.17865515196386914,0
12952,5,4,1387.79,1.791759469228055,1.6094379124341003,7.236188143419333,1,Loyal / High-Value,0.21038813257550354,0
12953,9,1,329.85,2.302585092994046,0.6931471805599453,5.801665100458068,0,At-Risk / Low-Engagement,0.5201853771900605,1
12955,1,11,4757.16,0.6931471805599453,2.4849066497880004,8.46761631787212,1,Loyal / High-Value,0.061071948484316275,0
12956,306,1,108.07,5.726847747587197,0.6931471805599453,4.691989877940651,0,At-Risk / Low-Engagement,0.7219517393343905,1
12957,9,8,4017.54,2.302585092994046,2.1972245773362196,8.298673931566155,1,Loyal / High-Value,0.10766669605717541,0
12962,7,2,266.39,2.0794415416798357,1.0986122886681096,5.588708266810736,0,At-Risk / Low-Engagement,0.42175097942114276,0
12963,8,8,1856.63,2.1972245773362196,2.1972245773362196,7.527056760684021,1,Loyal / High-Value,0.12685002856802105,0
12965,89,1,769.8100000000001,4.499809670330265,0.6931471805599453,6.647441909990047,0,At-Risk / Low-Engagement,0.5594220957169448,1
12966,9,1,160.18,2.302585092994046,0.6931471805599453,5.0825217528963655,0,At-Risk / Low-Engagement,0.5673163417725074,1
12967,358,2,1660.9,5.883322388488279,1.0986122886681096,7.415716805133478,0,At-Risk / Low-Engagement,0.4551596625865472,0
12968,112,1,135.95,4.727387818712341,0.6931471805599453,4.919615895709087,0,At-Risk / Low-Engagement,0.6759326307541721,1
12970,7,4,405.47,2.0794415416798357,1.6094379124341003,6.00751012552645,1,Loyal / High-Value,0.2793302656391964,0
12971,3,86,11189.91,1.3862943611198906,3.4339872044851463,9.322857120608939,1,Loyal / High-Value,0.02803143051932105,0
12974,197,1,144.8,5.288267030694535,0.6931471805599453,4.982235819574558,0,At-Risk / Low-Engagement,0.6933878004415293,1
12976,211,1,738.6,5.356586274672012,0.6931471805599453,6.60610949951297,0,At-Risk / Low-Engagement,0.5983410590955538,1
12977,156,1,39.239999999999995,5.056245805348308,0.6931471805599453,3.9740583963475986,0,At-Risk / Low-Engagement,0.7425223096839902,1
12980,157,9,7374.900000000001,5.062595033026967,2.302585092994046,8.905973207660795,1,Loyal / High-Value,0.12970981667417733,0
12981,29,2,372.21999999999997,3.4011973816621555,1.0986122886681096,5.922168058105326,0,At-Risk / Low-Engagement,0.4565664480560425,0
12982,242,1,390.54,5.493061443340548,0.6931471805599453,5.970087681348397,0,At-Risk / Low-Engagement,0.6434595136164811,1
12984,18,1,97.5,2.9444389791664403,0.6931471805599453,4.590056548178043,0,At-Risk / Low-Engagement,0.6254134228981969,1
12985,0,2,1239.38,0.6931471805599453,1.0986122886681096,7.123173063265281,1,Loyal / High-Value,0.25304379839010993,0
12987,73,2,558.7,4.304065093204169,1.0986122886681096,6.327400925897314,0,At-Risk / Low-Engagement,0.46891800397704914,0
12988,292,1,505.82,5.680172609017068,0.6931471805599453,6.228155910967461,0,At-Risk / Low-Engagement,0.633680046123985,1
12989,3,15,6924.110000000001,1.3862943611198906,2.772588722239781,8.842909215405916,1,Loyal / High-Value,0.04719186945811609,0
12990,31,3,409.5,3.4657359027997265,1.3862943611198906,6.017375928892483,0,At-Risk / Low-Engagement,0.38182391250190656,0
12991,23,2,503.76,3.1780538303479458,1.0986122886681096,6.22408306878471,0,At-Risk / Low-Engagement,0.4273306976408549,0
12993,23,4,414.76,3.1780538303479458,1.6094379124341003,6.030108170700187,0,At-Risk / Low-Engagement,0.3180076750309922,0
12994,4,3,974.4200000000001,1.6094379124341003,1.3862943611198906,6.882868147474188,1,Loyal / High-Value,0.262493288050198,0
12995,85,1,211.32,4.454347296253507,0.6931471805599453,5.358094570583897,0,At-Risk / Low-Engagement,0.6391770504188348,1
12997,22,4,1226.89,3.1354942159291497,1.6094379124341003,7.113052528147638,1,Loyal / High-Value,0.2579520108028456,0
12999,196,3,455.88,5.2832037287379885,1.3862943611198906,6.124420774356607,0,At-Risk / Low-Engagement,0.4515429395656118,0
13000,106,3,534.85,4.672828834461906,1.3862943611198906,6.283854271159006,0,At-Risk / Low-Engagement,0.4151768634662344,0
13001,4,13,9785.970000000001,1.6094379124341003,2.639057329615259,9.18880718813043,1,Loyal / High-Value,0.05109769923658366,0
13002,318,1,120.94999999999999,5.765191102784844,0.6931471805599453,4.803611124661929,0,At-Risk / Low-Engagement,0.7159893457148622,1
13003,105,3,149.05,4.663439094112067,1.3862943611198906,5.010968571886377,0,At-Risk / Low-Engagement,0.49807141148529466,0
13004,11,18,5655.91,2.4849066497880004,2.9444389791664403,8.640633085723934,1,Loyal / High-Value,0.0503865803725918,0
13005,173,2,513.7,5.159055299214529,1.0986122886681096,6.243584206658709,0,At-Risk / Low-Engagement,0.5115413707292109,1
13006,56,1,81.57,4.04305126783455,0.6931471805599453,4.413646418429337,0,At-Risk / Low-Engagement,0.6791887950774945,1
13008,323,1,229.46999999999997,5.780743515792329,0.6931471805599453,5.440120702122399,0,At-Risk / Low-Engagement,0.6805662349834154,1
13011,372,1,50.550000000000004,5.912501651847105,0.6931471805599453,3.9740583963475986,0,At-Risk / Low-Engagement,0.7599303115229284,1
13012,9,8,1646.8400000000001,2.302585092994046,2.1972245773362196,7.407220618377492,1,Loyal / High-Value,0.13248999722711297,0
13013,1,13,4810.9400000000005,0.6931471805599453,2.639057329615259,8.478855608188903,1,Loyal / High-Value,0.05249959262213047,0
13014,10,10,3466.2799999999997,2.3978952727983707,2.3978952727983707,8.151125703889235,1,Loyal / High-Value,0.09414092452075698,0
13015,53,5,3339.64,3.9889840465642745,1.791759469228055,8.113917684381065,1,Loyal / High-Value,0.20438239623889848,0
13016,73,3,789.89,4.304065093204169,1.3862943611198906,6.673158893621945,0,At-Risk / Low-Engagement,0.3752923592794514,0
13017,7,1,204.0,2.0794415416798357,0.6931471805599453,5.3230099791384085,0,At-Risk / Low-Engagement,0.542043724300622,1
13018,16,28,7277.7,2.833213344056216,3.367295829986474,8.892707553816384,1,Loyal / High-Value,0.03988852948139313,0
13021,4,9,2616.38,1.6094379124341003,2.302585092994046,7.869929096421559,1,Loyal / High-Value,0.09714135543084373,0
13023,64,2,689.9,4.174387269895637,1.0986122886681096,6.537995095494749,0,At-Risk / Low-Engagement,0.4495006663205084,0
13026,1,5,975.36,0.6931471805599453,1.791759469228055,6.883831370862763,1,Loyal / High-Value,0.1670928291258747,0
13027,113,6,6912.0,4.736198448394496,1.9459101490553132,8.841158975945264,1,Loyal / High-Value,0.1709410471112411,0
13028,22,2,661.3199999999999,3.1354942159291497,1.0986122886681096,6.49574882283055,0,At-Risk / Low-Engagement,0.40806641232747265,0
13029,30,3,1247.5,3.4339872044851463,1.3862943611198906,7.129698109719828,1,Loyal / High-Value,0.31401815848937714,0
13030,11,2,752.4399999999999,2.4849066497880004,1.0986122886681096,6.6246493864952445,0,At-Risk / Low-Engagement,0.373075996304413,0
13032,52,2,1010.18,3.970291913552122,1.0986122886681096,6.918873244715984,0,At-Risk / Low-Engagement,0.416092984023998,0
13033,357,1,190.55,5.8805329864007,0.6931471805599453,5.255148871146658,0,At-Risk / Low-Engagement,0.6911022468449941,1
13034,54,2,642.77,4.007333185232471,1.0986122886681096,6.467341519456512,0,At-Risk / Low-Engagement,0.4469442799495359,0
13035,73,2,921.88,4.304065093204169,1.0986122886681096,6.827499215216475,0,At-Risk / Low-Engagement,0.4361743897889418,0
13037,138,3,881.07,4.9344739331306915,1.3862943611198906,6.782271417936915,0,At-Risk / Low-Engagement,0.3943819371759225,0
13038,80,3,908.46,4.394449154672439,1.3862943611198906,6.812851016782114,0,At-Risk / Low-Engagement,0.3703277584059065,0
13040,8,2,676.99,2.1972245773362196,1.0986122886681096,6.519132538569087,1,Loyal / High-Value,0.36792838262267324,0
13043,273,1,516.42,5.6131281063880705,0.6931471805599453,6.248854923817375,0,At-Risk / Low-Engagement,0.6312460440172071,1
13044,291,1,560.47,5.676753802268282,0.6931471805599453,6.330558344434147,0,At-Risk / Low-Engagement,0.6273732017642941,1
13045,99,1,305.28000000000003,4.605170185988092,0.6931471805599453,5.724499716244923,0,At-Risk / Low-Engagement,0.6227228473842231,1
13046,30,2,629.31,3.4339872044851463,1.0986122886681096,6.446211761854101,0,At-Risk / Low-Engagement,0.4238415804905356,0
13047,31,10,3237.54,3.4657359027997265,2.3978952727983707,8.082877889943946,1,Loyal / High-Value,0.11298820678989763,0
13048,14,4,1819.41,2.70805020110221,1.6094379124341003,7.506817029425575,1,Loyal / High-Value,0.2253100981082777,0
13049,64,2,656.6800000000001,4.174387269895637,1.0986122886681096,6.488718490843878,0,At-Risk / Low-Engagement,0.4527264171804717,0
13050,14,17,5836.86,2.70805020110221,2.8903717578961645,8.672119570311168,1,Loyal / High-Value,0.05464502776705543,0
13052,212,1,348.15000000000003,5.3612921657094255,0.6931471805599453,5.8555016292920445,0,At-Risk / Low-Engagement,0.6451569929500153,1
13055,78,3,1214.41,4.3694478524670215,1.3862943611198906,7.102836747411359,0,At-Risk / Low-Engagement,0.3516443855578844,0
13058,24,3,271.40000000000003,3.2188758248682006,1.3862943611198906,5.607271574275358,0,At-Risk / Low-Engagement,0.3974099350026919,0
13059,249,1,183.4,5.521460917862246,0.6931471805599453,5.2171073111224935,0,At-Risk / Low-Engagement,0.6887784230185564,1
13060,253,1,307.53,5.537334267018537,0.6931471805599453,5.731819083350057,0,At-Risk / Low-Engagement,0.6595060343939397,1
13061,72,1,248.61,4.290459441148391,0.6931471805599453,5.519899699795292,0,At-Risk / Low-Engagement,0.6225887977606155,1
13062,191,1,346.98,5.2574953720277815,0.6931471805599453,5.85214500685857,0,At-Risk / Low-Engagement,0.6412232168077273,1
13064,12,4,1105.59,2.5649493574615367,1.6094379124341003,7.009038493734221,1,Loyal / High-Value,0.24448619073487243,0
13065,373,1,205.86,5.912501651847105,0.6931471805599453,5.3320422359496575,0,At-Risk / Low-Engagement,0.6867456776149152,1
13066,24,2,470.8,3.2188758248682006,1.0986122886681096,6.1565551669735745,0,At-Risk / Low-Engagement,0.433445535556245,0
13067,82,1,115.46000000000001,4.418840607796598,0.6931471805599453,4.757547866408974,0,At-Risk / Low-Engagement,0.6735746473125968,1
13068,10,2,344.0,2.3978952727983707,1.0986122886681096,5.84354441703136,0,At-Risk / Low-Engagement,0.41881248042211666,0
13069,0,24,4431.44,0.6931471805599453,3.2188758248682006,8.396705501477726,1,Loyal / High-Value,0.028142475781039684,0
13070,192,1,228.8,5.262690188904886,0.6931471805599453,5.437209365414655,0,At-Risk / Low-Engagement,0.6662513475948361,1
13072,266,1,177.15,5.58724865840025,0.6931471805599453,5.1826258920518455,0,At-Risk / Low-Engagement,0.693164855137049,1
13075,129,1,919.61,4.867534450455582,0.6931471805599453,6.825036493805135,0,At-Risk / Low-Engagement,0.5635876041656456,1
13077,1,4,728.02,0.6931471805599453,1.6094379124341003,6.5917011664745795,1,Loyal / High-Value,0.20701423302067481,0
13078,3,26,12627.94,1.3862943611198906,3.295836866004329,9.443746284664895,1,Loyal / High-Value,0.027173662999374647,0
13079,4,5,220.10000000000002,1.6094379124341003,1.791759469228055,5.3986150878634005,1,Loyal / High-Value,0.25834931303581676,0
13080,179,1,58.08,5.19295685089021,0.6931471805599453,4.078892457663179,0,At-Risk / Low-Engagement,0.7385168863177546,1
13081,11,11,28337.38,2.4849066497880004,2.4849066497880004,9.892501674765558,1,Loyal / High-Value,0.0619968130444383,0
13082,126,9,3613.63,4.844187086458591,2.302585092994046,8.192744778040643,1,Loyal / High-Value,0.14768165443217626,0
13083,4,2,303.75,1.6094379124341003,1.0986122886681096,5.719491768361381,0,At-Risk / Low-Engagement,0.3936964773248148,0
13085,157,2,416.08000000000004,5.062595033026967,1.0986122886681096,6.0332780499213925,0,At-Risk / Low-Engagement,0.5212421025387654,1
13089,2,97,58762.08,1.0986122886681096,3.4339872044851463,9.892501674765558,1,Loyal / High-Value,0.02496367274118546,0
13090,8,14,8910.82,2.1972245773362196,2.70805020110221,9.095133764476559,1,Loyal / High-Value,0.05390396674404605,0
13091,28,1,345.82,3.367295829986474,0.6931471805599453,5.848805913370403,0,At-Risk / Low-Engagement,0.5629767119541571,1
13092,70,5,477.83,4.2626798770413155,1.791759469228055,6.171345628362577,0,At-Risk / Low-Engagement,0.31044987787246736,0
13093,275,8,7832.47,5.62040086571715,2.1972245773362196,8.966160858120457,1,Loyal / High-Value,0.15251670733572004,0
13094,21,12,1927.3200000000002,3.091042453358316,2.5649493574615367,7.564404436501881,1,Loyal / High-Value,0.10348209509579927,0
13095,70,1,74.39999999999999,4.2626798770413155,0.6931471805599453,4.32280727501391,0,At-Risk / Low-Engagement,0.6925800970714265,1
13097,32,10,6003.22,3.4965075614664802,2.3978952727983707,8.70021783432055,1,Loyal / High-Value,0.0981067112235809,0
13098,1,28,28882.44,0.6931471805599453,3.367295829986474,9.892501674765558,1,Loyal / High-Value,0.023305644754665837,0
13099,99,1,207.35999999999999,4.605170185988092,0.6931471805599453,5.339267352876991,0,At-Risk / Low-Engagement,0.6463350345002918,1
13101,234,1,101.19,5.459585514144159,0.6931471805599453,4.626833825624118,0,At-Risk / Low-Engagement,0.7190434916671374,1
13102,1,24,6424.09,0.6931471805599453,3.2188758248682006,8.767965917447414,1,Loyal / High-Value,0.02875717334011151,0
13103,39,1,243.94,3.6888794541139363,0.6931471805599453,5.501013282593141,0,At-Risk / Low-Engagement,0.5989413074310141,1
13104,3,6,1098.48,1.3862943611198906,1.9459101490553132,7.0025926197429715,1,Loyal / High-Value,0.15779294357037765,0
13106,133,1,76.5,4.897839799950911,0.6931471805599453,4.350277936359301,0,At-Risk / Low-Engagement,0.7140768370604368,1
13107,44,4,1531.6200000000001,3.8066624897703196,1.6094379124341003,7.334733968170588,1,Loyal / High-Value,0.26920245485377053,0
13108,372,1,350.06,5.912501651847105,0.6931471805599453,5.8609571490281995,0,At-Risk / Low-Engagement,0.6559089853481086,1
13109,59,2,786.54,4.0943445622221,1.0986122886681096,6.668914163060628,0,At-Risk / Low-Engagement,0.4375274317117031,0
13110,31,7,1488.67,3.4657359027997265,2.0794415416798357,7.306309897899894,1,Loyal / High-Value,0.17796799589071693,0
13113,0,24,12245.960000000001,0.6931471805599453,3.2188758248682006,9.41303302190997,1,Loyal / High-Value,0.021655073110483314,0
13115,11,4,2294.78,2.4849066497880004,1.6094379124341003,7.7388279340332105,1,Loyal / High-Value,0.20832012038461034,0
13116,138,1,501.14,4.9344739331306915,0.6931471805599453,6.218878965272838,0,At-Risk / Low-Engagement,0.6053041949454037,1
13117,21,8,984.91,3.091042453358316,2.1972245773362196,6.893565072546089,1,Loyal / High-Value,0.1670925913328107,0
13118,19,5,1197.81,2.995732273553991,1.791759469228055,7.089084677082725,1,Loyal / High-Value,0.22085314923484692,0
13120,238,1,30.599999999999998,5.476463551931511,0.6931471805599453,3.9740583963475986,0,At-Risk / Low-Engagement,0.7562275911510605,1
13121,269,1,283.73,5.598421958998375,0.6931471805599453,5.6515413628105104,0,At-Risk / Low-Engagement,0.6666178657237991,1
13122,94,2,922.39,4.553876891600541,1.0986122886681096,6.828051680471256,0,At-Risk / Low-Engagement,0.4468369151122513,0
13124,89,3,3756.33,4.499809670330265,1.3862943611198906,8.231463877756003,1,Loyal / High-Value,0.2916137808656934,0
13126,4,8,2099.64,1.6094379124341003,2.1972245773362196,7.6499973391858,1,Loyal / High-Value,0.11267568065169578,0
13127,77,1,259.17,4.356708826689592,0.6931471805599453,5.561335263505108,0,At-Risk / Low-Engagement,0.6227185492318703,1
13130,94,1,64.0,4.553876891600541,0.6931471805599453,4.174387269895637,0,At-Risk / Low-Engagement,0.7113656768276211,1
13131,23,3,1073.3,3.1780538303479458,1.3862943611198906,6.979424565672496,1,Loyal / High-Value,0.3130014181327002,0
13132,261,1,77.3,5.568344503761097,0.6931471805599453,4.360547602996757,0,At-Risk / Low-Engagement,0.7367243382591824,1
13133,273,2,109.8,5.6131281063880705,1.0986122886681096,4.707726774313183,0,At-Risk / Low-Engagement,0.6297364714881802,1
13134,85,4,1793.58,4.454347296253507,1.6094379124341003,7.4925262902571115,1,Loyal / High-Value,0.2833523373386968,0
13135,196,1,3096.0,5.2832037287379885,0.6931471805599453,8.038189179973203,0,At-Risk / Low-Engagement,0.5018008045198115,1
13136,56,5,2607.61,4.04305126783455,1.791759469228055,7.866572791402729,1,Loyal / High-Value,0.21681189214971847,0
13137,10,8,3603.29,2.3978952727983707,2.1972245773362196,8.189880081639725,1,Loyal / High-Value,0.11209854088868304,0
13138,22,6,962.39,3.1354942159291497,1.9459101490553132,6.870458314237744,1,Loyal / High-Value,0.208170117699624,0
13139,16,7,5064.94,2.833213344056216,2.0794415416798357,8.530294986827844,1,Loyal / High-Value,0.12307457943530849,0
13140,108,3,422.47,4.6913478822291435,1.3862943611198906,6.048482673330305,0,At-Risk / Low-Engagement,0.4311498041096429,0
13141,84,5,2388.75,4.442651256490317,1.791759469228055,7.778944036943872,1,Loyal / High-Value,0.23294263367129703,0
13142,19,1,307.09,2.995732273553991,0.6931471805599453,5.7303919480814,0,At-Risk / Low-Engagement,0.5547844001546524,1
13144,332,1,110.95,5.808142489980444,0.6931471805599453,4.718052343044764,0,At-Risk / Low-Engagement,0.7205664833119776,1
13145,39,4,618.52,3.6888794541139363,1.6094379124341003,6.428944984648157,0,At-Risk / Low-Engagement,0.3143929723510161,0
13146,26,1,228.91,3.295836866004329,0.6931471805599453,5.437687927995845,0,At-Risk / Low-Engagement,0.5865036309044762,1
13147,10,4,712.8000000000001,2.3978952727983707,1.6094379124341003,6.57060281105606,1,Loyal / High-Value,0.26089101943747944,0
13148,29,12,3683.26,3.4011973816621555,2.5649493574615367,8.211824970346322,1,Loyal / High-Value,0.09309545196574746,0
13149,14,4,1676.06,2.70805020110221,1.6094379124341003,7.424797539358498,1,Loyal / High-Value,0.22911747881295155,0
13151,295,1,1257.8700000000001,5.69035945432406,0.6931471805599453,7.1379697721602025,0,At-Risk / Low-Engagement,0.5762757531149665,1
13153,5,1,486.22,1.791759469228055,0.6931471805599453,6.188715766456242,0,At-Risk / Low-Engagement,0.47246116470401706,0
13155,33,4,971.76,3.5263605246161616,1.6094379124341003,6.880137391945464,1,Loyal / High-Value,0.2834984908468416,0
13157,49,4,1741.22,3.912023005428146,1.6094379124341003,7.462915441057162,1,Loyal / High-Value,0.26614681189950573,0
13158,94,4,1201.06,4.553876891600541,1.6094379124341003,7.091792030654675,0,At-Risk / Low-Engagement,0.3090293484444217,0
13159,8,4,1429.35,2.1972245773362196,1.6094379124341003,7.26567444855103,1,Loyal / High-Value,0.22098115345999728,0
13160,22,1,91.8,3.1354942159291497,0.6931471805599453,4.530446639792155,0,At-Risk / Low-Engagement,0.6368073467187364,1
13161,313,1,112.75,5.749392985908253,0.6931471805599453,4.7340030578310595,0,At-Risk / Low-Engagement,0.7197165997254906,1
13162,122,4,1688.29,4.812184355372417,1.6094379124341003,7.432063601299488,1,Loyal / High-Value,0.2994841200727673,0
13165,46,2,1021.48,3.8501476017100584,1.0986122886681096,6.929986327823459,0,At-Risk / Low-Engagement,0.4103209209535328,0
13166,283,1,417.2,5.648974238161206,0.6931471805599453,6.035959786994534,0,At-Risk / Low-Engagement,0.6453929796058588,1
13167,18,4,791.33,2.9444389791664403,1.6094379124341003,6.674977971699642,1,Loyal / High-Value,0.2740823523378911,0
13168,36,4,1299.59,3.6109179126442243,1.6094379124341003,7.170573286646459,1,Loyal / High-Value,0.2710560333650009,0
13169,63,2,712.88,4.1588830833596715,1.0986122886681096,6.570714880987815,0,At-Risk / Low-Engagement,0.44669541375508703,0
13170,26,1,108.81,3.295836866004329,0.6931471805599453,4.698751599609622,0,At-Risk / Low-Engagement,0.6329486879227553,1
13171,21,3,468.41,3.091042453358316,1.3862943611198906,6.151476586982076,0,At-Risk / Low-Engagement,0.35839265928794845,0
13173,4,2,353.65,1.6094379124341003,1.0986122886681096,5.871131387648096,0,At-Risk / Low-Engagement,0.3841688944878111,0
13174,16,3,2742.82,2.833213344056216,1.3862943611198906,7.917106389026516,1,Loyal / High-Value,0.2508806450262276,0
13176,46,1,481.49,3.8501476017100584,0.6931471805599453,6.178960195175666,0,At-Risk / Low-Engagement,0.5621354081077138,1
13177,64,1,282.45,4.174387269895637,0.6931471805599453,5.6470357407703125,0,At-Risk / Low-Engagement,0.6098730439179906,1
13178,26,11,5725.47,3.295836866004329,2.4849066497880004,8.652854564021988,1,Loyal / High-Value,0.0887011146281261,0
13182,45,1,121.18,3.828641396489095,0.6931471805599453,4.805495367221621,0,At-Risk / Low-Engagement,0.6477605252512382,1
13183,7,9,3957.78,2.0794415416798357,2.302585092994046,8.283691175973804,1,Loyal / High-Value,0.09473423761521983,0
13184,14,10,1668.95,2.70805020110221,2.3978952727983707,7.420548964842826,1,Loyal / High-Value,0.11742202196290717,0
13185,267,1,71.4,5.5909869805108565,0.6931471805599453,4.282206299391671,0,At-Risk / Low-Engagement,0.7414764381493395,1
13186,39,3,1575.89,3.6888794541139363,1.3862943611198906,7.363209831835215,1,Loyal / High-Value,0.31026873297723,0
13187,337,1,236.02,5.823045895483019,0.6931471805599453,5.4681445257603025,0,At-Risk / Low-Engagement,0.678953432257138,1
13188,11,1,114.60000000000001,2.4849066497880004,0.6931471805599453,4.750135956238277,0,At-Risk / Low-Engagement,0.5963916589943947,1
13189,18,2,260.68,2.9444389791664403,1.0986122886681096,5.567122383230129,0,At-Risk / Low-Engagement,0.4601741443607237,0
13192,95,2,911.94,4.564348191467836,1.0986122886681096,6.81667016102037,0,At-Risk / Low-Engagement,0.4480305158724201,0
13193,61,1,112.08,4.127134385045092,0.6931471805599453,4.72809553282539,0,At-Risk / Low-Engagement,0.6640773423198878,1
13194,135,1,60.7,4.912654885736052,0.6931471805599453,4.122283930911342,0,At-Risk / Low-Engagement,0.726734427835857,1
13196,11,4,1797.78,2.4849066497880004,1.6094379124341003,7.4948639363112814,1,Loyal / High-Value,0.21915750709866963,0
13198,10,6,3401.2400000000002,2.3978952727983707,1.9459101490553132,8.132189317204716,1,Loyal / High-Value,0.14213412248285065,0
13199,3,38,9817.12,1.3862943611198906,3.4339872044851463,9.191984936991869,1,Loyal / High-Value,0.0289896711179131,0
13200,19,4,870.09,2.995732273553991,1.6094379124341003,6.769745301020691,1,Loyal / High-Value,0.27088183492483975,0
13203,9,4,869.46,2.302585092994046,1.6094379124341003,6.769021807549381,1,Loyal / High-Value,0.2478048279422123,0
13207,15,2,250.26000000000002,2.772588722239781,1.0986122886681096,5.526488259576272,0,At-Risk / Low-Engagement,0.4554317250715516,0
13208,58,6,1217.65,4.07753744390572,1.9459101490553132,7.105498967663615,1,Loyal / High-Value,0.22539356489358714,0
13209,30,8,5891.61,3.4339872044851463,2.1972245773362196,8.681454302434094,1,Loyal / High-Value,0.11717228050193022,0
13210,93,1,353.48,4.543294782270004,0.6931471805599453,5.8706519268912345,0,At-Risk / Low-Engagement,0.6110516940031733,1
13211,10,3,1095.42,2.3978952727983707,1.3862943611198906,6.999805605779951,1,Loyal / High-Value,0.28353002977096525,0
13212,19,3,786.83,2.995732273553991,1.3862943611198906,6.669282330542903,1,Loyal / High-Value,0.3239237994344582,0
13213,56,5,1520.58,4.04305126783455,1.791759469228055,7.327504547645857,1,Loyal / High-Value,0.24198532161436315,0
13216,267,1,333.74,5.5909869805108565,0.6931471805599453,5.813354111085492,0,At-Risk / Low-Engagement,0.6567527714451545,1
13217,122,3,533.98,4.812184355372417,1.3862943611198906,6.282229363019668,0,At-Risk / Low-Engagement,0.421170393835863,0
13218,127,1,62.63999999999999,4.852030263919617,0.6931471805599453,4.153242203469586,0,At-Risk / Low-Engagement,0.723002155286055,1
13220,78,4,819.2900000000001,4.3694478524670215,1.6094379124341003,6.7096579362724444,0,At-Risk / Low-Engagement,0.3239523425525063,0
13221,240,2,847.41,5.484796933490655,1.0986122886681096,6.743364009514037,0,At-Risk / Low-Engagement,0.49265590284107813,0
13223,200,2,163.20000000000002,5.303304908059076,1.0986122886681096,5.101085197018328,0,At-Risk / Low-Engagement,0.5922509468437334,1
13224,60,2,2155.95,4.110873864173311,1.0986122886681096,7.676450465777419,0,At-Risk / Low-Engagement,0.37409211323136154,0
13225,3,7,6463.84,1.3862943611198906,2.0794415416798357,8.774133542253146,1,Loyal / High-Value,0.09284249625344479,0
13226,273,1,108.21000000000001,5.6131281063880705,0.6931471805599453,4.693272634209637,0,At-Risk / Low-Engagement,0.7208789866068783,1
13227,201,1,257.7,5.308267697401205,0.6931471805599453,5.5556690891919835,0,At-Risk / Low-Engagement,0.6610276602321461,1
13228,81,1,358.0,4.406719247264253,0.6931471805599453,5.883322388488279,0,At-Risk / Low-Engagement,0.6045986622366528,1
13229,225,1,160.95,5.420534999272286,0.6931471805599453,5.087287645617338,0,At-Risk / Low-Engagement,0.6923664380031448,1
13230,4,14,2755.63,1.6094379124341003,2.70805020110221,7.921764198172896,1,Loyal / High-Value,0.0655575976068265,0
13232,12,7,1328.35,2.5649493574615367,2.0794415416798357,7.192445379947863,1,Loyal / High-Value,0.16022837815885319,0
13233,74,2,605.12,4.31748811353631,1.0986122886681096,6.407077986267962,0,At-Risk / Low-Engagement,0.464255622896007,0
13235,212,1,1031.07,5.3612921657094255,0.6931471805599453,6.939321773198559,0,At-Risk / Low-Engagement,0.5771980033457723,1
13236,24,2,744.85,3.2188758248682006,1.0986122886681096,6.614524507599939,0,At-Risk / Low-Engagement,0.4039861017392425,0
13238,17,4,700.73,2.8903717578961645,1.6094379124341003,6.553548714657728,1,Loyal / High-Value,0.2786242994396272,0
13239,261,1,329.56,5.568344503761097,0.6931471805599453,5.800788185931274,0,At-Risk / Low-Engagement,0.656615105538258,1
13240,96,4,663.65,4.574710978503383,1.6094379124341003,6.499260586313608,0,At-Risk / Low-Engagement,0.34425464595278793,0
13242,112,3,270.40000000000003,4.727387818712341,1.3862943611198906,5.603593747400769,0,At-Risk / Low-Engagement,0.46175398838107,0
13243,203,1,585.12,5.318119993844216,0.6931471805599453,6.373524546769825,0,At-Risk / Low-Engagement,0.6114393403315398,1
13244,92,1,121.74000000000001,4.532599493153256,0.6931471805599453,4.810068296960951,0,At-Risk / Low-Engagement,0.6748647603981475,1
13245,50,1,430.5,3.9318256327243257,0.6931471805599453,6.067267510523482,0,At-Risk / Low-Engagement,0.5728646735708434,1
13246,18,6,1961.52,2.9444389791664403,1.9459101490553132,7.581984640687438,1,Loyal / High-Value,0.1740363910024341,0
13247,17,4,501.12,2.8903717578961645,1.6094379124341003,6.218839134950008,1,Loyal / High-Value,0.29675334635433515,0
13248,124,2,465.68,4.8283137373023015,1.0986122886681096,6.145643797955656,0,At-Risk / Low-Engagement,0.5036550462435576,1
13249,92,3,711.41,4.532599493153256,1.3862943611198906,6.56865358837482,0,At-Risk / Low-Engagement,0.3912036427575258,0
13253,156,2,1030.4,5.056245805348308,1.0986122886681096,6.9386723816168585,0,At-Risk / Low-Engagement,0.46121596413024707,0
13255,9,2,399.51,2.302585092994046,1.0986122886681096,5.992738734985712,0,At-Risk / Low-Engagement,0.40524732578406775,0
13258,11,3,672.83,2.4849066497880004,1.3862943611198906,6.512977853578813,1,Loyal / High-Value,0.3136307571380914,0
13259,61,1,283.18,4.127134385045092,0.6931471805599453,5.64960784020993,0,At-Risk / Low-Engagement,0.6077564440370575,1
13260,61,1,557.62,4.127134385045092,0.6931471805599453,6.325469456665338,0,At-Risk / Low-Engagement,0.5644418762298162,1
13261,268,2,944.1,5.594711379601839,1.0986122886681096,6.8512907420010105,0,At-Risk / Low-Engagement,0.4902960158614469,0
13262,263,1,200.29,5.575949103146316,0.6931471805599453,5.3047466543129405,0,At-Risk / Low-Engagement,0.685832842565452,1
13263,1,35,7436.93,0.6931471805599453,3.4339872044851463,8.914347863308706,1,Loyal / High-Value,0.027695764645288168,0
13265,53,5,2092.66,3.9889840465642745,1.791759469228055,7.646669009574865,1,Loyal / High-Value,0.22520345041102924,0
13266,11,12,3834.2599999999998,2.4849066497880004,2.5649493574615367,8.251992508113439,1,Loyal / High-Value,0.07971823707572753,0
13267,2,19,4521.49,1.0986122886681096,2.995732273553991,8.416818006100614,1,Loyal / High-Value,0.04029856791105234,0
13268,17,11,3174.75,2.8903717578961645,2.4849066497880004,8.06329910390357,1,Loyal / High-Value,0.09585450382799142,0
13269,1,15,5343.28,0.6931471805599453,2.772588722239781,8.583782109053482,1,Loyal / High-Value,0.044912908555238905,0
13270,366,1,590.0,5.905361848054571,0.6931471805599453,6.3818160174060985,0,At-Risk / Low-Engagement,0.6241997946144858,1
13271,37,1,211.49,3.6375861597263857,0.6931471805599453,5.358894928433641,0,At-Risk / Low-Engagement,0.6058066849097683,1
13272,31,2,276.56,3.4657359027997265,1.0986122886681096,5.626037126031348,0,At-Risk / Low-Engagement,0.4788442926505111,0
13273,113,1,138.98,4.736198448394496,0.6931471805599453,4.941499555261394,0,At-Risk / Low-Engagement,0.6749998387671933,1
13276,63,2,590.9300000000001,4.1588830833596715,1.0986122886681096,6.383388384649479,0,At-Risk / Low-Engagement,0.45896577191545196,0
13277,15,4,258.4,2.772588722239781,1.6094379124341003,5.5583712718823435,0,At-Risk / Low-Engagement,0.3298968251018828,0
13278,40,1,542.73,3.713572066704308,0.6931471805599453,6.298452800117238,0,At-Risk / Low-Engagement,0.5484772934998496,1
13279,78,1,137.75,4.3694478524670215,0.6931471805599453,4.932673752626544,0,At-Risk / Low-Engagement,0.6613955155273905,1
13280,122,3,798.46,4.812184355372417,1.3862943611198906,6.68393649975286,0,At-Risk / Low-Engagement,0.3955186967683434,0
13282,18,3,1132.14,2.9444389791664403,1.3862943611198906,7.032747819149021,1,Loyal / High-Value,0.30136665205561447,0
13283,59,2,93.66,4.0943445622221,1.0986122886681096,4.5502915244781015,0,At-Risk / Low-Engagement,0.5766195701028987,1
13284,330,1,201.19,5.802118375377063,0.6931471805599453,5.309207849379209,0,At-Risk / Low-Engagement,0.6880429015484586,1
13285,23,4,2709.12,3.1780538303479458,1.6094379124341003,7.904748193336201,1,Loyal / High-Value,0.2212228951230066,0
13291,155,1,361.11,5.049856007249537,0.6931471805599453,5.8919480330707374,0,At-Risk / Low-Engagement,0.6304363916554869,1
13292,38,2,578.9399999999999,3.6635616461296463,1.0986122886681096,6.362924649913461,0,At-Risk / Low-Engagement,0.43902277681176466,0
13294,189,2,873.74,5.247024072160486,1.0986122886681096,6.773926699344786,0,At-Risk / Low-Engagement,0.4803208547528185,0
13295,359,1,201.20000000000002,5.886104031450156,0.6931471805599453,5.309257306586371,0,At-Risk / Low-Engagement,0.6880400950533336,1
13296,137,1,87.4,4.927253685157205,0.6931471805599453,4.481871969643597,0,At-Risk / Low-Engagement,0.7079784274205191,1
13297,7,4,2089.85,2.0794415416798357,1.6094379124341003,7.645325960844005,1,Loyal / High-Value,0.20088270605153694,0
13298,1,1,360.0,0.6931471805599453,0.6931471805599453,5.8888779583328805,0,At-Risk / Low-Engagement,0.44477264501680347,0
13299,268,1,142.5,5.594711379601839,0.6931471805599453,4.966335035199676,0,At-Risk / Low-Engagement,0.7054600947373971,1
13300,169,1,371.89,5.135798437050262,0.6931471805599453,5.921283469984221,0,At-Risk / Low-Engagement,0.632105733047277,1
13301,103,4,618.09,4.6443908991413725,1.6094379124341003,6.428250657915328,0,At-Risk / Low-Engagement,0.3512578325075993,0
13302,155,1,63.75,5.049856007249537,0.6931471805599453,4.1705337005796475,0,At-Risk / Low-Engagement,0.7289281601278608,1
13304,351,1,300.42,5.863631175598097,0.6931471805599453,5.7085046409915305,0,At-Risk / Low-Engagement,0.6649474734196501,1
13305,4,10,2000.86,1.6094379124341003,2.3978952727983707,7.601832027360015,1,Loyal / High-Value,0.09484885225155246,0
13307,120,1,15.0,4.795790545596741,0.6931471805599453,3.9740583963475986,0,At-Risk / Low-Engagement,0.733779066336094,1
13308,22,3,1385.51,3.1354942159291497,1.3862943611198906,7.23454507743516,1,Loyal / High-Value,0.2971378517983729,0
13309,7,5,1456.79,2.0794415416798357,1.791759469228055,7.2846768692730555,1,Loyal / High-Value,0.18670533822517602,0
13310,28,3,1132.03,3.367295829986474,1.3862943611198906,7.032650739053453,1,Loyal / High-Value,0.31705763900302375,0
13311,4,2,598.57,1.6094379124341003,1.0986122886681096,6.396212731621162,1,Loyal / High-Value,0.35189730999653046,0
13313,22,5,1555.32,3.1354942159291497,1.791759469228055,7.35007933912113,1,Loyal / High-Value,0.2132530367118282,0
13314,1,3,775.94,0.6931471805599453,1.3862943611198906,6.655363127308804,1,Loyal / High-Value,0.24378244249018474,0
13316,37,4,5732.93,3.6375861597263857,1.6094379124341003,8.654156438485995,1,Loyal / High-Value,0.2015130983739617,0
13317,66,6,2273.68,4.204692619390966,1.9459101490553132,7.729594662150938,1,Loyal / High-Value,0.20142402230844247,0
13318,1,3,640.76,0.6931471805599453,1.3862943611198906,6.464214402021743,1,Loyal / High-Value,0.2532189260181182,0
13319,5,26,10845.550000000001,1.791759469228055,3.295836866004329,9.29160233605445,1,Loyal / High-Value,0.030256841875761498,0
13320,78,4,1532.2,4.3694478524670215,1.6094379124341003,7.3351123335064,1,Loyal / High-Value,0.2888403664555834,0
13321,72,2,567.36,4.290459441148391,1.0986122886681096,6.342755020769874,0,At-Risk / Low-Engagement,0.4673189265037083,0
13322,17,1,199.48000000000002,2.8903717578961645,0.6931471805599453,5.300714491147758,0,At-Risk / Low-Engagement,0.5781826934354246,1
13323,3,5,787.85,1.3862943611198906,1.791759469228055,6.670576188703463,1,Loyal / High-Value,0.19316094893175229,0
13324,36,10,7121.95,3.6109179126442243,2.3978952727983707,8.871077244439467,1,Loyal / High-Value,0.09589082777229933,0
13325,81,1,675.3,4.406719247264253,0.6931471805599453,6.516636764580894,0,At-Risk / Low-Engagement,0.563955239172665,1
13327,38,8,3627.77,3.6635616461296463,2.1972245773362196,8.196649026863438,1,Loyal / High-Value,0.1357040560117814,0
13328,316,1,1308.48,5.75890177387728,0.6931471805599453,7.177385390826169,0,At-Risk / Low-Engagement,0.5737292356805668,1
13329,31,2,789.0,3.4657359027997265,1.0986122886681096,6.672032945461067,0,At-Risk / Low-Engagement,0.41066660624623036,0
13330,92,3,1140.93,4.532599493153256,1.3862943611198906,7.040475092365302,0,At-Risk / Low-Engagement,0.36193068527104444,0
13332,14,1,350.9,2.70805020110221,0.6931471805599453,5.863347044327539,0,At-Risk / Low-Engagement,0.5336747604282088,1
13334,82,3,3502.32,4.418840607796598,1.3862943611198906,8.161466369296502,1,Loyal / High-Value,0.2925322820908635,0
13336,77,1,795.12,4.356708826689592,0.6931471805599453,6.67974992825102,0,At-Risk / Low-Engagement,0.5511752613037175,1
13338,157,1,487.02,5.062595033026967,0.6931471805599453,6.190356388619899,0,At-Risk / Low-Engagement,0.612399529393312,1
13339,200,1,860.12,5.303304908059076,0.6931471805599453,6.758233867538541,0,At-Risk / Low-Engagement,0.5863956839358143,1
13340,45,7,10736.48,3.828641396489095,2.0794415416798357,9.28149570365981,1,Loyal / High-Value,0.12032714610176055,0
13341,260,1,775.85,5.564520407322694,0.6931471805599453,6.65524728153801,0,At-Risk / Low-Engagement,0.6038858430505345,1
13343,177,1,353.43,5.181783550292085,0.6931471805599453,5.870510865261174,0,At-Risk / Low-Engagement,0.6370704105650122,1
13344,67,3,2511.69,4.219507705176107,1.3862943611198906,7.829109171398687,1,Loyal / High-Value,0.30367223429017365,0
13345,287,1,389.5,5.662960480135946,0.6931471805599453,5.967427969279741,0,At-Risk / Low-Engagement,0.649528523859298,1
13347,70,1,341.36,4.2626798770413155,0.6931471805599453,5.835862815013409,0,At-Risk / Low-Engagement,0.6016135129142869,1
13348,64,1,233.76,4.174387269895637,0.6931471805599453,5.458563715690134,0,At-Risk / Low-Engagement,0.621661448538678,1
13349,10,1,247.32,2.3978952727983707,0.6931471805599453,5.514718236994854,0,At-Risk / Low-Engagement,0.5431925490167506,1
13350,16,2,979.12,2.833213344056216,1.0986122886681096,6.887675013147945,0,At-Risk / Low-Engagement,0.37096393262161104,0
13351,66,1,373.94,4.204692619390966,0.6931471805599453,5.926766013169045,0,At-Risk / Low-Engagement,0.5934119042820054,1
13352,60,1,397.97999999999996,4.110873864173311,0.6931471805599453,5.988911290320265,0,At-Risk / Low-Engagement,0.5854926753861365,1
13354,71,1,743.53,4.276666119016055,0.6931471805599453,6.612753146812557,0,At-Risk / Low-Engagement,0.5521175479973598,1
13355,122,1,674.7,4.812184355372417,0.6931471805599453,6.515749190558129,0,At-Risk / Low-Engagement,0.5812458333014543,1
13356,80,1,768.24,4.394449154672439,0.6931471805599453,6.645403014442646,0,At-Risk / Low-Engagement,0.5550400497839186,1
13357,257,1,609.4,5.552959584921617,0.6931471805599453,6.414114479970247,0,At-Risk / Low-Engagement,0.6185562273787502,1
13358,268,1,439.03,5.594711379601839,0.6931471805599453,6.086842906406214,0,At-Risk / Low-Engagement,0.6404227550647499,1
13359,63,1,439.56,4.1588830833596715,0.6931471805599453,6.088046644954226,0,At-Risk / Low-Engagement,0.5811491758804804,1
13362,9,4,3090.7400000000002,2.302585092994046,1.6094379124341003,8.036489318202769,1,Loyal / High-Value,0.19070383649836048,0
13363,17,2,992.5,2.8903717578961645,1.0986122886681096,6.901234061991872,0,At-Risk / Low-Engagement,0.3724453078415316,0
13364,71,1,134.95999999999998,4.276666119016055,0.6931471805599453,4.9123607248279155,0,At-Risk / Low-Engagement,0.6589850131367206,1
13365,33,2,2225.37,3.5263605246161616,1.0986122886681096,7.708127735453272,1,Loyal / High-Value,0.34873601381220587,0
13366,50,1,56.160000000000004,3.9318256327243257,0.6931471805599453,4.045854353061666,0,At-Risk / Low-Engagement,0.6959240983975292,1
13368,256,2,623.4,5.54907608489522,1.0986122886681096,6.436791188641277,0,At-Risk / Low-Engagement,0.515704045328403,1
13369,365,1,308.28000000000003,5.902633333401366,0.6931471805599453,5.734247015460021,0,At-Risk / Low-Engagement,0.6634295208121698,1
13370,371,1,754.87,5.912501651847105,0.6931471805599453,6.62786940372116,0,At-Risk / Low-Engagement,0.6088217217416861,1
13372,89,1,378.64,4.499809670330265,0.6931471805599453,5.939223435262291,0,At-Risk / Low-Engagement,0.6049308849864884,1
13373,60,3,3312.25,4.110873864173311,1.3862943611198906,8.105684859760789,1,Loyal / High-Value,0.2845789983523712,0
13375,88,1,778.65,4.48863636973214,0.6931471805599453,6.658845101030894,0,At-Risk / Low-Engagement,0.5582003795521606,1
13376,99,3,1019.76,4.605170185988092,1.3862943611198906,6.928302726869797,0,At-Risk / Low-Engagement,0.37174601400945684,0
13379,26,3,572.56,3.295836866004329,1.3862943611198906,6.351862551846838,0,At-Risk / Low-Engagement,0.35439997548862223,0
13381,31,6,3639.31,3.4657359027997265,1.9459101490553132,8.199824121839633,1,Loyal / High-Value,0.1638187485457382,0
13382,280,1,222.99,5.638354669333745,0.6931471805599453,5.411601408001375,0,At-Risk / Low-Engagement,0.6820693428183431,1
13384,30,7,4151.93,3.4339872044851463,2.0794415416798357,8.331569388203366,1,Loyal / High-Value,0.14103200914310768,0
13385,329,1,534.57,5.799092654460526,0.6931471805599453,6.283331600299074,0,At-Risk / Low-Engagement,0.6302873761779092,1
13388,131,2,677.1,4.882801922586371,1.0986122886681096,6.519294769689797,0,At-Risk / Low-Engagement,0.4813336432483549,0
13389,11,3,797.96,2.4849066497880004,1.3862943611198906,6.683310881934879,1,Loyal / High-Value,0.30401914687266846,0
13390,74,1,544.08,4.31748811353631,0.6931471805599453,6.30093257288162,0,At-Risk / Low-Engagement,0.5741390246997634,1
13391,203,1,59.8,5.318119993844216,0.6931471805599453,4.107589788972121,0,At-Risk / Low-Engagement,0.7412406589115308,1
13394,1,8,2520.02,0.6931471805599453,2.1972245773362196,7.832418860516229,1,Loyal / High-Value,0.09354699810342686,0
13395,185,1,307.72,5.225746673713202,0.6931471805599453,5.7324347172293635,0,At-Risk / Low-Engagement,0.647213096953269,1
13396,29,2,1360.99,3.4011973816621555,1.0986122886681096,7.216702144538598,0,At-Risk / Low-Engagement,0.37369023073600754,0
13397,72,5,1544.13,4.290459441148391,1.791759469228055,7.342863328186895,1,Loyal / High-Value,0.24919430972744827,0
13398,192,1,457.34,5.262690188904886,0.6931471805599453,6.127611266781323,0,At-Risk / Low-Engagement,0.6245140142805193,1
13402,127,2,621.23,4.852030263919617,1.0986122886681096,6.433309799308897,0,At-Risk / Low-Engagement,0.4856758111825837,0
13403,17,1,75.0,2.8903717578961645,0.6931471805599453,4.330733340286331,0,At-Risk / Low-Engagement,0.6391687382858011,1
13404,1,2,252.49,0.6931471805599453,1.0986122886681096,5.5353243745214,1,Loyal / High-Value,0.36766173404880886,0
13405,74,3,572.451,4.31748811353631,1.3862943611198906,6.351672492640208,0,At-Risk / Low-Engagement,0.3959776450675845,0
13408,1,62,28117.04,0.6931471805599453,3.4339872044851463,9.892501674765558,1,Loyal / High-Value,0.023305644754665837,0
13410,24,5,1003.06,3.2188758248682006,1.791759469228055,6.911807059422235,1,Loyal / High-Value,0.2359387488167589,0
13411,107,1,213.55,4.68213122712422,0.6931471805599453,5.368542811437534,0,At-Risk / Low-Engagement,0.6476203613396784,1
13414,133,3,1390.5,4.897839799950911,1.3862943611198906,7.238137580965946,0,At-Risk / Low-Engagement,0.36451678293677814,0
13416,43,2,712.5,3.784189633918261,1.0986122886681096,6.570182436916891,0,At-Risk / Low-Engagement,0.43070599174773383,0
13417,4,2,640.83,1.6094379124341003,1.0986122886681096,6.4643234711171225,1,Loyal / High-Value,0.34780159014407785,0
13418,11,18,6127.43,2.4849066497880004,2.9444389791664403,8.720693878671442,1,Loyal / High-Value,0.04938340853945856,0
13419,63,1,221.06,4.1588830833596715,0.6931471805599453,5.40294761562612,0,At-Risk / Low-Engagement,0.6244821880148717,1
13420,149,2,159.85,5.0106352940962555,1.0986122886681096,5.080472253685035,0,At-Risk / Low-Engagement,0.581246965187965,1
13421,40,2,1833.71,3.713572066704308,1.0986122886681096,7.514641709852188,0,At-Risk / Low-Engagement,0.36797128637536425,0
13422,64,1,2626.3,4.174387269895637,0.6931471805599453,7.8737119818711125,0,At-Risk / Low-Engagement,0.4645837066972056,0
13425,108,3,1624.21,4.6913478822291435,1.3862943611198906,7.393392317183492,0,At-Risk / Low-Engagement,0.3468930567693203,0
13426,0,10,3641.32,0.6931471805599453,2.3978952727983707,8.200376120238847,1,Loyal / High-Value,0.06335198701076818,0
13427,19,3,582.6,2.995732273553991,1.3862943611198906,6.369215816648631,0,At-Risk / Low-Engagement,0.34153372303816565,0
13428,10,1,201.78,2.3978952727983707,0.6931471805599453,5.3121216475244335,0,At-Risk / Low-Engagement,0.5564492426604037,1
13429,10,4,1006.8,2.3978952727983707,1.6094379124341003,6.915525016246498,1,Loyal / High-Value,0.24369412852775074,0
13430,18,2,679.45,2.9444389791664403,1.0986122886681096,6.5227543440063265,0,At-Risk / Low-Engagement,0.39836351632598543,0
13431,67,2,1269.1,4.219507705176107,1.0986122886681096,7.146850916510274,0,At-Risk / Low-Engagement,0.41197209878235486,0
13434,74,2,534.24,4.31748811353631,1.0986122886681096,6.282715244436788,0,At-Risk / Low-Engagement,0.47244215285551294,0
13435,5,7,3809.8900000000003,1.791759469228055,2.0794415416798357,8.245618036642021,1,Loyal / High-Value,0.11212075419597807,0
13436,1,1,196.89,0.6931471805599453,0.6931471805599453,5.287711320760812,0,At-Risk / Low-Engagement,0.4842851874698927,0
13437,14,7,3408.06,2.70805020110221,2.0794415416798357,8.134191872452362,1,Loyal / High-Value,0.13231416902599133,0
13439,255,1,283.71,5.545177444479562,0.6931471805599453,5.651471118359793,0,At-Risk / Low-Engagement,0.6645635815319013,1
13441,91,1,296.64,4.5217885770490405,0.6931471805599453,5.69588470252906,0,At-Risk / Low-Engagement,0.6210963092520215,1
13447,23,3,1129.14,3.1780538303479458,1.3862943611198906,7.030096797837492,1,Loyal / High-Value,0.3101279767567278,0
13448,16,6,3534.69,2.833213344056216,1.9459101490553132,8.170663750231064,1,Loyal / High-Value,0.15030152509756253,0
13449,23,1,291.88,3.1780538303479458,0.6931471805599453,5.679762968811981,0,At-Risk / Low-Engagement,0.5658830377726514,1
13450,26,6,2043.7199999999998,3.295836866004329,1.9459101490553132,7.623016139787193,1,Loyal / High-Value,0.18136898970983845,0
13451,26,5,2898.2599999999998,3.295836866004329,1.791759469228055,7.972210810998752,1,Loyal / High-Value,0.19122740327776253,0
13452,259,2,590.0,5.560681631015528,1.0986122886681096,6.3818160174060985,0,At-Risk / Low-Engagement,0.5198362756854972,1
13453,165,2,356.97999999999996,5.111987788356544,1.0986122886681096,5.880477118918353,0,At-Risk / Low-Engagement,0.5334488703672601,1
13455,24,2,1058.34,3.2188758248682006,1.0986122886681096,6.965401351674954,0,At-Risk / Low-Engagement,0.38186324153401524,0
13456,17,6,1766.72,2.8903717578961645,1.9459101490553132,7.477445859614847,1,Loyal / High-Value,0.17667493318287736,0
13458,7,14,9646.57,2.0794415416798357,2.70805020110221,9.174461349151194,1,Loyal / High-Value,0.05182973463340322,0
13460,29,2,183.44,3.4011973816621555,1.0986122886681096,5.217324207338505,0,At-Risk / Low-Engagement,0.5030427449709629,1
13461,38,3,1445.0,3.6635616461296463,1.3862943611198906,7.27655640271871,1,Loyal / High-Value,0.31424412553161374,0
13462,252,1,151.5,5.53338948872752,0.6931471805599453,5.0271645960474665,0,At-Risk / Low-Engagement,0.6998750242405659,1
13464,58,1,674.68,4.07753744390572,0.6931471805599453,6.515719591185634,0,At-Risk / Low-Engagement,0.5499075018520304,1
13466,184,1,307.9,5.220355825078325,0.6931471805599453,5.733017599924536,0,At-Risk / Low-Engagement,0.6469640797032024,1
13467,10,2,1071.91,2.3978952727983707,1.0986122886681096,6.978129862132399,1,Loyal / High-Value,0.3480530729644566,0
13468,1,37,5704.97,0.6931471805599453,3.4339872044851463,8.64926827413607,1,Loyal / High-Value,0.029646729774424993,0
13470,99,2,165.0,4.605170185988092,1.0986122886681096,5.111987788356544,0,At-Risk / Low-Engagement,0.5619641532180768,1
13471,1,4,2501.84,0.6931471805599453,1.6094379124341003,7.825181366096544,1,Loyal / High-Value,0.15854138095228348,0
13473,60,2,422.64,4.110873864173311,1.0986122886681096,6.048884037975468,0,At-Risk / Low-Engagement,0.47890990925402493,0
13474,236,1,226.84,5.4680601411351315,0.6931471805599453,5.428643628223611,0,At-Risk / Low-Engagement,0.6746327786625327,1
13475,191,4,1431.78,5.2574953720277815,1.6094379124341003,7.2673718919667785,0,At-Risk / Low-Engagement,0.3254429573688811,0
13476,178,2,1238.47,5.187385805840755,1.0986122886681096,7.122439147874555,0,At-Risk / Low-Engagement,0.45481005086174997,0
13477,37,6,1454.58,3.6375861597263857,1.9459101490553132,7.283159725605137,1,Loyal / High-Value,0.20458321783365535,0
13479,200,2,300.95,5.303304908059076,1.0986122886681096,5.71026144075391,0,At-Risk / Low-Engagement,0.5528583763323346,1
13481,45,5,1804.56,3.828641396489095,1.791759469228055,7.498626071957096,1,Loyal / High-Value,0.22717938347828742,0
13482,232,1,184.64,5.4510384535657,0.6931471805599453,5.223809314372975,0,At-Risk / Low-Engagement,0.6857686852382976,1
13483,65,1,140.34,4.189654742026425,0.6931471805599453,4.951168335262708,0,At-Risk / Low-Engagement,0.6532603540997383,1
13484,241,1,313.8,5.488937726156687,0.6931471805599453,5.751937516543248,0,At-Risk / Low-Engagement,0.6564173037812844,1
13485,233,1,454.24,5.455321115357702,0.6931471805599453,6.120824752413689,0,At-Risk / Low-Engagement,0.6327435498465606,1
13486,78,3,1122.41,4.3694478524670215,1.3862943611198906,7.024123981607583,0,At-Risk / Low-Engagement,0.35640335057795447,0
13487,57,3,575.4,4.060443010546419,1.3862943611198906,6.356801864125367,0,At-Risk / Low-Engagement,0.3850291964565695,0
13488,17,13,8968.31,2.8903717578961645,2.639057329615259,9.101564029017187,1,Loyal / High-Value,0.06440350182497558,0
13489,105,4,449.52,4.663439094112067,1.6094379124341003,6.110402471179496,0,At-Risk / Low-Engagement,0.3714095199087719,0
13491,51,10,1215.82,3.9512437185814275,2.3978952727983707,7.103996177364903,1,Loyal / High-Value,0.15219945192229314,0
13492,136,3,1269.84,4.919980925828125,1.3862943611198906,7.147433378135437,0,At-Risk / Low-Engagement,0.3709864359272063,0
13493,275,2,618.63,5.62040086571715,1.0986122886681096,6.429122525704993,0,At-Risk / Low-Engagement,0.5193035620539501,1
13494,311,1,316.26000000000005,5.7430031878094825,0.6931471805599453,5.759721626980309,0,At-Risk / Low-Engagement,0.6619240294497716,1
13495,7,5,2044.8700000000001,2.0794415416798357,1.791759469228055,7.623578405880983,1,Loyal / High-Value,0.17348032601668392,0
13496,10,2,653.33,2.3978952727983707,1.0986122886681096,6.483611811351871,0,At-Risk / Low-Engagement,0.37827672096695547,0
13497,282,2,348.05,5.645446897643238,1.0986122886681096,5.855215178416411,0,At-Risk / Low-Engagement,0.5579178010339576,1
13499,17,5,1159.11,2.8903717578961645,1.791759469228055,7.056270107190766,1,Loyal / High-Value,0.21920142216836566,0
13500,23,3,1166.77,3.1780538303479458,1.3862943611198906,7.062851226189096,1,Loyal / High-Value,0.30827833952348566,0
13501,288,1,1340.32,5.666426688112432,0.6931471805599453,7.201409482704207,0,At-Risk / Low-Engagement,0.5721751866584038,1
13502,16,3,292.0,2.833213344056216,1.3862943611198906,5.680172609017068,0,At-Risk / Low-Engagement,0.3769468219121946,0
13503,71,1,216.85,4.276666119016055,0.6931471805599453,5.383806752563451,0,At-Risk / Low-Engagement,0.6304470180321118,1
13504,64,1,295.93,4.174387269895637,0.6931471805599453,5.693496420787701,0,At-Risk / Low-Engagement,0.6069466333949747,1
13505,72,4,4393.63,4.290459441148391,1.6094379124341003,8.388138619999735,1,Loyal / High-Value,0.23269819709152093,0
13506,316,2,458.52,5.75890177387728,1.0986122886681096,6.130182466419805,0,At-Risk / Low-Engagement,0.5399200640010379,1
13507,3,4,2479.16,1.3862943611198906,1.6094379124341003,7.816078353206984,1,Loyal / High-Value,0.1756181144013182,0
13508,243,1,110.97,5.497168225293202,0.6931471805599453,4.718230978272105,0,At-Risk / Low-Engagement,0.7154670355198356,1
13509,8,7,979.72,2.1972245773362196,2.0794415416798357,6.888286995786739,1,Loyal / High-Value,0.16246677401749374,0
13510,1,4,1791.56,0.6931471805599453,1.6094379124341003,7.4914000447169204,1,Loyal / High-Value,0.17067128762882933,0
13512,260,1,251.21,5.564520407322694,0.6931471805599453,5.530262073815315,0,At-Risk / Low-Engagement,0.6724093854126265,1
13513,126,1,205.1,4.844187086458591,0.6931471805599453,5.328361487896413,0,At-Risk / Low-Engagement,0.6564166496453024,1
13514,73,1,152.20000000000002,4.304065093204169,0.6931471805599453,5.031744257306491,0,At-Risk / Low-Engagement,0.6529362589247878,1
13515,72,4,891.12,4.290459441148391,1.6094379124341003,6.793600652679757,0,At-Risk / Low-Engagement,0.3161376067766583,0
13516,21,3,1389.41,3.091042453358316,1.3862943611198906,7.2373539466601775,1,Loyal / High-Value,0.2953733337842361,0
13517,59,3,2128.42,4.0943445622221,1.3862943611198906,7.663604921153483,1,Loyal / High-Value,0.30834764044673524,0
13518,85,1,627.16,4.454347296253507,0.6931471805599453,6.442794911088096,0,At-Risk / Low-Engagement,0.5707776276941968,1
13519,78,1,122.75,4.3694478524670215,0.6931471805599453,4.8182634014487995,0,At-Risk / Low-Engagement,0.6681360539048433,1
13520,58,6,3624.35,4.07753744390572,1.9459101490553132,8.195706114352095,1,Loyal / High-Value,0.1790595066640663,0
13521,1,3,1071.73,0.6931471805599453,1.3862943611198906,6.977962080025035,1,Loyal / High-Value,0.2284047993162168,0
13522,30,1,125.80000000000001,3.4339872044851463,0.6931471805599453,4.842611042003125,0,At-Risk / Low-Engagement,0.6296813170668313,1
13523,33,5,3964.88,3.5263605246161616,1.791759469228055,8.285483051435902,1,Loyal / High-Value,0.18469796357666457,0
13524,40,5,680.1800000000001,3.713572066704308,1.791759469228055,6.523826588404497,1,Loyal / High-Value,0.2715883053394128,0
13525,14,2,628.78,2.70805020110221,1.0986122886681096,6.445370552049637,0,At-Risk / Low-Engagement,0.3934368453479158,0
13527,33,7,2242.36,3.5263605246161616,2.0794415416798357,7.7157300209728215,1,Loyal / High-Value,0.16412004341342942,0
13529,78,2,307.76,4.3694478524670215,1.0986122886681096,5.7325642760816535,0,At-Risk / Low-Engagement,0.5110304054570576,1
13531,205,2,483.8,5.327876168789581,1.0986122886681096,6.1837364347551045,0,At-Risk / Low-Engagement,0.5228137712157199,1
13532,33,1,210.31,3.5263605246161616,0.6931471805599453,5.353326249578836,0,At-Risk / Low-Engagement,0.601536898695021,1
13533,182,3,269.09,5.209486152841421,1.3862943611198906,5.598755236788495,0,At-Risk / Low-Engagement,0.4829394353020325,0
13534,2,25,5870.08,1.0986122886681096,3.258096538021482,8.677793882270105,1,Loyal / High-Value,0.031510257400584225,0
13536,1,7,3444.39,0.6931471805599453,2.0794415416798357,8.144792384587438,1,Loyal / High-Value,0.09678916201107972,0
13538,43,7,1280.85,3.784189633918261,2.0794415416798357,7.156059625954846,1,Loyal / High-Value,0.19229895466827374,0
13539,85,3,631.34,4.454347296253507,1.3862943611198906,6.449427224173901,0,At-Risk / Low-Engagement,0.3954819223872008,0
13544,39,2,276.06,3.6888794541139363,1.0986122886681096,5.624234089229733,0,At-Risk / Low-Engagement,0.4886422133316688,0
13546,12,3,621.09,2.5649493574615367,1.3862943611198906,6.433084776805697,1,Loyal / High-Value,0.321219108625834,0
13548,96,2,678.16,4.574710978503383,1.0986122886681096,6.520856740447811,0,At-Risk / Low-Engagement,0.46788793118728833,0
13549,25,7,918.2,3.258096538021482,2.0794415416798357,6.823503726534546,1,Loyal / High-Value,0.1917625980165524,0
13551,319,1,91.80000000000001,5.768320995793772,0.6931471805599453,4.530446639792155,0,At-Risk / Low-Engagement,0.7304431066682848,1
13552,66,12,3740.07,4.204692619390966,2.5649493574615367,8.227126945747532,1,Loyal / High-Value,0.1051847912554442,0
13555,73,4,4098.88,4.304065093204169,1.6094379124341003,8.318712983971391,1,Loyal / High-Value,0.2364178001688637,0
13557,28,2,584.06,3.367295829986474,1.0986122886681096,6.371714406075083,0,At-Risk / Low-Engagement,0.42582368574395846,0
13558,5,4,594.52,1.791759469228055,1.6094379124341003,6.389434973453886,1,Loyal / High-Value,0.24997875496989025,0
13560,7,1,171.42000000000002,2.0794415416798357,0.6931471805599453,5.149933360781779,0,At-Risk / Low-Engagement,0.5533784147192541,1
13561,215,1,141.85999999999999,5.375278407684165,0.6931471805599453,4.961865129726826,0,At-Risk / Low-Engagement,0.6977284499352985,1
13562,81,3,1799.33,4.406719247264253,1.3862943611198906,7.495725260414088,0,At-Risk / Low-Engagement,0.3297721287281379,0
13563,84,2,777.53,4.442651256490317,1.0986122886681096,6.657407526177046,0,At-Risk / Low-Engagement,0.4532213093668229,0
13564,144,3,1724.67,4.976733742420574,1.3862943611198906,7.453370659852556,0,At-Risk / Low-Engagement,0.3545696183546107,0
13565,19,2,240.22,2.995732273553991,1.0986122886681096,5.485709380155097,0,At-Risk / Low-Engagement,0.46774266937319625,0
13566,40,2,856.84,3.713572066704308,1.0986122886681096,6.75441760191189,0,At-Risk / Low-Engagement,0.4158229964557067,0
13568,173,1,187.05,5.159055299214529,0.6931471805599453,5.2367078849163455,0,At-Risk / Low-Engagement,0.6739898290932227,1
13569,17,2,338.62,2.8903717578961645,1.0986122886681096,5.8278273455181555,0,At-Risk / Low-Engagement,0.44078991327480554,0
13570,243,1,239.49,5.497168225293202,0.6931471805599453,5.482678508639762,0,At-Risk / Low-Engagement,0.6726035518836702,1
13571,12,12,2088.94,2.5649493574615367,2.5649493574615367,7.644890636412799,1,Loyal / High-Value,0.0934876512648535,0
13572,205,1,1384.25,5.327876168789581,0.6931471805599453,7.233635907747459,0,At-Risk / Low-Engagement,0.5566723133044139,1
13573,50,2,290.25,3.9318256327243257,1.0986122886681096,5.67418200487991,0,At-Risk / Low-Engagement,0.49588839781026806,0
13575,23,5,732.0699999999999,3.1780538303479458,1.791759469228055,6.597241195280628,1,Loyal / High-Value,0.24992690110435764,0
13576,10,18,6717.34,2.3978952727983707,2.9444389791664403,8.812596379192264,1,Loyal / High-Value,0.04756583777834292,0
13577,25,4,1687.6000000000001,3.258096538021482,1.6094379124341003,7.4316550622354,1,Loyal / High-Value,0.24608981132740243,0
13579,14,2,467.04,2.70805020110221,1.0986122886681096,6.148553762350757,0,At-Risk / Low-Engagement,0.4123117610382496,0
13581,309,1,118.0,5.736572297479192,0.6931471805599453,4.77912349311153,0,At-Risk / Low-Engagement,0.7173039736368079,1
13583,155,1,781.03,5.049856007249537,0.6931471805599453,6.661893102980819,0,At-Risk / Low-Engagement,0.5818892586525746,1
13584,306,1,142.4,5.726847747587197,0.6931471805599453,4.96563792816552,0,At-Risk / Low-Engagement,0.7071986926650601,1
13587,63,1,712.4,4.1588830833596715,0.6931471805599453,6.570042272924791,0,At-Risk / Low-Engagement,0.5498498926180234,1
13588,15,9,2478.95,2.772588722239781,2.302585092994046,7.815993677665464,1,Loyal / High-Value,0.11783308281151413,0
13589,14,2,379.65,2.70805020110221,1.0986122886681096,5.941880317752221,0,At-Risk / Low-Engagement,0.4256119530968611,0
13590,11,6,1981.92,2.4849066497880004,1.9459101490553132,7.592325784791223,1,Loyal / High-Value,0.16248734001524734,0
13591,64,3,1117.13,4.174387269895637,1.3862943611198906,7.019412926024925,0,At-Risk / Low-Engagement,0.348953217874819,0
13592,35,4,247.95999999999998,3.58351893845611,1.6094379124341003,5.5172922409900265,0,At-Risk / Low-Engagement,0.36425550998060635,0
13593,108,5,2011.88,4.6913478822291435,1.791759469228055,7.607321811344266,1,Loyal / High-Value,0.24914071499616192,0
13594,52,1,396.97,3.970291913552122,0.6931471805599453,5.986376625559036,0,At-Risk / Low-Engagement,0.5797179103646137,1
13596,5,2,664.11,1.791759469228055,1.0986122886681096,6.499952440510379,1,Loyal / High-Value,0.3528651453290547,0
13598,47,1,160.04,3.8712010109078907,0.6931471805599453,5.081652781331536,0,At-Risk / Low-Engagement,0.6326476976132734,1
13599,1,21,5149.92,0.6931471805599453,3.091042453358316,8.546930618480117,1,Loyal / High-Value,0.03316838048409172,0
13600,312,1,219.52,5.746203190540153,0.6931471805599453,5.395988393721483,0,At-Risk / Low-Engagement,0.6830973518482484,1
13601,45,2,693.32,3.828641396489095,1.0986122886681096,6.54293294933599,0,At-Risk / Low-Engagement,0.43436928395672586,0
13602,64,1,428.89,4.174387269895637,0.6931471805599453,6.063529362008149,0,At-Risk / Low-Engagement,0.5833807607747494,1
13603,26,1,164.34,3.295836866004329,0.6931471805599453,5.108003959824529,0,At-Risk / Low-Engagement,0.6074702562574296,1
13606,29,3,276.75,3.4011973816621555,1.3862943611198906,5.6267214285197396,0,At-Risk / Low-Engagement,0.40377904434571527,0
13607,40,1,675.51,3.713572066704308,0.6931471805599453,6.516947229467592,0,At-Risk / Low-Engagement,0.5341356593915505,1
13610,12,7,1082.33,2.5649493574615367,2.0794415416798357,6.987794909727863,1,Loyal / High-Value,0.16764296180466354,0
13611,89,3,1154.4,4.499809670330265,1.3862943611198906,7.052201883347165,0,At-Risk / Low-Engagement,0.35990194633110856,0
13614,24,4,1585.46,3.2188758248682006,1.6094379124341003,7.369260397972974,1,Loyal / High-Value,0.24789079470520076,0
13615,318,1,417.69,5.765191102784844,0.6931471805599453,6.037130789291114,0,At-Risk / Low-Engagement,0.6453221243446062,1
13617,40,3,544.18,3.713572066704308,1.3862943611198906,6.301116015363744,0,At-Risk / Low-Engagement,0.37430747377213563,0
13618,173,1,177.34,5.159055299214529,0.6931471805599453,5.183691840706733,0,At-Risk / Low-Engagement,0.6770620337968702,1
13621,116,1,213.85,4.762173934797756,0.6931471805599453,5.3699401102210045,0,At-Risk / Low-Engagement,0.650702540129901,1
13623,30,5,727.74,3.4339872044851463,1.791759469228055,6.591317015443623,1,Loyal / High-Value,0.25865269851535394,0
13626,252,1,257.23,5.53338948872752,0.6931471805599453,5.5538506606638975,0,At-Risk / Low-Engagement,0.6698395069586284,1
13627,59,5,1638.47,4.0943445622221,1.791759469228055,7.402128297855622,1,Loyal / High-Value,0.24000623140910438,0
13629,23,11,7792.36,3.1780538303479458,2.4849066497880004,8.961027368080067,1,Loyal / High-Value,0.08079976718272802,0
13630,5,7,2031.78,1.791759469228055,2.0794415416798357,7.617159593311352,1,Loyal / High-Value,0.1297569448373943,0
13631,99,11,3070.42,4.605170185988092,2.4849066497880004,8.029895274358873,1,Loyal / High-Value,0.12592443747494872,0
13632,24,5,2118.93,3.2188758248682006,1.791759469228055,7.659138348252998,1,Loyal / High-Value,0.2021915950949407,0
13634,33,5,1547.3600000000001,3.5263605246161616,1.791759469228055,7.344951585251755,1,Loyal / High-Value,0.22510123935723994,0
13635,67,1,1071.03,4.219507705176107,0.6931471805599453,6.977309326313799,0,At-Risk / Low-Engagement,0.5257078494176647,1
13636,36,5,949.12,3.6109179126442243,1.791759469228055,6.856588292406893,1,Loyal / High-Value,0.25116971713884517,0
13637,52,3,804.3,3.970291913552122,1.3862943611198906,6.6912148788015,0,At-Risk / Low-Engagement,0.36070052405912983,0
13638,15,1,122.64,2.772588722239781,0.6931471805599453,4.817374117263916,0,At-Risk / Low-Engagement,0.6041157269625254,1
13639,74,1,1033.34,4.31748811353631,0.6931471805599453,6.941518821134943,0,At-Risk / Low-Engagement,0.5323055631934431,1
13642,215,1,312.28,5.375278407684165,0.6931471805599453,5.7470973593421455,0,At-Risk / Low-Engagement,0.6522416007686039,1
13643,31,3,519.44,3.4657359027997265,1.3862943611198906,6.254674607635275,0,At-Risk / Low-Engagement,0.3671297587837903,0
13644,16,4,2624.26,2.833213344056216,1.6094379124341003,7.87293521773988,1,Loyal / High-Value,0.21248036170514206,0
13645,120,1,252.1,4.795790545596741,0.6931471805599453,5.533784667551078,0,At-Risk / Low-Engagement,0.6421368746814199,1
13647,9,4,1648.1200000000001,2.302585092994046,1.6094379124341003,7.4079970912884825,1,Loyal / High-Value,0.21767202872166858,0
13649,256,2,346.6,5.54907608489522,1.0986122886681096,5.851052393391237,0,At-Risk / Low-Engagement,0.55420922811348,1
13650,16,6,1836.34,2.833213344056216,1.9459101490553132,7.516074152465826,1,Loyal / High-Value,0.17376436576332002,0
13651,35,2,94.2,3.58351893845611,1.0986122886681096,4.55597994179732,0,At-Risk / Low-Engagement,0.5544538025225204,1
13652,45,3,1095.08,3.828641396489095,1.3862943611198906,6.999495457544853,0,At-Risk / Low-Engagement,0.33661170678260127,0
13654,43,6,2707.33,3.784189633918261,1.9459101490553132,7.90408748775984,1,Loyal / High-Value,0.18293514994399013,0
13655,114,2,932.97,4.74493212836325,1.0986122886681096,6.83944431779864,0,At-Risk / Low-Engagement,0.45430614794239016,0
13656,164,2,379.65,5.10594547390058,1.0986122886681096,5.941880317752221,0,At-Risk / Low-Engagement,0.5291450598648005,1
13657,10,2,382.14,2.3978952727983707,1.0986122886681096,5.948400457636955,0,At-Risk / Low-Engagement,0.4120804122710173,0
13658,9,5,2639.17,2.302585092994046,1.791759469228055,7.878598588006555,1,Loyal / High-Value,0.16940877444370728,0
13659,205,2,1563.0,5.327876168789581,1.0986122886681096,7.355001921105257,0,At-Risk / Low-Engagement,0.4456315962146587,0
13662,85,3,881.26,4.454347296253507,1.3862943611198906,6.782486797146852,0,At-Risk / Low-Engagement,0.3746358338848674,0
13663,179,1,189.47,5.19295685089021,0.6931471805599453,5.249494701850468,0,At-Risk / Low-Engagement,0.6745406241918828,1
13666,60,3,84.65,4.110873864173311,1.3862943611198906,4.450269224770129,0,At-Risk / Low-Engagement,0.5111348038191168,1
13667,149,1,299.05,5.0106352940962555,0.6931471805599453,5.703949127435522,0,At-Risk / Low-Engagement,0.6403721387062447,1
13668,2,21,6309.83,1.0986122886681096,3.091042453358316,8.750022484127467,1,Loyal / High-Value,0.03370916909249325,0
13669,50,2,218.55,3.9318256327243257,1.0986122886681096,5.391579997007726,0,At-Risk / Low-Engagement,0.5145625348652774,1
13670,75,1,349.7,4.330733340286331,0.6931471805599453,5.859931157146132,0,At-Risk / Low-Engagement,0.6029207079110621,1
13672,301,2,186.39000000000001,5.71042701737487,1.0986122886681096,5.233192006587575,0,At-Risk / Low-Engagement,0.5980061541551567,1
13673,18,2,387.44,2.9444389791664403,1.0986122886681096,5.962138717726154,0,At-Risk / Low-Engagement,0.43436231277931275,0
13675,151,2,486.82000000000005,5.0238805208462765,1.0986122886681096,6.189946485351331,0,At-Risk / Low-Engagement,0.5092179011818017,1
13678,151,1,232.6,5.0238805208462765,0.6931471805599453,5.453610250954072,0,At-Risk / Low-Engagement,0.6559875658806655,1
13680,1,4,3719.12,0.6931471805599453,1.6094379124341003,8.221511204811428,1,Loyal / High-Value,0.14505779875740704,0
13681,17,4,827.83,2.8903717578961645,1.6094379124341003,6.720015067761323,1,Loyal / High-Value,0.2698653893065629,0
13682,187,1,59.5,5.236441962829949,0.6931471805599453,4.102643365036796,0,At-Risk / Low-Engagement,0.7387627809823352,1
13684,285,1,65.13,5.655991810819852,0.6931471805599453,4.191622501686571,0,At-Risk / Low-Engagement,0.747712472897954,1
13685,2,7,3119.44,1.0986122886681096,2.0794415416798357,8.045729296501372,1,Loyal / High-Value,0.10557061467706039,0
13686,182,1,72.0,5.209486152841421,0.6931471805599453,4.290459441148391,0,At-Risk / Low-Engagement,0.7281411345191089,1
13689,63,1,910.0,4.1588830833596715,0.6931471805599453,6.814542897259958,0,At-Risk / Low-Engagement,0.5338043377523322,1
13690,59,1,172.25,4.0943445622221,0.6931471805599453,5.1547356380700124,0,At-Risk / Low-Engagement,0.6371530326623223,1
13692,24,3,1488.32,3.2188758248682006,1.3862943611198906,7.30607491892943,1,Loyal / High-Value,0.29621384662534417,0
13694,3,50,65039.62,1.3862943611198906,3.4339872044851463,9.892501674765558,1,Loyal / High-Value,0.026209209340989446,0
13695,31,15,2504.13,3.4657359027997265,2.772588722239781,7.826095908379989,1,Loyal / High-Value,0.08508405501457585,0
13697,38,1,151.29999999999998,3.6635616461296463,0.6931471805599453,5.025852259901116,0,At-Risk / Low-Engagement,0.6276807301087587,1
13699,155,1,308.58000000000004,5.049856007249537,0.6931471805599453,5.735216540145732,0,At-Risk / Low-Engagement,0.6400371876945302,1
13700,26,10,2248.63,3.295836866004329,2.3978952727983707,7.718521037231551,1,Loyal / High-Value,0.11985994985868988,0
13703,318,1,99.5,5.765191102784844,0.6931471805599453,4.61015772749913,0,At-Risk / Low-Engagement,0.7262736749071251,1
13704,5,9,2308.06,1.791759469228055,2.302585092994046,7.744595794291895,1,Loyal / High-Value,0.10297511720734678,0
13705,7,3,711.86,2.0794415416798357,1.3862943611198906,6.569285047698251,1,Loyal / High-Value,0.2955642668730435,0
13706,302,1,330.79,5.713732805509369,0.6931471805599453,5.8045022386644325,0,At-Risk / Low-Engagement,0.6592696440395809,1
13707,267,2,806.41,5.5909869805108565,1.0986122886681096,6.693831593776871,0,At-Risk / Low-Engagement,0.5005402086562593,1
13708,271,1,285.33,5.605802066295998,0.6931471805599453,5.657144991804844,0,At-Risk / Low-Engagement,0.6665735008928887,1
13709,3,13,6307.650000000001,1.3862943611198906,2.639057329615259,8.74967698652825,1,Loyal / High-Value,0.05498043175388144,0
13710,31,1,180.48,3.4657359027997265,0.6931471805599453,5.201145454795763,0,At-Risk / Low-Engagement,0.6086345358202107,1
13711,218,2,252.06,5.389071729816501,1.0986122886681096,5.5336266147611175,0,At-Risk / Low-Engagement,0.5680308227993673,1
13712,246,1,228.84,5.5093883366279774,0.6931471805599453,5.437383414671034,0,At-Risk / Low-Engagement,0.6757003426462416,1
13715,281,5,1077.39,5.641907070938114,1.791759469228055,6.983224467118015,0,At-Risk / Low-Engagement,0.31580862870095644,0
13716,269,1,138.28,5.598421958998375,0.6931471805599453,4.936486295459933,0,At-Risk / Low-Engagement,0.7072306003637193,1
13717,32,6,1445.01,3.4965075614664802,1.9459101490553132,7.276563318324119,1,Loyal / High-Value,0.2009044073086905,0
13718,246,2,306.55,5.5093883366279774,1.0986122886681096,5.728637675654378,0,At-Risk / Low-Engagement,0.5604929271464654,1
13719,15,5,1041.68,2.772588722239781,1.791759469228055,6.949549600639115,1,Loyal / High-Value,0.22053189250328148,0
13720,116,4,799.9,4.762173934797756,1.6094379124341003,6.685736095329637,0,At-Risk / Low-Engagement,0.34048575069736803,0
13721,36,1,524.14,3.6109179126442243,0.6931471805599453,6.263664893709055,0,At-Risk / Low-Engagement,0.5463384851386229,1
13722,131,3,2375.41,4.882801922586371,1.3862943611198906,7.773346224518516,0,At-Risk / Low-Engagement,0.3318295817927201,0
13723,217,1,199.85000000000002,5.384495062789089,0.6931471805599453,5.302558360805291,0,At-Risk / Low-Engagement,0.6787500954973056,1
13725,49,8,1980.56,3.912023005428146,2.1972245773362196,7.5916396922628975,1,Loyal / High-Value,0.16133434900548335,0
13726,38,2,1079.6599999999999,3.6635616461296463,1.0986122886681096,6.985327244577021,0,At-Risk / Low-Engagement,0.3989893862239653,0
13727,28,2,333.48,3.367295829986474,1.0986122886681096,5.81257708704831,0,At-Risk / Low-Engagement,0.4622996310377019,0
13728,36,6,1016.14,3.6109179126442243,1.9459101490553132,6.924750046357999,1,Loyal / High-Value,0.21963953492317478,0
13730,135,2,752.6,4.912654885736052,1.0986122886681096,6.624861723262153,0,At-Risk / Low-Engagement,0.4756631367902638,0
13731,219,2,610.59,5.393627546352361,1.0986122886681096,6.416062123365316,0,At-Risk / Low-Engagement,0.5103278608853481,1
13732,28,1,491.86,3.367295829986474,0.6931471805599453,6.200225158054739,0,At-Risk / Low-Engagement,0.5400005101765277,1
13735,24,4,2883.54,3.2188758248682006,1.6094379124341003,7.967120720822151,1,Loyal / High-Value,0.21960776466104845,0
13736,5,2,729.8,1.791759469228055,1.0986122886681096,6.594139824503852,1,Loyal / High-Value,0.34720002789912907,0
13737,200,1,339.59999999999997,5.303304908059076,0.6931471805599453,5.830708768228588,0,At-Risk / Low-Engagement,0.6443514069444128,1
13739,18,1,216.9,2.9444389791664403,0.6931471805599453,5.384036241950574,0,At-Risk / Low-Engagement,0.5750975796628707,1
13740,240,1,350.75,5.484796933490655,0.6931471805599453,5.862920695994498,0,At-Risk / Low-Engagement,0.6496061178805066,1
13741,71,3,668.4300000000001,4.276666119016055,1.3862943611198906,6.50642660402637,0,At-Risk / Low-Engagement,0.3845553698814544,0
13742,16,12,3107.87,2.833213344056216,2.5649493574615367,8.04201459509639,1,Loyal / High-Value,0.0886548510349567,0
13743,2,7,1341.6,1.0986122886681096,2.0794415416798357,7.2023633115046515,1,Loyal / High-Value,0.12855011358537854,0
13744,95,2,1080.52,4.564348191467836,1.0986122886681096,6.9861227380561495,0,At-Risk / Low-Engagement,0.43697925881717364,0
13745,162,1,300.04,5.093750200806762,0.6931471805599453,5.707243146285182,0,At-Risk / Low-Engagement,0.6434901929153316,1
13747,373,1,79.6,5.912501651847105,0.6931471805599453,4.389498649512583,0,At-Risk / Low-Engagement,0.7377168127038819,1
13748,95,5,948.25,4.564348191467836,1.791759469228055,6.855672199111912,0,At-Risk / Low-Engagement,0.28362714538480144,0
13750,53,5,1647.26,3.9889840465642745,1.791759469228055,7.407475465015805,1,Loyal / High-Value,0.23642883951032542,0
13751,288,1,296.25,5.666426688112432,0.6931471805599453,5.694573535570891,0,At-Risk / Low-Engagement,0.66576753187708,1
13752,124,6,1175.38,4.8283137373023015,1.9459101490553132,7.07019720551526,1,Loyal / High-Value,0.25072075592421894,0
13753,287,1,741.26,5.662960480135946,0.6931471805599453,6.609699586102796,0,At-Risk / Low-Engagement,0.6099651551648202,1
13754,151,2,282.59999999999997,5.0238805208462765,1.0986122886681096,5.647564794657972,0,At-Risk / Low-Engagement,0.5449455717058522,1
13755,3,9,2108.06,1.3862943611198906,2.302585092994046,7.653997629576229,1,Loyal / High-Value,0.09876085770495018,0
13756,2,14,5189.52,1.0986122886681096,2.70805020110221,8.55458916381921,1,Loyal / High-Value,0.05151220082518412,0
13758,11,7,3190.55,2.4849066497880004,2.0794415416798357,8.068261971187837,1,Loyal / High-Value,0.12988477365295045,0
13759,33,2,659.4100000000001,3.5263605246161616,1.0986122886681096,6.492860854269306,0,At-Risk / Low-Engagement,0.4247481494136695,0
13760,54,2,286.79,4.007333185232471,1.0986122886681096,5.662231047497966,0,At-Risk / Low-Engagement,0.49995691511484797,0
13761,50,2,1070.65,3.9318256327243257,1.0986122886681096,6.976954795783142,0,At-Risk / Low-Engagement,0.41074907548638856,0
13762,218,1,306.72,5.389071729816501,0.6931471805599453,5.729190278590734,0,At-Risk / Low-Engagement,0.6538570787941845,1
13763,63,1,1714.96,4.1588830833596715,0.6931471805599453,7.447727969752915,0,At-Risk / Low-Engagement,0.49200681475425556,0
13764,70,3,1519.42,4.2626798770413155,1.3862943611198906,7.3267418914616185,0,At-Risk / Low-Engagement,0.33413123918949456,0
13767,2,37,17220.36,1.0986122886681096,3.4339872044851463,9.753905752795765,1,Loyal / High-Value,0.02496367274118546,0
13769,2,10,2796.51,1.0986122886681096,2.3978952727983707,7.936485014799888,1,Loyal / High-Value,0.08068938941033894,0
13771,64,4,2634.45,4.174387269895637,1.6094379124341003,7.876809224383177,1,Loyal / High-Value,0.25386293360291673,0
13772,33,3,1122.63,3.5263605246161616,1.3862943611198906,7.024319794766853,1,Loyal / High-Value,0.3235518386120751,0
13774,81,1,345.0,4.406719247264253,0.6931471805599453,5.846438775057724,0,At-Risk / Low-Engagement,0.6069273745976376,1
13777,0,33,25977.16,0.6931471805599453,3.4339872044851463,9.892501674765558,1,Loyal / High-Value,0.02071690571681293,0
13778,103,1,178.7,4.6443908991413725,0.6931471805599453,5.191288793789513,0,At-Risk / Low-Engagement,0.656763051863129,1
13780,7,2,360.01,2.0794415416798357,1.0986122886681096,5.888905658780245,0,At-Risk / Low-Engagement,0.40252511142403496,0
13781,250,1,127.84,5.5254529391317835,0.6931471805599453,4.858571324462998,0,At-Risk / Low-Engagement,0.7088688032876503,1
13782,12,6,908.86,2.5649493574615367,1.9459101490553132,6.8132907415215165,1,Loyal / High-Value,0.19466551095966245,0
13784,9,11,2462.79,2.302585092994046,2.4849066497880004,7.809456093748633,1,Loyal / High-Value,0.09286527895070452,0
13786,367,1,230.39999999999998,5.908082938168931,0.6931471805599453,5.444147814759576,0,At-Risk / Low-Engagement,0.6803347346084941,1
13787,75,2,309.04,4.330733340286331,1.0986122886681096,5.736701321413311,0,At-Risk / Low-Engagement,0.5090766854246537,1
13790,4,1,348.8,1.6094379124341003,0.6931471805599453,5.857361562584502,0,At-Risk / Low-Engagement,0.4864203491442968,0
13791,127,2,1516.0,4.852030263919617,1.0986122886681096,7.324489979348532,0,At-Risk / Low-Engagement,0.42728921466326025,0
13792,66,2,195.55,4.204692619390966,1.0986122886681096,5.280916851867869,0,At-Risk / Low-Engagement,0.5336783208588881,1
13798,1,57,37153.85,0.6931471805599453,3.4339872044851463,9.892501674765558,1,Loyal / High-Value,0.023305644754665837,0
13799,116,2,688.86,4.762173934797756,1.0986122886681096,6.5364886784538845,0,At-Risk / Low-Engagement,0.47497152272200827,0
13800,309,1,558.32,5.736572297479192,0.6931471805599453,6.32672176017265,0,At-Risk / Low-Engagement,0.6276102910305392,1
13801,66,1,324.8,4.204692619390966,0.6931471805599453,5.786283696167945,0,At-Risk / Low-Engagement,0.6023408866648613,1
13802,138,3,4599.42,4.9344739331306915,1.3862943611198906,8.433902882657025,1,Loyal / High-Value,0.2961742914095208,0
13803,255,1,277.07,5.545177444479562,0.6931471805599453,5.627872880555851,0,At-Risk / Low-Engagement,0.6659529022351172,1
13804,30,7,2588.39,3.4339872044851463,2.0794415416798357,7.85917760571858,1,Loyal / High-Value,0.15684994251973014,0
13805,52,2,924.6,3.970291913552122,1.0986122886681096,6.830442175879467,0,At-Risk / Low-Engagement,0.42178407025839754,0
13806,63,1,256.38,4.1588830833596715,0.6931471805599453,5.550553592065519,0,At-Risk / Low-Engagement,0.615287494907543,1
13807,367,1,112.6,5.908082938168931,0.6931471805599453,4.732683506287051,0,At-Risk / Low-Engagement,0.7197869677258075,1
13808,5,5,1747.66,1.791759469228055,1.791759469228055,7.466605059322925,1,Loyal / High-Value,0.17226959570162512,0
13809,305,1,155.05,5.723585101952381,0.6931471805599453,5.0501764687167885,0,At-Risk / Low-Engagement,0.7025493652233471,1
13810,28,3,1499.01,3.367295829986474,1.3862943611198906,7.313227053734746,1,Loyal / High-Value,0.30121796450942706,0
13811,183,3,814.5,5.214935757608986,1.3862943611198906,6.703801422061068,0,At-Risk / Low-Engagement,0.4110876932544237,0
13812,42,3,539.0,3.7612001156935624,1.3862943611198906,6.29156913955832,0,At-Risk / Low-Engagement,0.376839434310458,0
13813,39,4,1366.8600000000001,3.6888794541139363,1.6094379124341003,7.221002753764198,1,Loyal / High-Value,0.27109727900275504,0
13814,92,2,1579.12,4.532599493153256,1.0986122886681096,7.365256072504094,0,At-Risk / Low-Engagement,0.41115827437452673,0
13815,22,4,4027.36,3.1354942159291497,1.6094379124341003,8.301114624224146,1,Loyal / High-Value,0.20250090583070107,0
13816,23,2,571.6700000000001,3.1780538303479458,1.0986122886681096,6.3503096345809205,0,At-Risk / Low-Engagement,0.41918459492460897,0
13817,29,2,382.98,3.4011973816621555,1.0986122886681096,5.950590467898009,0,At-Risk / Low-Engagement,0.45470268446461287,0
13819,301,3,1140.35,5.71042701737487,1.3862943611198906,7.039967051290641,0,At-Risk / Low-Engagement,0.4075302675784412,0
13821,144,2,385.64,4.976733742420574,1.0986122886681096,5.957494027536828,0,At-Risk / Low-Engagement,0.5225202269392472,1
13822,5,2,632.0,1.791759469228055,1.0986122886681096,6.450470422144176,1,Loyal / High-Value,0.35585813168268315,0
13823,18,2,957.66,2.9444389791664403,1.0986122886681096,6.865536476045727,0,At-Risk / Low-Engagement,0.3768565607582332,0
13824,32,5,1698.94,3.4965075614664802,1.791759469228055,7.438348235303808,1,Loyal / High-Value,0.2199326000492175,0
13826,176,1,189.5,5.176149732573829,0.6931471805599453,5.249652194566756,0,At-Risk / Low-Engagement,0.6738902742877851,1
13827,57,3,409.8,4.060443010546419,1.3862943611198906,6.018106478054404,0,At-Risk / Low-Engagement,0.40643747743184716,0
13828,22,1,209.49,3.1354942159291497,0.6931471805599453,5.349438146055751,0,At-Risk / Low-Engagement,0.5854073473840012,1
13831,16,6,2198.45,2.833213344056216,1.9459101490553132,7.695962608091198,1,Loyal / High-Value,0.16704196891463902,0
13832,19,1,52.199999999999996,2.995732273553991,0.6931471805599453,3.9740583963475986,0,At-Risk / Low-Engagement,0.6647099166502609,1
13833,159,1,383.85,5.075173815233827,0.6931471805599453,5.9528536479803265,0,At-Risk / Low-Engagement,0.627705244598295,1
13835,25,4,834.57,3.258096538021482,1.6094379124341003,6.728114126692287,1,Loyal / High-Value,0.28219961664821896,0
13837,211,2,266.59000000000003,5.356586274672012,1.0986122886681096,5.589455958348054,0,At-Risk / Low-Engagement,0.5630178725725332,1
13838,5,4,674.82,1.791759469228055,1.6094379124341003,6.515926768396882,1,Loyal / High-Value,0.24376139439166486,0
13841,252,1,85.0,5.53338948872752,0.6931471805599453,4.454347296253507,0,At-Risk / Low-Engagement,0.7306931915737619,1
13842,58,9,3385.62,4.07753744390572,2.302585092994046,8.127587652841866,1,Loyal / High-Value,0.13367666681242513,0
13844,11,1,361.62,2.4849066497880004,0.6931471805599453,5.893355453997662,0,At-Risk / Low-Engagement,0.5220387101705501,1
13845,64,1,312.98,4.174387269895637,0.6931471805599453,5.749329289612172,0,At-Risk / Low-Engagement,0.603419730925689,1
13846,24,3,865.0600000000001,3.2188758248682006,1.3862943611198906,6.763954190227071,1,Loyal / High-Value,0.3269375839098428,0
13848,92,3,1255.0,4.532599493153256,1.3862943611198906,7.135687347028144,0,At-Risk / Low-Engagement,0.3561380024616914,0
13849,51,2,1537.95,3.9512437185814275,1.0986122886681096,7.338855644682132,0,At-Risk / Low-Engagement,0.38860613516216796,0
13850,129,1,1595.48,4.867534450455582,0.6931471805599453,7.375556484672672,0,At-Risk / Low-Engagement,0.527519771914048,1
13851,95,3,2651.46,4.564348191467836,1.3862943611198906,7.883242790261331,1,Loyal / High-Value,0.31339646904774165,0
13853,57,1,1090.14,4.060443010546419,0.6931471805599453,6.994978300240205,0,At-Risk / Low-Engagement,0.5176484127419307,1
13854,8,25,8109.5199999999995,2.1972245773362196,3.258096538021482,9.000917263426343,1,Loyal / High-Value,0.03489028297043563,0
13856,168,3,388.5,5.1298987149230735,1.3862943611198906,5.964863865310803,0,At-Risk / Low-Engagement,0.4553981499681196,0
13858,57,1,216.17,4.060443010546419,0.6931471805599453,5.38068045697316,0,At-Risk / Low-Engagement,0.6218494895345629,1
13859,326,1,201.16,5.7899601708972535,0.6931471805599453,5.309059463079938,0,At-Risk / Low-Engagement,0.6880513217839189,1
13860,1,5,1245.9,0.6931471805599453,1.791759469228055,7.1284157500025405,1,Loyal / High-Value,0.15828622239267248,0
13862,18,8,2209.36,2.9444389791664403,2.1972245773362196,7.700910677173299,1,Loyal / High-Value,0.1364278791163857,0
13863,247,1,305.78,5.5134287461649825,0.6931471805599453,5.726130878319963,0,At-Risk / Low-Engagement,0.6589110838268226,1
13865,58,4,501.56,4.07753744390572,1.6094379124341003,6.219715035790337,0,At-Risk / Low-Engagement,0.34144993437118365,0
13866,74,1,145.67000000000002,4.31748811353631,0.6931471805599453,4.988185165258664,0,At-Risk / Low-Engagement,0.6560675553723034,1
13867,31,3,1005.09,3.4657359027997265,1.3862943611198906,6.913826809878765,1,Loyal / High-Value,0.3276540759823729,0
13868,7,2,3192.54,2.0794415416798357,1.0986122886681096,8.068885298365506,1,Loyal / High-Value,0.27462331603261864,0
13869,123,4,3083.65,4.820281565605037,1.6094379124341003,8.034193477715295,1,Loyal / High-Value,0.26746187142304295,0
13870,2,8,2770.94,1.0986122886681096,2.1972245773362196,7.927302715053892,1,Loyal / High-Value,0.09746314780035666,0
13871,22,13,6403.25,3.1354942159291497,2.639057329615259,8.764717111455825,1,Loyal / High-Value,0.07280450856036227,0
13873,119,3,389.6,4.787491742782046,1.3862943611198906,5.967684018442578,0,At-Risk / Low-Engagement,0.44050789812947644,0
13874,358,1,540.45,5.883322388488279,0.6931471805599453,6.294250726074389,0,At-Risk / Low-Engagement,0.6296144350473089,1
13875,53,5,1786.79,3.9889840465642745,1.791759469228055,7.488735499171278,1,Loyal / High-Value,0.23257244545071445,0
13876,63,1,122.7,4.1588830833596715,0.6931471805599453,4.8178592793984425,0,At-Risk / Low-Engagement,0.6600014433459845,1
13877,86,1,117.24,4.465908118654584,0.6931471805599453,4.772716457199891,0,At-Risk / Low-Engagement,0.6744897330017618,1
13878,54,1,1271.57,4.007333185232471,0.6931471805599453,7.148793756734876,0,At-Risk / Low-Engagement,0.5051830969371787,1
13880,21,13,3219.77,3.091042453358316,2.639057329615259,8.077375740386112,1,Loyal / High-Value,0.08545863142628672,0
13881,3,20,17159.52,1.3862943611198906,3.044522437723423,9.75036667561313,1,Loyal / High-Value,0.029922349715062392,0
13882,2,5,1191.13,1.0986122886681096,1.791759469228055,7.083496902081326,1,Loyal / High-Value,0.16956202101451362,0
13883,10,5,2674.48,2.3978952727983707,1.791759469228055,7.891884082485147,1,Loyal / High-Value,0.1712518303742191,0
13884,7,5,787.6,2.0794415416798357,1.791759469228055,6.670259221443527,1,Loyal / High-Value,0.2126334502521322,0
13885,189,2,506.8,5.247024072160486,1.0986122886681096,6.230087669270578,0,At-Risk / Low-Engagement,0.5162495569401438,1
13886,71,1,243.56,4.276666119016055,0.6931471805599453,5.499460677582579,0,At-Risk / Low-Engagement,0.6232952958004733,1
13887,204,1,349.55,5.3230099791384085,0.6931471805599453,5.859503349652977,0,At-Risk / Low-Engagement,0.6433906242813064,1
13888,119,2,595.67,4.787491742782046,1.0986122886681096,6.391364196743265,0,At-Risk / Low-Engagement,0.4856457771063526,0
13889,92,1,416.90000000000003,4.532599493153256,0.6931471805599453,6.03524216945387,0,At-Risk / Low-Engagement,0.6002156239955798,1
13890,1,10,1883.8100000000002,0.6931471805599453,2.3978952727983707,7.54158229904591,1,Loyal / High-Value,0.08324600756977094,0
13892,26,4,632.97,3.295836866004329,1.6094379124341003,6.4520016347056774,1,Loyal / High-Value,0.29858941264580846,0
13893,297,1,821.1,5.697093486505405,0.6931471805599453,6.711862042158088,0,At-Risk / Low-Engagement,0.6035206683684227,1
13894,23,3,564.62,3.1780538303479458,1.3862943611198906,6.337922474636114,0,At-Risk / Low-Engagement,0.3505719077882896,0
13895,28,4,2593.07,3.367295829986474,1.6094379124341003,7.860983349863101,1,Loyal / High-Value,0.22897388051727371,0
13897,50,1,311.16,3.9318256327243257,0.6931471805599453,5.743515876874802,0,At-Risk / Low-Engagement,0.5936659136548472,1
13898,325,1,155.93,5.786897381366708,0.6931471805599453,5.055799846050629,0,At-Risk / Low-Engagement,0.7022385924703155,1
13899,16,2,388.52,2.833213344056216,1.0986122886681096,5.9649152118744455,0,At-Risk / Low-Engagement,0.4294421500603747,0
13900,183,3,740.95,5.214935757608986,1.3862943611198906,6.609281855452135,0,At-Risk / Low-Engagement,0.41715049569728496,0
13901,72,5,2867.2,4.290459441148391,1.791759469228055,7.961439934295112,1,Loyal / High-Value,0.21986535359067563,0
13904,37,2,332.64,3.6375861597263857,1.0986122886681096,5.810062567373411,0,At-Risk / Low-Engagement,0.47415385606295507,0
13908,79,4,2369.55,4.382026634673881,1.6094379124341003,7.770877274716226,1,Loyal / High-Value,0.26618916706369616,0
13911,57,9,2580.91,4.060443010546419,2.302585092994046,7.856284714098846,1,Loyal / High-Value,0.14184166848052165,0
13914,11,2,626.45,2.4849066497880004,1.0986122886681096,6.441663986556317,0,At-Risk / Low-Engagement,0.38445859856331627,0
13917,49,2,272.04,3.912023005428146,1.0986122886681096,5.609618304598452,0,At-Risk / Low-Engagement,0.49929571262793015,0
13918,49,2,1212.8400000000001,3.912023005428146,1.0986122886681096,7.101544167216986,0,At-Risk / Low-Engagement,0.4019738009825915,0
13919,59,2,384.81,4.0943445622221,1.0986122886681096,5.955345020301596,0,At-Risk / Low-Engagement,0.4843671279882813,0
13922,351,1,172.25,5.863631175598097,0.6931471805599453,5.1547356380700124,0,At-Risk / Low-Engagement,0.6967405469998674,1
13923,53,1,351.13,3.9889840465642745,0.6931471805599453,5.864000425598742,0,At-Risk / Low-Engagement,0.5883662300452982,1
13924,1,6,1838.8500000000001,0.6931471805599453,1.9459101490553132,7.517439325540823,1,Loyal / High-Value,0.12661248425896018,0
13925,92,4,678.25,4.532599493153256,1.6094379124341003,6.520989248306457,0,At-Risk / Low-Engagement,0.34131271446133304,0
13926,23,1,223.85000000000002,3.1780538303479458,0.6931471805599453,5.415433513216716,0,At-Risk / Low-Engagement,0.5829647507547906,1
13927,74,1,348.99,4.31748811353631,0.6931471805599453,5.857904582646717,0,At-Risk / Low-Engagement,0.6024981299048882,1
13928,10,4,464.57,2.3978952727983707,1.6094379124341003,6.143262461351643,1,Loyal / High-Value,0.28325678975900204,0
13929,169,2,842.65,5.135798437050262,1.0986122886681096,6.737737716644347,0,At-Risk / Low-Engagement,0.4778873116656487,0
13930,57,2,337.34,4.060443010546419,1.0986122886681096,5.824051307047146,0,At-Risk / Low-Engagement,0.49156849373997036,0
13931,95,2,1237.53,4.564348191467836,1.0986122886681096,7.121680471486267,0,At-Risk / Low-Engagement,0.42818282552032344,0
13932,294,1,307.4,5.68697535633982,0.6931471805599453,5.731397641689174,0,At-Risk / Low-Engagement,0.6635977068721307,1
13933,109,2,608.7900000000001,4.700480365792417,1.0986122886681096,6.413114635600407,0,At-Risk / Low-Engagement,0.48043600232389094,0
13934,263,1,922.1,5.575949103146316,0.6931471805599453,6.8277375709961055,0,At-Risk / Low-Engagement,0.5934064066466419,1
13936,179,1,376.58,5.19295685089021,0.6931471805599453,5.933782466766897,0,At-Risk / Low-Engagement,0.633644636146325,1
13937,169,1,158.85,5.135798437050262,0.6931471805599453,5.074235875505851,0,At-Risk / Low-Engagement,0.6824818135961735,1
13938,35,1,71.66,3.58351893845611,0.6931471805599453,4.2857910267930555,0,At-Risk / Low-Engagement,0.6690811756084217,1
13939,23,3,568.55,3.1780538303479458,1.3862943611198906,6.344846575345921,0,At-Risk / Low-Engagement,0.35015525345511006,0
13940,17,4,839.14,2.8903717578961645,1.6094379124341003,6.73356854461668,1,Loyal / High-Value,0.26915994027366286,0
13941,21,5,5112.96,3.091042453358316,1.791759469228055,8.539729334154528,1,Loyal / High-Value,0.1641506414047222,0
13946,79,3,561.5699999999999,4.382026634673881,1.3862943611198906,6.332515570780452,0,At-Risk / Low-Engagement,0.3998766412269735,0
13947,65,1,90.6,4.189654742026425,0.6931471805599453,4.517431271680085,0,At-Risk / Low-Engagement,0.6787583539259588,1
13948,360,1,102.0,5.8888779583328805,0.6931471805599453,4.634728988229636,0,At-Risk / Low-Engagement,0.7249803582823645,1
13949,2,6,2427.32,1.0986122886681096,1.9459101490553132,7.794954939211736,1,Loyal / High-Value,0.12628733810753234,0
13950,11,4,745.06,2.4849066497880004,1.6094379124341003,6.61480602592395,1,Loyal / High-Value,0.26155231645602,0
13951,176,3,674.45,5.176149732573829,1.3862943611198906,6.5153791354156905,0,At-Risk / Low-Engagement,0.42155505361212775,0
13952,217,2,3251.071,5.384495062789089,1.0986122886681096,8.087047303147697,0,At-Risk / Low-Engagement,0.40082266349710804,0
13953,7,7,3515.68,2.0794415416798357,2.0794415416798357,8.16527264169811,1,Loyal / High-Value,0.11940776665199851,0
13954,1,2,439.92,0.6931471805599453,1.0986122886681096,6.088863453095115,1,Loyal / High-Value,0.33434368670525805,0
13955,154,2,322.96,5.043425116919247,1.0986122886681096,5.780620051380789,0,At-Risk / Low-Engagement,0.5370536607054669,1
13956,5,5,1019.27,1.791759469228055,1.791759469228055,6.927822577132249,1,Loyal / High-Value,0.19353762922612455,0
13959,79,3,594.04,4.382026634673881,1.3862943611198906,6.388628630176759,0,At-Risk / Low-Engagement,0.3963219554571431,0
13960,21,2,230.22,3.091042453358316,1.0986122886681096,5.443369638247176,0,At-Risk / Low-Engagement,0.4746565514906139,0
13962,21,2,169.55,3.091042453358316,1.0986122886681096,5.139028508864655,0,At-Risk / Low-Engagement,0.4947501861094323,0
13963,308,4,664.54,5.733341276897746,1.6094379124341003,6.500598741212994,0,At-Risk / Low-Engagement,0.38713203767538135,0
13967,145,1,80.7,4.983606621708336,0.6931471805599453,4.403054001865957,0,At-Risk / Low-Engagement,0.7142695458415307,1
13969,7,18,9024.17,2.0794415416798357,2.9444389791664403,9.107772619588772,1,Loyal / High-Value,0.04187633275565559,0
13971,18,8,2758.26,2.9444389791664403,2.1972245773362196,7.922717806819661,1,Loyal / High-Value,0.12966523119526085,0
13972,70,2,190.25,4.2626798770413155,1.0986122886681096,5.253581472706645,0,At-Risk / Low-Engagement,0.5379807435000238,1
13973,287,1,264.7,5.662960480135946,0.6931471805599453,5.582367852765768,0,At-Risk / Low-Engagement,0.6723357456557271,1
13974,49,1,413.59000000000003,3.912023005428146,0.6931471805599453,6.027290080077415,0,At-Risk / Low-Engagement,0.5746083050811432,1
13975,31,6,2461.2400000000002,3.4657359027997265,1.9459101490553132,7.808826783715542,1,Loyal / High-Value,0.178474950618145,0
13976,206,1,357.98,5.332718793265369,0.6931471805599453,5.8832666766299955,0,At-Risk / Low-Engagement,0.6423353940758703,1
13978,14,2,196.79000000000002,2.70805020110221,1.0986122886681096,5.287205861793318,0,At-Risk / Low-Engagement,0.4683681801189226,0
13979,73,1,869.87,4.304065093204169,0.6931471805599453,6.769492711981713,0,At-Risk / Low-Engagement,0.5430309825106396,1
13980,60,1,200.14,4.110873864173311,0.6931471805599453,5.304001183016334,0,At-Risk / Low-Engagement,0.6286517931040552,1
13982,39,4,1871.81,3.6888794541139363,1.6094379124341003,7.535195255760907,1,Loyal / High-Value,0.25499865527653487,0
13983,29,12,2603.43,3.4011973816621555,2.5649493574615367,7.864969120264265,1,Loyal / High-Value,0.10113184961330683,0
13984,26,5,920.51,3.295836866004329,1.791759469228055,6.8260136289229445,1,Loyal / High-Value,0.24249912380899977,0
13985,4,15,7060.13,1.6094379124341003,2.772588722239781,8.862360374336811,1,Loyal / High-Value,0.04872659070174204,0
13986,17,1,320.46,2.8903717578961645,0.6931471805599453,5.7728731191409945,0,At-Risk / Low-Engagement,0.5474789768397212,1
13988,19,6,4147.96,2.995732273553991,1.9459101490553132,8.330612979409075,1,Loyal / High-Value,0.1485148511325575,0
13989,65,2,1266.08,4.189654742026425,1.0986122886681096,7.144470319606423,0,At-Risk / Low-Engagement,0.4108689009295213,0
13990,213,1,311.3,5.365976015021851,0.6931471805599453,5.7439642642890325,0,At-Risk / Low-Engagement,0.6520629765179654,1
13991,12,6,852.88,2.5649493574615367,1.9459101490553132,6.749790668692898,1,Loyal / High-Value,0.19731086875541906,0
13992,30,1,76.8,3.4339872044851463,0.6931471805599453,4.354141431184346,0,At-Risk / Low-Engagement,0.6592581217077014,1
13993,42,9,3466.36,3.7612001156935624,2.302585092994046,8.151148776464021,1,Loyal / High-Value,0.1267497163069339,0
13994,3,6,2274.14,1.3862943611198906,1.9459101490553132,7.729796867953175,1,Loyal / High-Value,0.13388945034967328,0
13995,15,5,1393.69,2.772588722239781,1.791759469228055,7.240427447338227,1,Loyal / High-Value,0.2075971005499925,0
13999,10,12,3901.81,2.3978952727983707,2.5649493574615367,8.269452085493503,1,Loyal / High-Value,0.07828281069000899,0
14000,211,1,635.66,5.356586274672012,0.6931471805599453,6.456235761113554,0,At-Risk / Low-Engagement,0.6078254503417536,1
14001,45,3,2043.0800000000002,3.828641396489095,1.3862943611198906,7.622703089500935,1,Loyal / High-Value,0.3008629334672776,0
14002,134,2,529.73,4.90527477843843,1.0986122886681096,6.274253417348632,0,At-Risk / Low-Engagement,0.4984966030584551,0
14004,43,7,4582.64,3.784189633918261,2.0794415416798357,8.430248721279204,1,Loyal / High-Value,0.14529294859006092,0
14005,9,5,2874.72,2.302585092994046,1.791759469228055,7.964058356660503,1,Loyal / High-Value,0.1662533479589112,0
14006,115,3,962.19,4.7535901911063645,1.3862943611198906,6.870250692440862,0,At-Risk / Low-Engagement,0.3814007418306991,0
14009,198,2,695.61,5.293304824724492,1.0986122886681096,6.546225713269575,0,At-Risk / Low-Engagement,0.49737004184027944,0
14012,277,1,328.8,5.627621113690637,0.6931471805599453,5.7984864101254985,0,At-Risk / Low-Engagement,0.6590694947598646,1
14013,110,3,473.02,4.709530201312334,1.3862943611198906,6.161249514897758,0,At-Risk / Low-Engagement,0.42462480624454735,0
14014,77,1,505.18,4.356708826689592,0.6931471805599453,6.226892337255411,0,At-Risk / Low-Engagement,0.5805777055399175,1
14015,52,1,917.34,3.970291913552122,0.6931471805599453,6.8225676924206855,0,At-Risk / Low-Engagement,0.5251153515620126,1
14016,161,4,4341.21,5.087596335232384,1.6094379124341003,8.376138714077541,1,Loyal / High-Value,0.2589350690979158,0
14019,46,3,1421.61,3.8501476017100584,1.3862943611198906,7.260248491657529,1,Loyal / High-Value,0.3222104255491098,0
14020,16,2,642.8,2.833213344056216,1.0986122886681096,6.467388118864708,0,At-Risk / Low-Engagement,0.3972421071742927,0
14021,155,3,631.9,5.049856007249537,1.3862943611198906,6.45031243178126,0,At-Risk / Low-Engagement,0.42040116488524787,0
14022,225,1,440.0,5.420534999272286,0.6931471805599453,6.089044875446846,0,At-Risk / Low-Engagement,0.6332917624348532,1
14023,7,2,584.07,2.0794415416798357,1.0986122886681096,6.371731498193053,1,Loyal / High-Value,0.37224383846944864,0
14024,121,2,327.7,4.804021044733257,1.0986122886681096,5.795145480670174,0,At-Risk / Low-Engagement,0.5257433805791042,1
14027,60,1,104.82,4.110873864173311,0.6931471805599453,4.661739537475985,0,At-Risk / Low-Engagement,0.6673527995733959,1
14029,63,2,467.66,4.1588830833596715,1.0986122886681096,6.149877558850261,0,At-Risk / Low-Engagement,0.47432957110838925,0
14030,18,8,2358.84,2.9444389791664403,2.1972245773362196,7.766349099111192,1,Loyal / High-Value,0.134402418011092,0
14031,7,19,17286.86,2.0794415416798357,2.995732273553991,9.757759800051202,1,Loyal / High-Value,0.03527833531931767,0
14032,2,11,2975.59,1.0986122886681096,2.4849066497880004,7.998533628991687,1,Loyal / High-Value,0.07322007279507856,0
14034,22,3,648.89,3.1354942159291497,1.3862943611198906,6.476803117799309,0,At-Risk / Low-Engagement,0.34059692517647294,0
14035,28,5,1428.02,3.367295829986474,1.791759469228055,7.264744173633186,1,Loyal / High-Value,0.22398286252209088,0
14036,284,1,626.65,5.652489180268651,0.6931471805599453,6.441982686264217,0,At-Risk / Low-Engagement,0.620461190195831,1
14037,176,2,147.20000000000002,5.176149732573829,1.0986122886681096,4.998562712861987,0,At-Risk / Low-Engagement,0.5934624241015379,1
14038,78,3,1560.38,4.3694478524670215,1.3862943611198906,7.353325324586606,0,At-Risk / Low-Engagement,0.3366983829974765,0
14039,33,1,152.2,3.5263605246161616,0.6931471805599453,5.0317442573064906,0,At-Risk / Low-Engagement,0.6217286097616456,1
14040,40,12,3560.32,3.713572066704308,2.5649493574615367,8.177886541638598,1,Loyal / High-Value,0.09857287547318962,0
14041,266,1,141.41,5.58724865840025,0.6931471805599453,4.958710221231336,0,At-Risk / Low-Engagement,0.7056096008586022,1
14044,26,4,646.42,3.295836866004329,1.6094379124341003,6.472995233816948,1,Loyal / High-Value,0.2974283102050278,0
14045,109,4,1659.75,4.700480365792417,1.6094379124341003,7.415024586545351,1,Loyal / High-Value,0.2963681694159229,0
14046,284,1,154.99,5.652489180268651,0.6931471805599453,5.049791902630777,0,At-Risk / Low-Engagement,0.7025706112161195,1
14047,8,5,1308.6100000000001,2.1972245773362196,1.791759469228055,7.177484661947137,1,Loyal / High-Value,0.19422848298820483,0
14048,305,1,409.93,5.723585101952381,0.6931471805599453,6.018422883689063,0,At-Risk / Low-Engagement,0.6464533419229106,1
14049,16,4,5578.72,2.833213344056216,1.6094379124341003,8.626893874904868,1,Loyal / High-Value,0.18103249335147037,0
14050,31,2,746.36,3.4657359027997265,1.0986122886681096,6.616546996753798,0,At-Risk / Low-Engagement,0.41422143264822453,0
14051,0,23,15610.390000000001,0.6931471805599453,3.1780538303479458,9.655756055028828,1,Loyal / High-Value,0.02071690571681293,0
14052,19,1,225.36,2.995732273553991,0.6931471805599453,5.422126652274323,0,At-Risk / Low-Engagement,0.574813827849055,1
14053,124,2,260.25,4.8283137373023015,1.0986122886681096,5.565477803279021,0,At-Risk / Low-Engagement,0.5419021991564811,1
14054,65,1,92.46,4.189654742026425,0.6931471805599453,4.53753353727228,0,At-Risk / Low-Engagement,0.6775984365739548,1
14055,106,1,725.6400000000001,4.672828834461906,0.6931471805599453,6.588431169193958,0,At-Risk / Low-Engagement,0.5706416906655698,1
14056,1,23,8152.71,0.6931471805599453,3.1780538303479458,9.006228317380044,1,Loyal / High-Value,0.02704908884542178,0
14057,23,17,6211.66,3.1780538303479458,2.8903717578961645,8.734344424600405,1,Loyal / High-Value,0.05811177645967296,0
14059,266,1,183.6,5.58724865840025,0.6931471805599453,5.218191322068752,0,At-Risk / Low-Engagement,0.6911614017039277,1
14060,4,19,6140.42,1.6094379124341003,2.995732273553991,8.722811264760628,1,Loyal / High-Value,0.04060239092805358,0
14062,9,12,10464.85,2.302585092994046,2.5649493574615367,9.255872854706382,1,Loyal / High-Value,0.06046891357383718,0
14064,29,5,1334.34,3.4011973816621555,1.791759469228055,7.1969412200564244,1,Loyal / High-Value,0.22814924908734435,0
14066,266,1,152.55,5.58724865840025,0.6931471805599453,5.034026246886832,0,At-Risk / Low-Engagement,0.7014565616374487,1
14067,63,2,374.7,4.1588830833596715,1.0986122886681096,5.928790952579924,0,At-Risk / Low-Engagement,0.4889213332942468,0
14068,320,1,265.85,5.771441123130016,0.6931471805599453,5.586686702779954,0,At-Risk / Low-Engagement,0.6720841564212335,1
14071,3,8,1437.57,1.3862943611198906,2.1972245773362196,7.271404843608142,1,Loyal / High-Value,0.11895497927253915,0
14073,32,1,151.04,3.4965075614664802,0.6931471805599453,5.024143644121048,0,At-Risk / Low-Engagement,0.6209814472369359,1
14075,4,3,942.26,1.6094379124341003,1.3862943611198906,6.849341960431477,1,Loyal / High-Value,0.2642127950930074,0
14076,129,1,118.67,4.867534450455582,0.6931471805599453,4.784737954585425,0,At-Risk / Low-Engagement,0.688934479936845,1
14077,40,5,499.41999999999996,3.713572066704308,1.791759469228055,6.2154477458196355,0,At-Risk / Low-Engagement,0.2880136483392343,0
14078,101,6,1049.37,4.624972813284271,1.9459101490553132,6.956897762032364,1,Loyal / High-Value,0.24971433220433598,0
14079,124,1,375.1,4.8283137373023015,0.6931471805599453,5.929855065476291,0,At-Risk / Low-Engagement,0.6190665384653948,1
14080,32,1,45.599999999999994,3.4965075614664802,0.6931471805599453,3.9740583963475986,0,At-Risk / Low-Engagement,0.6874467160818432,1
14081,302,2,921.62,5.713732805509369,1.0986122886681096,6.827217448755657,0,At-Risk / Low-Engagement,0.4939355507667534,0
14082,364,1,182.25,5.8998973535824915,0.6931471805599453,5.2108513407667605,0,At-Risk / Low-Engagement,0.6935967495407552,1
14083,4,9,1002.9,1.6094379124341003,2.302585092994046,6.911647693697481,1,Loyal / High-Value,0.1217403803839277,0
14085,2,18,4421.29,1.0986122886681096,2.9444389791664403,8.394412940452025,1,Loyal / High-Value,0.04261414420693852,0
14087,2,1,191.47,1.0986122886681096,0.6931471805599453,5.259940297427033,0,At-Risk / Low-Engagement,0.5037217234441587,1
14088,10,13,50491.81,2.3978952727983707,2.639057329615259,9.892501674765558,1,Loyal / High-Value,0.05269264600183031,0
14089,56,1,158.75,4.04305126783455,0.6931471805599453,5.073610093257644,0,At-Risk / Low-Engagement,0.6400468029348587,1
14090,324,1,76.32000000000001,5.783825182329737,0.6931471805599453,4.34795265434013,0,At-Risk / Low-Engagement,0.7398365191050389,1
14092,7,14,4076.91,2.0794415416798357,2.70805020110221,8.313339881248881,1,Loyal / High-Value,0.06422938317476007,0
14093,12,1,433.86,2.5649493574615367,0.6931471805599453,6.075024140206913,0,At-Risk / Low-Engagement,0.5135181088958821,1
14096,4,17,65164.79,1.6094379124341003,2.8903717578961645,9.892501674765558,1,Loyal / High-Value,0.03617127368334878,0
14098,36,1,147.35,3.6109179126442243,0.6931471805599453,4.99957434673683,0,At-Risk / Low-Engagement,0.6271672915266374,1
14099,16,11,3104.17,2.833213344056216,2.4849066497880004,8.040823743271407,1,Loyal / High-Value,0.09550961915286989,0
14100,137,1,191.95000000000002,4.927253685157205,0.6931471805599453,5.262431087983628,0,At-Risk / Low-Engagement,0.663565540321896,1
14101,73,6,5976.79,4.304065093204169,1.9459101490553132,8.695806213421232,1,Loyal / High-Value,0.1658123362413801,0
14102,5,5,1105.8799999999999,1.791759469228055,1.791759469228055,7.009300525748804,1,Loyal / High-Value,0.19019768961320022,0
14104,154,2,216.20999999999998,5.043425116919247,1.0986122886681096,5.380864627515602,0,At-Risk / Low-Engagement,0.5632033266617541,1
14105,239,1,1266.23,5.480638923341991,0.6931471805599453,7.144588695022355,0,At-Risk / Low-Engagement,0.5689927779049813,1
14107,51,7,2703.23,3.9512437185814275,2.0794415416798357,7.902572492717126,1,Loyal / High-Value,0.16749498381129183,0
14108,30,2,597.91,3.4339872044851463,1.0986122886681096,6.395111336409363,0,At-Risk / Low-Engagement,0.42714401101720606,0
14109,72,1,144.2,4.290459441148391,0.6931471805599453,4.978112102390695,0,At-Risk / Low-Engagement,0.65560901234213,1
14110,3,12,5683.15,1.3862943611198906,2.5649493574615367,8.645436878735076,1,Loyal / High-Value,0.060596002998190596,0
14111,14,4,692.85,2.70805020110221,1.6094379124341003,6.54225579881702,1,Loyal / High-Value,0.27289622822100135,0
14112,22,7,2915.15,3.1354942159291497,2.0794415416798357,7.978019532134758,1,Loyal / High-Value,0.1461503073949553,0
14113,3,4,1840.42,1.3862943611198906,1.6094379124341003,7.518292292095946,1,Loyal / High-Value,0.18730853868846178,0
14114,273,2,386.53,5.6131281063880705,1.0986122886681096,5.959793265151517,0,At-Risk / Low-Engagement,0.5498511210711583,1
14116,19,5,1382.74,2.995732273553991,1.791759469228055,7.2325452572578,1,Loyal / High-Value,0.21439581358545168,0
14117,143,1,90.0,4.969813299576001,0.6931471805599453,4.51085950651685,0,At-Risk / Low-Engagement,0.7079223005330849,1
14121,3,4,2780.15,1.3862943611198906,1.6094379124341003,7.930619790211972,1,Loyal / High-Value,0.17127695714649468,0
14124,84,1,419.58000000000004,4.442651256490317,0.6931471805599453,6.041634711020558,0,At-Risk / Low-Engagement,0.5960541055991002,1
14125,10,3,2720.63,2.3978952727983707,1.3862943611198906,7.908986244508535,1,Loyal / High-Value,0.23732807234820552,0
14126,7,3,706.1300000000001,2.0794415416798357,1.3862943611198906,6.56121452452395,1,Loyal / High-Value,0.29600870115729006,0
14127,122,3,709.71,4.812184355372417,1.3862943611198906,6.566264470368445,0,At-Risk / Low-Engagement,0.4029801799585033,0
14128,60,2,637.5,4.110873864173311,1.0986122886681096,6.459121675472594,0,At-Risk / Low-Engagement,0.45193197625968357,0
14129,1,5,1123.8600000000001,0.6931471805599453,1.791759469228055,7.025413862450224,1,Loyal / High-Value,0.1619481441132513,0
14130,319,1,480.91,5.768320995793772,0.6931471805599453,6.177757374624178,0,At-Risk / Low-Engagement,0.6367674432450918,1
14132,2,11,3586.0299999999997,1.0986122886681096,2.4849066497880004,8.185079841032296,1,Loyal / High-Value,0.06994301548569447,0
14133,129,3,605.64,4.867534450455582,1.3862943611198906,6.4079355343926805,0,At-Risk / Low-Engagement,0.4154231281773193,0
14135,1,15,4690.31,0.6931471805599453,2.772588722239781,8.453467140135627,1,Loyal / High-Value,0.04641415232036209,0
14138,1,2,965.8800000000001,0.6931471805599453,1.0986122886681096,6.874074392613249,1,Loyal / High-Value,0.289832943177209,0
14139,46,1,415.82,3.8501476017100584,0.6931471805599453,6.032654473932845,0,At-Risk / Low-Engagement,0.5716320221079706,1
14140,3,2,935.05,1.3862943611198906,1.0986122886681096,6.841668893854277,1,Loyal / High-Value,0.31707737370806544,0
14141,2,4,915.13,1.0986122886681096,1.6094379124341003,6.820158276001622,1,Loyal / High-Value,0.20866499075104566,0
14142,373,1,311.81,5.912501651847105,0.6931471805599453,5.745595977469612,0,At-Risk / Low-Engagement,0.6627592305880192,1
14143,133,1,115.8,4.897839799950911,0.6931471805599453,4.760463070394127,0,At-Risk / Low-Engagement,0.6914323157313927,1
14145,46,4,3742.2,3.8501476017100584,1.6094379124341003,8.227696139552007,1,Loyal / High-Value,0.226672171716607,0
14146,8,5,4191.0,2.1972245773362196,1.791759469228055,8.340933226000878,1,Loyal / High-Value,0.15054233666556655,0
14147,78,2,483.4,4.3694478524670215,1.0986122886681096,6.182911011678937,0,At-Risk / Low-Engagement,0.48127565520142995,0
14148,233,1,157.2,5.455321115357702,0.6931471805599453,5.063860055333554,0,At-Risk / Low-Engagement,0.6949664307348858,1
14149,220,1,446.62,5.3981627015177525,0.6931471805599453,6.103944658191983,0,At-Risk / Low-Engagement,0.6314726501708217,1
14150,35,2,658.64,3.58351893845611,1.0986122886681096,6.49169423166057,0,At-Risk / Low-Engagement,0.4272511533522333,0
14152,75,2,621.29,4.330733340286331,1.0986122886681096,6.433406222026163,0,At-Risk / Low-Engagement,0.4630967685368969,0
14154,239,2,1345.62,5.480638923341991,1.0986122886681096,7.205353028221294,0,At-Risk / Low-Engagement,0.462013375499674,0
14155,266,1,118.75,5.58724865840025,0.6931471805599453,4.785406236291025,0,At-Risk / Low-Engagement,0.7150365796493289,1
14156,9,55,117210.08,2.302585092994046,3.4339872044851463,9.892501674765558,1,Loyal / High-Value,0.030592346177563453,0
14157,19,2,424.89000000000004,2.995732273553991,1.0986122886681096,6.054181096963448,0,At-Risk / Low-Engagement,0.4305764885706844,0
14158,40,1,507.66,3.713572066704308,0.6931471805599453,6.231779816930511,0,At-Risk / Low-Engagement,0.5528387264495493,1
14159,19,11,4630.35,2.995732273553991,2.4849066497880004,8.44060368125393,1,Loyal / High-Value,0.089024097372163,0
14161,215,3,1097.6200000000001,5.375278407684165,1.3862943611198906,7.001810125730978,0,At-Risk / Low-Engagement,0.39881443059956173,0
14162,173,2,289.36,5.159055299214529,1.0986122886681096,5.67112153241664,0,At-Risk / Low-Engagement,0.549219957134771,1
14163,87,4,2445.91,4.477336814478207,1.6094379124341003,7.802581283035999,1,Loyal / High-Value,0.26778858775272113,0
14164,70,2,1631.77,4.2626798770413155,1.0986122886681096,7.398033237980444,0,At-Risk / Low-Engagement,0.39777922494572115,0
14165,275,1,120.44,5.62040086571715,0.6931471805599453,4.79942031364732,0,At-Risk / Low-Engagement,0.7154547536321956,1
14167,39,4,562.59,3.6888794541139363,1.6094379124341003,6.334327036786916,0,At-Risk / Low-Engagement,0.31980977731710253,0
14171,98,1,363.79,4.59511985013459,0.6931471805599453,5.899321845543751,0,At-Risk / Low-Engagement,0.6113895613315266,1
14173,10,4,450.84,2.3978952727983707,1.6094379124341003,6.1133281348648225,1,Loyal / High-Value,0.28486624893018303,0
14174,33,1,134.46,3.5263605246161616,0.6931471805599453,4.908676393786758,0,At-Risk / Low-Engagement,0.6293497056850434,1
14175,59,3,3222.3,4.0943445622221,1.3862943611198906,8.078160958464125,1,Loyal / High-Value,0.28547682415510034,0
14176,297,4,576.9000000000001,5.697093486505405,1.6094379124341003,6.359400843323733,0,At-Risk / Low-Engagement,0.39602528858529074,0
14177,86,4,549.46,4.465908118654584,1.6094379124341003,6.310754292305705,0,At-Risk / Low-Engagement,0.35127211684518467,0
14178,8,7,1600.26,2.1972245773362196,2.0794415416798357,7.378546098312443,1,Loyal / High-Value,0.14559201441344716,0
14179,40,2,701.57,3.713572066704308,1.0986122886681096,6.554745040371868,0,At-Risk / Low-Engagement,0.42870037436498176,0
14180,10,25,4748.52,2.3978952727983707,3.258096538021482,8.465798839290947,1,Loyal / High-Value,0.04133999190787575,0
14184,66,1,452.89,4.204692619390966,0.6931471805599453,6.1178548779353035,0,At-Risk / Low-Engagement,0.5811676853817803,1
14185,331,1,197.65,5.805134968916488,0.6931471805599453,5.291544482260608,0,At-Risk / Low-Engagement,0.6890443420413762,1
14188,30,6,2054.36,3.4339872044851463,1.9459101490553132,7.628206294069428,1,Loyal / High-Value,0.18475218676503405,0
14189,2,15,4654.08,1.0986122886681096,2.772588722239781,8.44571437538519,1,Loyal / High-Value,0.04972940992655317,0
14191,1,13,4684.76,0.6931471805599453,2.639057329615259,8.452283401366893,1,Loyal / High-Value,0.05285014415350028,0
14193,67,2,853.39,4.219507705176107,1.0986122886681096,6.750387764017587,0,At-Risk / Low-Engagement,0.4375766086121367,0
14194,4,21,11349.52,1.6094379124341003,3.091042453358316,9.337018836838048,1,Loyal / High-Value,0.031610103076374664,0
14195,201,2,1012.0,5.308267697401205,1.0986122886681096,6.920671504248683,0,At-Risk / Low-Engagement,0.47329648477385583,0
14196,106,1,335.52,4.672828834461906,0.6931471805599453,5.818657582682613,0,At-Risk / Low-Engagement,0.619630443184463,1
14198,18,4,701.4,2.9444389791664403,1.6094379124341003,6.554503042320907,1,Loyal / High-Value,0.2804648064849121,0
14199,218,1,185.39999999999998,5.389071729816501,0.6931471805599453,5.2278949022514904,0,At-Risk / Low-Engagement,0.6832110149126965,1
14201,60,7,747.44,4.110873864173311,2.0794415416798357,6.617991040326031,1,Loyal / High-Value,0.2251074951362227,0
14204,2,1,150.61,1.0986122886681096,0.6931471805599453,5.021311434093491,0,At-Risk / Low-Engagement,0.519483901471068,1
14205,16,2,466.7,2.833213344056216,1.0986122886681096,6.147827064731841,0,At-Risk / Low-Engagement,0.41763606739040604,0
14206,239,1,328.15999999999997,5.480638923341991,0.6931471805599453,5.796543954737512,0,At-Risk / Low-Engagement,0.6534263714655172,1
14208,94,1,151.74,4.553876891600541,0.6931471805599453,5.0287371294602385,0,At-Risk / Low-Engagement,0.6628801746848608,1
14209,10,6,2073.43,2.3978952727983707,1.9459101490553132,7.637441696132993,1,Loyal / High-Value,0.15884101786313287,0
14210,105,6,1905.8400000000001,4.663439094112067,1.9459101490553132,7.553202700664662,1,Loyal / High-Value,0.22250902209145737,0
14211,53,9,2241.1,3.9889840465642745,2.302585092994046,7.715168205670426,1,Loyal / High-Value,0.1448992088317246,0
14212,89,1,1070.48,4.499809670330265,0.6931471805599453,6.976796149317125,0,At-Risk / Low-Engagement,0.5378632230811713,1
14214,30,5,1004.38,3.4339872044851463,1.791759469228055,6.913120858480547,1,Loyal / High-Value,0.24267664627208888,0
14215,11,6,1789.72,2.4849066497880004,1.9459101490553132,7.490373052597007,1,Loyal / High-Value,0.16618882059607998,0
14216,3,4,1839.3,1.3862943611198906,1.6094379124341003,7.517683880791149,1,Loyal / High-Value,0.1873330251277094,0
14217,1,17,2004.98,0.6931471805599453,2.8903717578961645,7.603887998382448,1,Loyal / High-Value,0.05125851526666459,0
14218,42,1,169.48000000000002,3.7612001156935624,0.6931471805599453,5.1386179877903615,0,At-Risk / Low-Engagement,0.6246719219375451,1
14219,4,1,89.94,1.6094379124341003,0.6931471805599453,4.510199948396864,0,At-Risk / Low-Engagement,0.5748888937555909,1
14220,247,2,632.4,5.5134287461649825,1.0986122886681096,6.45110213410454,0,At-Risk / Low-Engagement,0.5132123714417399,1
14221,42,9,3432.8,3.7612001156935624,2.302585092994046,8.141422798643111,1,Loyal / High-Value,0.1270345943811661,0
14222,177,1,683.17,5.181783550292085,0.6931471805599453,6.528206424753791,0,At-Risk / Low-Engagement,0.5959918468412152,1
14223,92,3,991.13,4.532599493153256,1.3862943611198906,6.89985414708588,0,At-Risk / Low-Engagement,0.37055950147455663,0
14224,110,4,1009.73,4.709530201312334,1.6094379124341003,6.918428121038441,0,At-Risk / Low-Engagement,0.3248015349570505,0
14226,28,5,2214.79,3.367295829986474,1.791759469228055,7.703364278033695,1,Loyal / High-Value,0.2044734611218818,0
14227,26,10,3350.96,3.295836866004329,2.3978952727983707,8.117300528356548,1,Loyal / High-Value,0.10917605152444648,0
14229,51,3,1547.2,3.9512437185814275,1.3862943611198906,7.344848244770613,1,Loyal / High-Value,0.3211615513696421,0
14231,183,3,925.71,5.214935757608986,1.3862943611198906,6.831640679513165,0,At-Risk / Low-Engagement,0.4029307345537773,0
14232,42,5,2048.07,3.7612001156935624,1.791759469228055,7.625141310661702,1,Loyal / High-Value,0.21934823905348594,0
14233,49,4,1462.72,3.912023005428146,1.6094379124341003,7.288736419398736,1,Loyal / High-Value,0.27523702610951684,0
14234,22,4,754.12,3.1354942159291497,1.6094379124341003,6.626876677016689,1,Loyal / High-Value,0.2833089683802366,0
14235,75,5,3144.86,4.330733340286331,1.791759469228055,8.053842581674434,1,Loyal / High-Value,0.21688961127014886,0
14236,80,2,490.86,4.394449154672439,1.0986122886681096,6.198194123153937,0,At-Risk / Low-Engagement,0.48135104217586794,0
14237,373,1,161.0,5.912501651847105,0.6931471805599453,5.087596335232384,0,At-Risk / Low-Engagement,0.7004778659170006,1
14238,326,1,146.85,5.7899601708972535,0.6931471805599453,4.996198246298486,0,At-Risk / Low-Engagement,0.7055228978212363,1
14239,43,11,2380.85,3.784189633918261,2.4849066497880004,7.775632775640216,1,Loyal / High-Value,0.11785934592842151,0
14240,30,2,890.34,3.4339872044851463,1.0986122886681096,6.792725948397371,0,At-Risk / Low-Engagement,0.40164077403266496,0
14241,183,1,213.70000000000002,5.214935757608986,0.6931471805599453,5.369241704884735,0,At-Risk / Low-Engagement,0.6683991285207768,1
14242,234,2,280.55,5.459585514144159,1.0986122886681096,5.640310051700627,0,At-Risk / Low-Engagement,0.5641112283012429,1
14243,8,10,2588.77,2.1972245773362196,2.3978952727983707,7.859324347661553,1,Loyal / High-Value,0.09780986633085031,0
14245,219,2,1693.45,5.393627546352361,1.0986122886681096,7.435113483382488,0,At-Risk / Low-Engagement,0.4432219175936722,0
14246,110,3,1474.06,4.709530201312334,1.3862943611198906,7.296453945912695,0,At-Risk / Low-Engagement,0.3534432552124347,0
14247,278,1,136.76999999999998,5.631211781821365,0.6931471805599453,4.925585628056507,0,At-Risk / Low-Engagement,0.709003381819719,1
14248,318,1,302.58,5.765191102784844,0.6931471805599453,5.715645167198713,0,At-Risk / Low-Engagement,0.6645267576166186,1
14250,7,3,1904.05,2.0794415416798357,1.3862943611198906,7.552263533935522,1,Loyal / High-Value,0.24445881323786092,0
14251,1,5,2879.7000000000003,0.6931471805599453,1.791759469228055,7.965788599152331,1,Loyal / High-Value,0.13096912999246185,0
14256,260,2,969.0600000000001,5.564520407322694,1.0986122886681096,6.8773579252545485,0,At-Risk / Low-Engagement,0.48726369839262723,0
14257,64,5,3099.7200000000003,4.174387269895637,1.791759469228055,8.039389621570026,1,Loyal / High-Value,0.21295243996695049,0
14258,9,9,12669.98,2.302585092994046,2.302585092994046,9.447069618390275,1,Loyal / High-Value,0.07405782694172203,0
14259,141,1,120.0,4.955827057601261,0.6931471805599453,4.795790545596741,0,At-Risk / Low-Engagement,0.6915884745073267,1
14261,50,2,1163.45,3.9318256327243257,1.0986122886681096,7.060004151519799,0,At-Risk / Low-Engagement,0.4054455000850711,0
14262,8,8,2618.23,2.1972245773362196,2.1972245773362196,7.870635660430322,1,Loyal / High-Value,0.11712559964123154,0
14264,154,2,333.97,5.043425116919247,1.0986122886681096,5.814040975576219,0,At-Risk / Low-Engagement,0.534856157996387,1
14265,109,2,530.18,4.700480365792417,1.0986122886681096,6.275100946851013,0,At-Risk / Low-Engagement,0.48954943350675095,0
14267,162,3,1516.24,5.093750200806762,1.3862943611198906,7.3246481738226015,0,At-Risk / Low-Engagement,0.36710494552610473,0
14270,331,1,492.65000000000003,5.805134968916488,0.6931471805599453,6.201826764057459,0,At-Risk / Low-Engagement,0.6352943487609489,1
14271,225,1,112.32,5.420534999272286,0.6931471805599453,4.730215674962316,0,At-Risk / Low-Engagement,0.7121004879131472,1
14272,73,2,437.96,4.304065093204169,1.0986122886681096,6.0844082927507195,0,At-Risk / Low-Engagement,0.4849428277887343,0
14273,51,4,559.97,3.9512437185814275,1.6094379124341003,6.329667428156979,0,At-Risk / Low-Engagement,0.33007535469443483,0
14276,98,3,1119.74,4.59511985013459,1.3862943611198906,7.021744460399267,0,At-Risk / Low-Engagement,0.36558995995568666,0
14277,15,3,4188.0,2.772588722239781,1.3862943611198906,8.340217320947035,1,Loyal / High-Value,0.22858619572311936,0
14280,196,1,134.04,5.2832037287379885,0.6931471805599453,4.905571030847647,0,At-Risk / Low-Engagement,0.6974943856717896,1
14282,3,15,3701.44,1.3862943611198906,2.772588722239781,8.216747340743936,1,Loyal / High-Value,0.05521883111698251,0
14284,30,2,595.25,3.4339872044851463,1.0986122886681096,6.390660042202551,0,At-Risk / Low-Engagement,0.4274319937917152,0
14285,21,4,1910.01,3.091042453358316,1.6094379124341003,7.555387177088957,1,Loyal / High-Value,0.23481778577136886,0
14286,23,3,4628.75,3.1780538303479458,1.3862943611198906,8.440258149942116,1,Loyal / High-Value,0.23643319416926942,0
14287,8,3,176.63,2.1972245773362196,1.3862943611198906,5.179702735211794,0,At-Risk / Low-Engagement,0.3820915988869881,0
14288,213,1,426.6,5.365976015021851,0.6931471805599453,6.05818817915089,0,At-Risk / Low-Engagement,0.6329854994605495,1
14289,8,6,911.26,2.1972245773362196,1.9459101490553132,6.815925037163848,1,Loyal / High-Value,0.18474244671137227,0
14290,11,5,2314.65,2.4849066497880004,1.791759469228055,7.747445704647496,1,Loyal / High-Value,0.17894934361622686,0
14291,1,11,3883.25,0.6931471805599453,2.4849066497880004,8.264685193972111,1,Loyal / High-Value,0.06422178999860309,0
14292,7,9,4871.93,2.0794415416798357,2.302585092994046,8.491450677872692,1,Loyal / High-Value,0.09012744071509506,0
14293,3,4,1046.56,1.3862943611198906,1.6094379124341003,6.954218929392177,1,Loyal / High-Value,0.21107354823306113,0
14295,40,1,166.20000000000002,3.713572066704308,0.6931471805599453,5.119190700650601,0,At-Risk / Low-Engagement,0.6239362891433062,1
14297,17,4,1305.33,2.8903717578961645,1.6094379124341003,7.174976957856922,1,Loyal / High-Value,0.24683077050793917,0
14298,8,44,51527.3,2.1972245773362196,3.4339872044851463,9.892501674765558,1,Loyal / High-Value,0.03005426914893041,0
14299,8,9,3965.62,2.1972245773362196,2.302585092994046,8.285669625656425,1,Loyal / High-Value,0.09645769245574355,0
14300,18,1,43.2,2.9444389791664403,0.6931471805599453,3.9740583963475986,0,At-Risk / Low-Engagement,0.6664829853487994,1
14301,117,1,640.14,4.770684624465665,0.6931471805599453,6.463247841809304,0,At-Risk / Low-Engagement,0.5828689207779547,1
14304,222,1,383.45,5.407171771460119,0.6931471805599453,5.9518137414781895,0,At-Risk / Low-Engagement,0.6411420386275304,1
14305,71,3,1858.96,4.276666119016055,1.3862943611198906,7.528310261099659,1,Loyal / High-Value,0.32291242398629527,0
14306,51,2,2093.32,3.9512437185814275,1.0986122886681096,7.646984197329087,0,At-Risk / Low-Engagement,0.3694360153430215,0
14307,88,6,2995.72,4.48863636973214,1.9459101490553132,8.005273636192019,1,Loyal / High-Value,0.19766019185068112,0
14309,8,9,2352.53,2.1972245773362196,2.302585092994046,7.763671607732549,1,Loyal / High-Value,0.10917320973704357,0
14311,242,1,310.26,5.493061443340548,0.6931471805599453,5.740628575776864,0,At-Risk / Low-Engagement,0.6572526615643948,1
14312,46,6,1611.59,3.8501476017100584,1.9459101490553132,7.385596861065875,1,Loyal / High-Value,0.20618875560871427,0
14314,106,1,120.0,4.672828834461906,0.6931471805599453,4.795790545596741,0,At-Risk / Low-Engagement,0.681006732983734,1
14315,44,6,2481.13,3.8066624897703196,1.9459101490553132,7.816872341508149,1,Loyal / High-Value,0.1869994987902956,0
14317,64,1,508.58000000000004,4.174387269895637,0.6931471805599453,6.233586857019973,0,At-Risk / Low-Engagement,0.5724142583151539,1
14320,206,2,477.79,5.332718793265369,1.0986122886681096,6.17126208791851,0,At-Risk / Low-Engagement,0.5238462783058156,1
14321,10,5,1530.75,2.3978952727983707,1.791759469228055,7.334166151605764,1,Loyal / High-Value,0.19320255103663483,0
14323,114,2,605.0600000000001,4.74493212836325,1.0986122886681096,6.406978991069148,0,At-Risk / Low-Engagement,0.4827685695522727,0
14326,242,1,183.85,5.493061443340548,0.6931471805599453,5.219544685382641,0,At-Risk / Low-Engagement,0.687581647826725,1
14327,163,1,311.65,5.099866427824199,0.6931471805599453,5.745084354013307,0,At-Risk / Low-Engagement,0.6414361796688254,1
14329,17,7,4975.24,2.8903717578961645,2.0794415416798357,8.512429864767167,1,Loyal / High-Value,0.12466456793050687,0
14331,124,2,462.65999999999997,4.8283137373023015,1.0986122886681096,6.139151525006747,0,At-Risk / Low-Engagement,0.5040841220078491,1
14332,22,3,840.21,3.1354942159291497,1.3862943611198906,6.734841331537249,1,Loyal / High-Value,0.32544613769355135,0
14333,67,1,415.2,4.219507705176107,0.6931471805599453,6.031165913959534,0,At-Risk / Low-Engagement,0.5873595371740027,1
14334,16,8,2552.21,2.833213344056216,2.1972245773362196,7.845106670027843,1,Loyal / High-Value,0.1298006949252945,0
14335,16,2,454.86,2.833213344056216,1.0986122886681096,6.1221857448309915,0,At-Risk / Low-Engagement,0.41928573701835237,0
14336,16,4,1614.91,2.833213344056216,1.6094379124341003,7.387653544460817,1,Loyal / High-Value,0.2347392050696513,0
14338,161,2,588.22,5.087596335232384,1.0986122886681096,6.3787996283436765,0,At-Risk / Low-Engagement,0.49950354655081763,0
14339,242,1,309.52,5.493061443340548,0.6931471805599453,5.73824831153748,0,At-Risk / Low-Engagement,0.6573944079106236,1
14340,218,1,134.7,5.389071729816501,0.6931471805599453,4.9104465668408235,0,At-Risk / Low-Engagement,0.7010900186975876,1
14341,45,8,2166.98,3.828641396489095,2.1972245773362196,7.6815511374247345,1,Loyal / High-Value,0.15622531224784836,0
14342,21,4,668.5600000000001,3.091042453358316,1.6094379124341003,6.506620780234419,1,Loyal / High-Value,0.28822206782991955,0
14344,127,8,889.9300000000001,4.852030263919617,2.1972245773362196,6.7922658609726465,1,Loyal / High-Value,0.21861978731607556,0
14345,38,1,108.97999999999999,3.6635616461296463,0.6931471805599453,4.700298531079668,0,At-Risk / Low-Engagement,0.6475640356310749,1
14346,120,2,1021.58,4.795790545596741,1.0986122886681096,6.9300841244652,0,At-Risk / Low-Engagement,0.45055803158551283,0
14348,260,1,409.57,5.564520407322694,0.6931471805599453,6.017546438106483,0,At-Risk / Low-Engagement,0.643428471461226,1
14349,10,1,133.5,2.3978952727983707,0.6931471805599453,4.901564199041894,0,At-Risk / Low-Engagement,0.5830497376718782,1
14350,274,1,282.93,5.616771097666572,0.6931471805599453,5.6487277289070565,0,At-Risk / Low-Engagement,0.6674908936033954,1
14351,164,1,51.0,5.10594547390058,0.6931471805599453,3.9740583963475986,0,At-Risk / Low-Engagement,0.7420993388916955,1
14352,157,4,1078.96,5.062595033026967,1.6094379124341003,6.984679282395341,0,At-Risk / Low-Engagement,0.33448172041461804,0
14353,215,1,90.6,5.375278407684165,0.6931471805599453,4.517431271680085,0,At-Risk / Low-Engagement,0.72191933528749,1
14354,5,2,163.62,1.791759469228055,1.0986122886681096,5.103639787544498,0,At-Risk / Low-Engagement,0.44094784775479046,0
14355,365,1,174.4,5.902633333401366,0.6931471805599453,5.1670690799380825,0,At-Risk / Low-Engagement,0.6960511470044282,1
14356,79,2,701.23,4.382026634673881,1.0986122886681096,6.5542609856927125,0,At-Risk / Low-Engagement,0.4573727510750963,0
14357,43,1,225.12,3.784189633918261,0.6931471805599453,5.42106583180709,0,At-Risk / Low-Engagement,0.6079602993314773,1
14359,19,3,912.18,2.995732273553991,1.3862943611198906,6.816933013408364,1,Loyal / High-Value,0.31543458191881285,0
14360,31,4,2118.03,3.4657359027997265,1.6094379124341003,7.658713715789601,1,Loyal / High-Value,0.24167084118052437,0
14362,22,1,151.5,3.1354942159291497,0.6931471805599453,5.0271645960474665,0,At-Risk / Low-Engagement,0.6059245483375593,1
14364,108,8,3717.35,4.6913478822291435,2.1972245773362196,8.221035300483413,1,Loyal / High-Value,0.15717890214544694,0
14367,8,16,9227.82,2.1972245773362196,2.833213344056216,9.13008647533716,1,Loyal / High-Value,0.047328694217456786,0
14368,319,1,155.0,5.768320995793772,0.6931471805599453,5.049856007249537,0,At-Risk / Low-Engagement,0.7025670697106593,1
14371,295,1,100.5,5.69035945432406,0.6931471805599453,4.620058798481842,0,At-Risk / Low-Engagement,0.7257529847738308,1
14373,358,1,76.55,5.883322388488279,0.6931471805599453,4.350922889622548,0,At-Risk / Low-Engagement,0.7396853448019446,1
14375,185,1,235.56,5.225746673713202,0.6931471805599453,5.466201875544222,0,At-Risk / Low-Engagement,0.6631128485201315,1
14377,191,2,617.05,5.2574953720277815,1.0986122886681096,6.426569360333832,0,At-Risk / Low-Engagement,0.5037236045644085,1
14379,44,2,348.1,3.8066624897703196,1.0986122886681096,5.855358414110991,0,At-Risk / Low-Engagement,0.47849199123858244,0
14381,52,1,202.68,3.970291913552122,0.6931471805599453,5.316550134809097,0,At-Risk / Low-Engagement,0.6221542575394693,1
14382,26,1,615.49,3.295836866004329,0.6931471805599453,6.424042101872681,0,At-Risk / Low-Engagement,0.5221756983680551,1
14383,38,3,1247.69,3.6635616461296463,1.3862943611198906,7.129850280760371,1,Loyal / High-Value,0.3226618290818012,0
14385,9,3,202.11,2.302585092994046,1.3862943611198906,5.3137477042033945,0,At-Risk / Low-Engagement,0.3780535377702469,0
14386,296,1,142.4,5.6937321388027,0.6931471805599453,4.96563792816552,0,At-Risk / Low-Engagement,0.7071986926650601,1
14387,32,3,1727.6,3.4965075614664802,1.3862943611198906,7.455067111318538,1,Loyal / High-Value,0.29805831044532144,0
14388,10,8,3212.84,2.3978952727983707,2.1972245773362196,8.07522176285542,1,Loyal / High-Value,0.11515132988214868,0
14389,65,2,1043.46,4.189654742026425,1.0986122886681096,6.9512552844279885,0,At-Risk / Low-Engagement,0.4232873216563722,0
14390,10,9,4642.57,2.3978952727983707,2.302585092994046,8.443238745938231,1,Loyal / High-Value,0.09586639674142712,0
14393,218,1,67.95,5.389071729816501,0.6931471805599453,4.233381604239311,0,At-Risk / Low-Engagement,0.7372054479420306,1
14395,2,9,3479.91,1.0986122886681096,2.302585092994046,8.15504903283773,1,Loyal / High-Value,0.08366946538881762,0
14396,65,2,487.99,4.189654742026425,1.0986122886681096,6.19234203936802,0,At-Risk / Low-Engagement,0.4728631976056336,0
14397,2,19,2612.96,1.0986122886681096,2.995732273553991,7.868621591848266,1,Loyal / High-Value,0.04629255060063322,0
14400,149,1,574.7,5.0106352940962555,0.6931471805599453,6.355586691681764,0,At-Risk / Low-Engagement,0.5998168113181805,1
14401,4,13,4051.48,1.6094379124341003,2.639057329615259,8.307084318372484,1,Loyal / High-Value,0.06365778761403396,0
14403,130,4,1475.81,4.875197323201151,1.6094379124341003,7.297639635123279,0,At-Risk / Low-Engagement,0.3093259635454958,0
14404,33,6,1449.32,3.5263605246161616,1.9459101490553132,7.2795395007214125,1,Loyal / High-Value,0.20161145047166162,0
14406,119,1,156.75,4.787491742782046,0.6931471805599453,5.061011501421323,0,At-Risk / Low-Engagement,0.6700032400173341,1
14407,107,6,2157.73,4.68213122712422,1.9459101490553132,7.677275364797242,1,Loyal / High-Value,0.2174379513479667,0
14408,10,7,2599.03,2.3978952727983707,2.0794415416798357,7.8632782624045445,1,Loyal / High-Value,0.13436562370200825,0
14409,71,6,2059.4500000000003,4.276666119016055,1.9459101490553132,7.630679684529584,1,Loyal / High-Value,0.2077130645851506,0
14410,92,9,1100.27,4.532599493153256,2.302585092994046,7.004219338265954,1,Loyal / High-Value,0.18350150441456645,0
14411,310,1,1063.0,5.739792912179234,0.6931471805599453,6.96979066990159,0,At-Risk / Low-Engagement,0.5870942582984601,1
14412,42,2,770.03,3.7612001156935624,1.0986122886681096,6.647727283312172,0,At-Risk / Low-Engagement,0.42471055570006117,0
14413,362,1,121.05,5.8944028342648505,0.6931471805599453,4.804430796838969,0,At-Risk / Low-Engagement,0.7159452775508443,1
14414,91,7,1496.98,4.5217885770490405,2.0794415416798357,7.311872812853191,1,Loyal / High-Value,0.20616139861442706,0
14415,1,13,5855.57,0.6931471805599453,2.639057329615259,8.675319386969873,1,Loyal / High-Value,0.04997514286502784,0
14416,22,2,490.22,3.1354942159291497,1.0986122886681096,6.1968920926164115,0,At-Risk / Low-Engagement,0.4272808967186715,0
14418,3,3,1937.25,1.3862943611198906,1.3862943611198906,7.569540783099068,1,Loyal / High-Value,0.22212117585562455,0
14419,10,6,1051.79,2.3978952727983707,1.9459101490553132,6.959199062045698,1,Loyal / High-Value,0.1842874453650956,0
14420,99,1,387.52,4.605170185988092,0.6931471805599453,5.962344648534129,0,At-Risk / Low-Engagement,0.6078397721308595,1
14421,57,2,813.11,4.060443010546419,1.0986122886681096,6.702095492007746,0,At-Risk / Low-Engagement,0.43392283532468584,0
14422,0,6,4263.64,0.6931471805599453,1.9459101490553132,8.358113048391361,1,Loyal / High-Value,0.09330813713180328,0
14423,218,1,265.2,5.389071729816501,0.6931471805599453,5.5842479059610115,0,At-Risk / Low-Engagement,0.6624779491429559,1
14424,17,1,322.08,2.8903717578961645,0.6931471805599453,5.777899970574095,0,At-Risk / Low-Engagement,0.5471497063246846,1
14426,23,10,4481.67,3.1780538303479458,2.3978952727983707,8.407974130025062,1,Loyal / High-Value,0.10006611976322206,0
14427,50,2,363.34000000000003,3.9318256327243257,1.0986122886681096,5.898087497602683,0,At-Risk / Low-Engagement,0.48109846560816993,0
14428,7,5,1224.06,2.0794415416798357,1.791759469228055,7.110745101371203,1,Loyal / High-Value,0.1937885675017103,0
14431,302,1,470.36,5.713732805509369,0.6931471805599453,6.1556221332742656,0,At-Risk / Low-Engagement,0.6381199032468972,1
14432,9,6,2248.5,2.302585092994046,1.9459101490553132,7.7184632482812265,1,Loyal / High-Value,0.15383269577019554,0
14434,21,6,1372.8,3.091042453358316,1.9459101490553132,7.225335901779781,1,Loyal / High-Value,0.1919276453412202,0
14436,98,1,89.06,4.59511985013459,0.6931471805599453,4.500476114873425,0,At-Risk / Low-Engagement,0.6948683781325175,1
14437,365,1,63.0,5.902633333401366,0.6931471805599453,4.1588830833596715,0,At-Risk / Low-Engagement,0.7493417379292936,1
14438,306,1,131.9,5.726847747587197,0.6931471805599453,4.8895969657192,0,At-Risk / Low-Engagement,0.7113440835444742,1
14439,319,1,2661.24,5.768320995793772,0.6931471805599453,7.8869231526671975,0,At-Risk / Low-Engagement,0.5273470687050887,1
14440,8,5,2357.6800000000003,2.1972245773362196,1.791759469228055,7.765857419506838,1,Loyal / High-Value,0.1710339560893109,0
14441,0,4,1712.89,0.6931471805599453,1.6094379124341003,7.446520919735376,1,Loyal / High-Value,0.15585414178614657,0
14442,204,2,1589.82,5.3230099791384085,1.0986122886681096,7.372004885545176,0,At-Risk / Low-Engagement,0.4443126692491635,0
14443,53,4,1420.2,3.9889840465642745,1.6094379124341003,7.259256864146872,1,Loyal / High-Value,0.2794782803228401,0
14446,0,4,1010.35,0.6931471805599453,1.6094379124341003,6.9190413509991044,1,Loyal / High-Value,0.17509328955763773,0
14447,18,5,1163.23,2.9444389791664403,1.791759469228055,7.059815203273879,1,Loyal / High-Value,0.22065172162450963,0
14448,9,2,375.35,2.302585092994046,1.0986122886681096,5.930519561480541,0,At-Risk / Low-Engagement,0.40921806771980684,0
14449,18,4,885.8,2.9444389791664403,1.6094379124341003,6.787619477742156,1,Loyal / High-Value,0.268197356114696,0
14450,180,3,483.25,5.198497031265826,1.3862943611198906,6.182601302287106,0,At-Risk / Low-Engagement,0.4441014518905322,0
14451,60,2,643.9,4.110873864173311,1.0986122886681096,6.469095266016332,0,At-Risk / Low-Engagement,0.4512789554479512,0
14452,10,2,259.05,2.3978952727983707,1.0986122886681096,5.560873920219081,0,At-Risk / Low-Engagement,0.43710524479192003,0
14453,190,1,119.93,5.25227342804663,0.6931471805599453,4.795211865797184,0,At-Risk / Low-Engagement,0.7024932228507634,1
14456,5,9,3017.28,1.791759469228055,2.302585092994046,8.012442411697599,1,Loyal / High-Value,0.09661553864697506,0
14457,310,1,113.64,5.739792912179234,0.6931471805599453,4.741796783519916,0,At-Risk / Low-Engagement,0.7193007621177898,1
14459,155,1,1837.92,5.049856007249537,0.6931471805599453,7.516933721754878,0,At-Risk / Low-Engagement,0.5260965073492806,1
14460,110,3,434.34,4.709530201312334,1.3862943611198906,6.076127334986691,0,At-Risk / Low-Engagement,0.4301321403497478,0
14461,148,3,2103.06,5.003946305945459,1.3862943611198906,7.651624090561262,0,At-Risk / Low-Engagement,0.3437336384062842,0
14462,66,11,1980.57,4.204692619390966,2.4849066497880004,7.591644738779161,1,Loyal / High-Value,0.13110994108038643,0
14463,98,3,529.62,4.59511985013459,1.3862943611198906,6.2740461341708045,0,At-Risk / Low-Engagement,0.41253173973136104,0
14465,246,3,1038.44,5.5093883366279774,1.3862943611198906,6.946437385574481,0,At-Risk / Low-Engagement,0.40794319375318516,0
14466,29,7,2272.4,3.4011973816621555,2.0794415416798357,7.72903178725261,1,Loyal / High-Value,0.16068460224388106,0
14467,17,4,596.26,2.8903717578961645,1.6094379124341003,6.392352529473033,1,Loyal / High-Value,0.2872701724652602,0
14470,11,2,461.19,2.4849066497880004,1.0986122886681096,6.135976061950666,0,At-Risk / Low-Engagement,0.4037535735057957,0
14472,103,8,1852.67,4.6443908991413725,2.1972245773362196,7.524922736755564,1,Loyal / High-Value,0.1819055754060827,0
14473,74,2,234.34000000000003,4.31748811353631,1.0986122886681096,5.461031277035783,0,At-Risk / Low-Engagement,0.5266973150756247,1
14474,46,1,547.66,3.8501476017100584,0.6931471805599453,6.3074789418267985,0,At-Risk / Low-Engagement,0.5537553606231331,1
14475,71,3,925.85,4.276666119016055,1.3862943611198906,6.831791740175098,0,At-Risk / Low-Engagement,0.3644095183866597,0
14476,257,1,193.0,5.552959584921617,0.6931471805599453,5.267858159063328,0,At-Risk / Low-Engagement,0.6870724719085674,1
14477,19,4,1309.6,2.995732273553991,1.6094379124341003,7.178240326605397,1,Loyal / High-Value,0.25008674497365596,0
14479,253,2,316.25,5.537334267018537,1.0986122886681096,5.759690106594497,0,At-Risk / Low-Engagement,0.5596661346260544,1
14480,11,1,279.05,2.4849066497880004,0.6931471805599453,5.634968158655841,0,At-Risk / Low-Engagement,0.5390512012189653,1
14481,164,2,636.51,5.10594547390058,1.0986122886681096,6.457569963184063,0,At-Risk / Low-Engagement,0.49509420684496347,0
14482,18,6,2022.81,2.9444389791664403,1.9459101490553132,7.6127371524831755,1,Loyal / High-Value,0.17287078169855102,0
14483,281,1,137.1,5.641907070938114,0.6931471805599453,4.9279780604152466,0,At-Risk / Low-Engagement,0.7092560887573031,1
14484,50,1,321.92,3.9318256327243257,0.6931471805599453,5.777404614526815,0,At-Risk / Low-Engagement,0.5915028678926305,1
14485,38,1,162.8,3.6635616461296463,0.6931471805599453,5.098646171418969,0,At-Risk / Low-Engagement,0.6231722760922999,1
14487,26,6,1165.48,3.295836866004329,1.9459101490553132,7.06174594600803,1,Loyal / High-Value,0.20444953892514778,0
14488,67,1,1064.28,4.219507705176107,0.6931471805599453,6.97099295438666,0,At-Risk / Low-Engagement,0.5261242032765275,1
14489,207,1,463.38,5.337538079701318,0.6931471805599453,6.14070318257422,0,At-Risk / Low-Engagement,0.6267482293316188,1
14491,175,2,340.93,5.170483995038151,1.0986122886681096,5.834606037750557,0,At-Risk / Low-Engagement,0.5389914322435587,1
14493,7,5,2383.2400000000002,2.0794415416798357,1.791759469228055,7.7766356942591806,1,Loyal / High-Value,0.16775471757779617,0
14494,25,1,139.56,3.258096538021482,0.6931471805599453,4.945634443878841,0,At-Risk / Low-Engagement,0.616108356122846,1
14495,50,2,123.8,3.9318256327243257,1.0986122886681096,4.826712455935327,0,At-Risk / Low-Engagement,0.5517155046746943,1
14496,311,2,538.8100000000001,5.7430031878094825,1.0986122886681096,6.2912172257920815,0,At-Risk / Low-Engagement,0.5293280470857814,1
14497,309,1,475.37,5.736572297479192,0.6931471805599453,6.166194863206115,0,At-Risk / Low-Engagement,0.6374741824258696,1
14498,42,5,1957.32,3.7612001156935624,1.791759469228055,7.579842241810434,1,Loyal / High-Value,0.221405839141686,0
14499,26,3,808.44,3.295836866004329,1.3862943611198906,6.696342650543626,0,At-Risk / Low-Engagement,0.3338492324723666,0
14500,88,3,356.85,4.48863636973214,1.3862943611198906,5.880113904184607,0,At-Risk / Low-Engagement,0.43343311737580037,0
14501,183,2,251.21,5.214935757608986,1.0986122886681096,5.530262073815315,0,At-Risk / Low-Engagement,0.5608137635666227,1
14502,19,11,2429.83,2.995732273553991,2.4849066497880004,7.795988041800972,1,Loyal / High-Value,0.10384742084447607,0
14503,3,6,3543.26,1.3862943611198906,1.9459101490553132,8.173084672465158,1,Loyal / High-Value,0.1208725625087883,0
14504,47,4,673.26,3.8712010109078907,1.6094379124341003,6.513615793203887,0,At-Risk / Low-Engagement,0.31639722954655136,0
14505,17,8,5859.43,2.8903717578961645,2.1972245773362196,8.675978258718553,1,Loyal / High-Value,0.10789191011959327,0
14506,17,5,1960.65,2.8903717578961645,1.791759469228055,7.5815412348134545,1,Loyal / High-Value,0.19636095610470897,0
14507,23,6,1367.88,3.1780538303479458,1.9459101490553132,7.2217481662237155,1,Loyal / High-Value,0.19443097833621506,0
14508,22,2,268.05,3.1354942159291497,1.0986122886681096,5.594897235935429,0,At-Risk / Low-Engagement,0.46659973867354454,0
14511,11,5,1314.81,2.4849066497880004,1.791759469228055,7.182207724562218,1,Loyal / High-Value,0.20196689819656266,0
14512,187,2,275.28,5.236441962829949,1.0986122886681096,5.621414844220772,0,At-Risk / Low-Engagement,0.5557922118380085,1
14513,100,3,455.59000000000003,4.61512051684126,1.3862943611198906,6.1237858328484185,0,At-Risk / Low-Engagement,0.42303911392940463,0
14514,61,3,990.2,4.127134385045092,1.3862943611198906,6.898916330314933,0,At-Risk / Low-Engagement,0.3543449573444696,0
14515,17,6,2076.89,2.8903717578961645,1.9459101490553132,7.63910823474312,1,Loyal / High-Value,0.17054362826417116,0
14517,33,2,330.45,3.5263605246161616,1.0986122886681096,5.8034769686874,0,At-Risk / Low-Engagement,0.4697732840517806,0
14518,64,1,174.37,4.174387269895637,0.6931471805599453,5.166898027681201,0,At-Risk / Low-Engagement,0.6396201430258286,1
14520,1,2,270.6,0.6931471805599453,1.0986122886681096,5.604330395684541,1,Loyal / High-Value,0.36343067733214457,0
14522,24,4,974.54,3.2188758248682006,1.6094379124341003,6.882991163835519,1,Loyal / High-Value,0.27262698024157783,0
14523,108,1,241.09,4.6913478822291435,0.6931471805599453,5.489309557845162,0,At-Risk / Low-Engagement,0.6406688837056587,1
14524,31,9,1843.83,3.4657359027997265,2.302585092994046,7.520142411307983,1,Loyal / High-Value,0.14009471851970162,0
14525,19,9,4215.9,2.995732273553991,2.302585092994046,8.346855539924958,1,Loyal / High-Value,0.10767605479551833,0
14527,2,55,8507.13,1.0986122886681096,3.4339872044851463,9.048777455940112,1,Loyal / High-Value,0.02865081311962621,0
14528,37,1,364.21999999999997,3.6375861597263857,0.6931471805599453,5.900499911733888,0,At-Risk / Low-Engagement,0.5711468333555639,1
14529,60,3,578.61,4.110873864173311,1.3862943611198906,6.362355463575814,0,At-Risk / Low-Engagement,0.386757031063518,0
14530,25,6,2862.11,3.258096538021482,1.9459101490553132,7.959663725596504,1,Loyal / High-Value,0.16761062202525068,0
14532,236,4,932.85,5.4680601411351315,1.6094379124341003,6.839315825759616,0,At-Risk / Low-Engagement,0.35913325609529284,0
14533,24,7,1949.72,3.2188758248682006,2.0794415416798357,7.575953814178117,1,Loyal / High-Value,0.16187535189926938,0
14534,2,18,4397.3,1.0986122886681096,2.9444389791664403,8.38897338161233,1,Loyal / High-Value,0.042672854383228744,0
14535,60,3,2854.84,4.110873864173311,1.3862943611198906,7.957121299481198,1,Loyal / High-Value,0.29264269141446503,0
14536,259,1,170.95,5.560681631015528,0.6931471805599453,5.147203736878275,0,At-Risk / Low-Engagement,0.6941742715497538,1
14537,57,1,355.56,4.060443010546419,0.6931471805599453,5.876502528638301,0,At-Risk / Low-Engagement,0.5905699385132859,1
14538,64,2,388.25,4.174387269895637,1.0986122886681096,5.964221810714108,0,At-Risk / Low-Engagement,0.48725373766079777,0
14539,15,2,537.48,2.772588722239781,1.0986122886681096,6.288750355702458,0,At-Risk / Low-Engagement,0.4060613250036008,0
14540,9,3,952.66,2.302585092994046,1.3862943611198906,6.860307213794826,1,Loyal / High-Value,0.2876771184959178,0
14541,58,8,1453.35,4.07753744390572,2.1972245773362196,7.282314344394418,1,Loyal / High-Value,0.17685435356517804,0
14542,185,1,103.25,5.225746673713202,0.6931471805599453,4.646791860678911,0,At-Risk / Low-Engagement,0.7096799424520669,1
14543,28,16,3599.73,3.367295829986474,2.833213344056216,8.188891881665345,1,Loyal / High-Value,0.07242017796578153,0
14544,24,2,2004.3,3.2188758248682006,1.0986122886681096,7.603548954482988,1,Loyal / High-Value,0.3429087387948681,0
14546,5,5,2573.93,1.791759469228055,1.791759469228055,7.853577628262313,1,Loyal / High-Value,0.15816657891614036,0
14547,3,8,3974.75,1.3862943611198906,2.1972245773362196,8.287968688536026,1,Loyal / High-Value,0.09354324616779638,0
14548,150,2,652.8,5.017279836814924,1.0986122886681096,6.48280149429011,0,At-Risk / Low-Engagement,0.48957782458574917,0
14549,311,1,289.24,5.7430031878094825,0.6931471805599453,5.670708166926772,0,At-Risk / Low-Engagement,0.6671700458895359,1
14550,10,2,757.37,2.3978952727983707,1.0986122886681096,6.631171393196389,1,Loyal / High-Value,0.36914641800705417,0
14551,18,2,186.23,2.9444389791664403,1.0986122886681096,5.232337807614061,0,At-Risk / Low-Engagement,0.48222440688959234,0
14552,151,1,164.22,5.0238805208462765,0.6931471805599453,5.10727791913436,0,At-Risk / Low-Engagement,0.6763452359730266,1
14553,19,5,859.27,2.995732273553991,1.791759469228055,6.757246293462842,1,Loyal / High-Value,0.23631834733162713,0
14554,10,4,2279.4900000000002,2.3978952727983707,1.6094379124341003,7.7321456111388525,1,Loyal / High-Value,0.20612757345759206,0
14555,57,2,312.54,4.060443010546419,1.0986122886681096,5.747926943640385,0,At-Risk / Low-Engagement,0.4965991246368519,0
14557,85,1,788.38,4.454347296253507,0.6931471805599453,6.671247827209794,0,At-Risk / Low-Engagement,0.5559217886063763,1
14560,7,22,2237.77,2.0794415416798357,3.1354942159291497,7.71368188689169,1,Loyal / High-Value,0.0494194349003576,0
14561,75,3,1080.76,4.330733340286331,1.3862943611198906,6.986344623342368,0,At-Risk / Low-Engagement,0.35715232185031387,0
14562,3,18,5006.77,1.3862943611198906,2.9444389791664403,8.518745985207708,1,Loyal / High-Value,0.043317136506180284,0
14565,95,4,3099.12,4.564348191467836,1.6094379124341003,8.039196099401456,1,Loyal / High-Value,0.25858924080461104,0
14566,110,1,1432.0,4.709530201312334,0.6931471805599453,7.267525427828172,0,At-Risk / Low-Engagement,0.5277982139425065,1
14567,56,2,1530.3600000000001,4.04305126783455,1.0986122886681096,7.3339115084475965,0,At-Risk / Low-Engagement,0.3927131245456721,0
14569,1,1,227.39,0.6931471805599453,0.6931471805599453,5.431054693986231,0,At-Risk / Low-Engagement,0.47482714731209424,0
14570,280,2,218.06,5.638354669333745,1.0986122886681096,5.3893456648956,0,At-Risk / Low-Engagement,0.5878934652536758,1
14572,3,7,2804.54,1.3862943611198906,2.0794415416798357,7.93935131279746,1,Loyal / High-Value,0.11317477528052775,0
14573,179,9,1639.82,5.19295685089021,2.302585092994046,7.402951395859895,1,Loyal / High-Value,0.18489627104137984,0
14576,372,1,35.400000000000006,5.912501651847105,0.6931471805599453,3.9740583963475986,0,At-Risk / Low-Engagement,0.7614858902906267,1
14577,12,4,859.71,2.5649493574615367,1.6094379124341003,6.757757630038034,1,Loyal / High-Value,0.2569643975733249,0
14578,3,1,168.63,1.3862943611198906,0.6931471805599453,5.133619594507631,0,At-Risk / Low-Engagement,0.5245429698818442,1
14581,16,1,138.6,2.833213344056216,0.6931471805599453,4.938781190328272,0,At-Risk / Low-Engagement,0.5989462777019711,1
14582,40,1,114.11,3.713572066704308,0.6931471805599453,4.74588819292697,0,At-Risk / Low-Engagement,0.6467953238884521,1
14583,5,5,986.96,1.791759469228055,1.791759469228055,6.895642211098335,1,Loyal / High-Value,0.19486898749261872,0
14584,169,4,1033.06,5.135798437050262,1.6094379124341003,6.941248080464172,0,At-Risk / Low-Engagement,0.33988942902838715,0
14585,50,1,157.05,3.9318256327243257,0.6931471805599453,5.062911438661627,0,At-Risk / Low-Engagement,0.6362389526479034,1
14586,276,1,237.36,5.6240175061873385,0.6931471805599453,5.473782135878778,0,At-Risk / Low-Engagement,0.6779504250357633,1
14587,18,9,1580.29,2.9444389791664403,2.302585092994046,7.365996248598568,1,Loyal / High-Value,0.134203249804252,0
14589,371,1,39.75,5.912501651847105,0.6931471805599453,3.9740583963475986,0,At-Risk / Low-Engagement,0.7614858902906267,1
14591,15,4,1320.21,2.772588722239781,1.6094379124341003,7.18630326236477,1,Loyal / High-Value,0.2424968282983492,0
14592,35,3,557.94,3.58351893845611,1.3862943611198906,6.326042132868397,0,At-Risk / Low-Engagement,0.3674992166838812,0
14593,21,3,617.15,3.091042453358316,1.3862943611198906,6.426731146452936,0,At-Risk / Low-Engagement,0.3418370907864815,0
14594,7,2,363.33,2.0794415416798357,1.0986122886681096,5.898060050335743,0,At-Risk / Low-Engagement,0.4019431921909557,0
14595,19,6,1740.6,2.995732273553991,1.9459101490553132,7.462559509920338,1,Loyal / High-Value,0.1799326361986805,0
14597,11,2,866.24,2.4849066497880004,1.0986122886681096,6.76531575508289,1,Loyal / High-Value,0.3644197263073171,0
14598,44,1,221.97,3.8066624897703196,0.6931471805599453,5.40703723326228,0,At-Risk / Low-Engagement,0.6097731128047357,1
14600,305,1,393.33000000000004,5.723585101952381,0.6931471805599453,5.977188122189173,0,At-Risk / Low-Engagement,0.6489409017461268,1
14601,10,1,213.96,2.3978952727983707,0.6931471805599453,5.370451964307236,0,At-Risk / Low-Engagement,0.55263984710296,1
14603,274,1,660.0,5.616771097666572,0.6931471805599453,6.493753839851687,0,At-Risk / Low-Engagement,0.6162007681682359,1
14606,1,93,12076.15,0.6931471805599453,3.4339872044851463,9.399070516501299,1,Loyal / High-Value,0.02444600624069617,0
14607,15,14,16209.5,2.772588722239781,2.70805020110221,9.69341445941133,1,Loyal / High-Value,0.052426192647761986,0
14608,4,4,1785.15,1.6094379124341003,1.6094379124341003,7.48781774447192,1,Loyal / High-Value,0.19453935925639587,0
14609,72,4,601.56,4.290459441148391,1.6094379124341003,6.401187245468788,0,At-Risk / Low-Engagement,0.33898197884324127,0
14616,242,3,406.08000000000004,5.493061443340548,1.3862943611198906,6.009009726323731,0,At-Risk / Low-Engagement,0.46817398752314815,0
14618,9,3,553.44,2.302585092994046,1.3862943611198906,6.317958595345153,1,Loyal / High-Value,0.31792845180546053,0
14619,245,1,394.44,5.5053315359323625,0.6931471805599453,5.979999068998704,0,At-Risk / Low-Engagement,0.6433472849002028,1
14620,205,2,412.78000000000003,5.327876168789581,1.0986122886681096,6.0253344316155975,0,At-Risk / Low-Engagement,0.5332499307382399,1
14621,1,5,1788.3600000000001,0.6931471805599453,1.791759469228055,7.489613293002015,1,Loyal / High-Value,0.14597472164933184,0
14622,184,1,320.58000000000004,5.220355825078325,0.6931471805599453,5.773246346316266,0,At-Risk / Low-Engagement,0.6445311247891833,1
14623,32,5,886.7,3.4965075614664802,1.791759469228055,6.788633848074274,1,Loyal / High-Value,0.25081133880187045,0
14624,57,2,225.85,4.060443010546419,1.0986122886681096,5.424289006109973,0,At-Risk / Low-Engagement,0.5179818994278972,1
14625,196,2,899.63,5.2832037287379885,1.0986122886681096,6.803094518438584,0,At-Risk / Low-Engagement,0.47996460281081665,0
14626,23,4,2791.27,3.1780538303479458,1.6094379124341003,7.934610164077709,1,Loyal / High-Value,0.21986574490162913,0
14628,91,2,671.96,4.5217885770490405,1.0986122886681096,6.511685892514335,0,At-Risk / Low-Engagement,0.4662034028635866,0
14629,4,2,955.26,1.6094379124341003,1.0986122886681096,6.863029842602406,1,Loyal / High-Value,0.32429010302497435,0
14631,50,3,1006.98,3.9318256327243257,1.3862943611198906,6.915703607164632,0,At-Risk / Low-Engagement,0.3456183159742323,0
14632,262,1,114.56,5.572154032177765,0.6931471805599453,4.749789875598035,0,At-Risk / Low-Engagement,0.7164189676597663,1
14633,266,1,344.90000000000003,5.58724865840025,0.6931471805599453,5.846149715943123,0,At-Risk / Low-Engagement,0.6546487856264879,1
14636,36,2,609.85,3.6109179126442243,1.0986122886681096,6.414851429850069,0,At-Risk / Low-Engagement,0.43339793272116184,0
14638,50,1,443.6,3.9318256327243257,0.6931471805599453,6.097175001530096,0,At-Risk / Low-Engagement,0.5709288366106862,1
14639,52,6,2984.49,3.970291913552122,1.9459101490553132,8.001519166458744,1,Loyal / High-Value,0.18391852015443505,0
14640,24,6,2107.38,3.2188758248682006,1.9459101490553132,7.653675159070001,1,Loyal / High-Value,0.17820260627122206,0
14641,21,1,110.46,3.091042453358316,0.6931471805599453,4.7136657821413905,0,At-Risk / Low-Engagement,0.6237214214257137,1
14642,58,1,96.12,4.07753744390572,0.6931471805599453,4.575947327311188,0,At-Risk / Low-Engagement,0.6710918858112686,1
14643,170,2,693.8100000000001,5.14166355650266,1.0986122886681096,6.54363842689435,0,At-Risk / Low-Engagement,0.4909573763277827,0
14644,67,2,830.76,4.219507705176107,1.0986122886681096,6.723543937669715,0,At-Risk / Low-Engagement,0.4393239419190491,0
14645,156,2,597.09,5.056245805348308,1.0986122886681096,6.393741244298632,0,At-Risk / Low-Engagement,0.49715470706898257,0
14646,1,73,280206.02,0.6931471805599453,3.4339872044851463,9.892501674765558,1,Loyal / High-Value,0.023305644754665837,0
14647,201,1,236.04000000000002,5.308267697401205,0.6931471805599453,5.4682289032653095,0,At-Risk / Low-Engagement,0.6661880830041778,1
14649,4,4,1402.59,1.6094379124341003,1.6094379124341003,7.246788519146775,1,Loyal / High-Value,0.20471898223416726,0
14651,67,2,653.75,4.219507705176107,1.0986122886681096,6.484253483387821,0,At-Risk / Low-Engagement,0.4549615526718184,0
14652,77,1,114.18,4.356708826689592,0.6931471805599453,4.7464961220785264,0,At-Risk / Low-Engagement,0.6718419360573874,1
14653,1,7,1926.65,0.6931471805599453,2.0794415416798357,7.56405692342126,1,Loyal / High-Value,0.11106702034789694,0
14655,8,4,1932.23,2.1972245773362196,1.6094379124341003,7.5669474581621285,1,Loyal / High-Value,0.20757462956707654,0
14656,169,2,291.05,5.135798437050262,1.0986122886681096,5.676925020486318,0,At-Risk / Low-Engagement,0.547839638886709,1
14657,17,4,848.22,2.8903717578961645,1.6094379124341003,6.744318281129723,1,Loyal / High-Value,0.2686012530782879,0
14658,5,2,247.15,1.791759469228055,1.0986122886681096,5.51403340203345,0,At-Risk / Low-Engagement,0.4143977165043761,0
14659,8,9,2529.93,2.1972245773362196,2.302585092994046,7.836342103110113,1,Loyal / High-Value,0.10731870202692387,0
14660,86,2,285.74,4.465908118654584,1.0986122886681096,5.6585758818181215,0,At-Risk / Low-Engagement,0.5201000987831014,1
14661,26,1,107.95,3.295836866004329,0.6931471805599453,4.690889061390629,0,At-Risk / Low-Engagement,0.6334314811172475,1
14662,28,4,741.37,3.367295829986474,1.6094379124341003,6.609847771172747,1,Loyal / High-Value,0.2924854723259013,0
14664,19,2,636.24,2.995732273553991,1.0986122886681096,6.4571463507046944,0,At-Risk / Low-Engagement,0.4046723679629796,0
14665,60,5,1835.7,4.110873864173311,1.791759469228055,7.5157257621344895,1,Loyal / High-Value,0.2350869170771818,0
14666,24,1,195.25,3.2188758248682006,0.6931471805599453,5.279389356662517,0,At-Risk / Low-Engagement,0.5933938325623591,1
14667,10,25,9175.04,2.3978952727983707,3.258096538021482,9.124351017997613,1,Loyal / High-Value,0.034965162097772645,0
14669,241,3,1259.24,5.488937726156687,1.3862943611198906,7.139057457997714,0,At-Risk / Low-Engagement,0.394854643766568,0
14670,280,2,392.86,5.638354669333745,1.0986122886681096,5.97599551620405,0,At-Risk / Low-Engagement,0.5498754011767489,1
14672,234,2,765.55,5.459585514144159,1.0986122886681096,6.641899927756463,0,At-Risk / Low-Engagement,0.498266826374991,0
14673,3,5,1736.4,1.3862943611198906,1.791759469228055,7.46014502182582,1,Loyal / High-Value,0.16269051136944299,0
14675,16,1,596.36,2.833213344056216,0.6931471805599453,6.392519946727447,0,At-Risk / Low-Engagement,0.5041853530191673,1
14676,31,6,2548.2400000000002,3.4657359027997265,1.9459101490553132,7.843550554514272,1,Loyal / High-Value,0.17713291152036698,0
14680,25,16,28754.11,3.258096538021482,2.833213344056216,9.892501674765558,1,Loyal / High-Value,0.05030944889720721,0
14681,71,3,498.95,4.276666119016055,1.3862943611198906,6.214508093421858,0,At-Risk / Low-Engagement,0.4029758971307959,0
14682,187,2,52.0,5.236441962829949,1.0986122886681096,3.9740583963475986,0,At-Risk / Low-Engagement,0.659399774945602,1
14684,25,5,1201.51,3.258096538021482,1.791759469228055,7.092166317953654,1,Loyal / High-Value,0.22865061593608912,0
14687,106,1,628.38,4.672828834461906,0.6931471805599453,6.444735207830545,0,At-Risk / Low-Engagement,0.5799235535382642,1
14688,7,21,5579.1,2.0794415416798357,3.091042453358316,8.626961976361729,1,Loyal / High-Value,0.04098106482406457,0
14689,208,1,112.8,5.342334251964811,0.6931471805599453,4.73444252169223,0,At-Risk / Low-Engagement,0.7090773901636027,1
14690,44,2,355.05,3.8066624897703196,1.0986122886681096,5.875071170428134,0,At-Risk / Low-Engagement,0.47719165222308146,0
14691,30,5,2114.33,3.4339872044851463,1.791759469228055,7.656966107678013,1,Loyal / High-Value,0.20838038423630678,0
14692,137,4,591.55,4.927253685157205,1.6094379124341003,6.384435257634458,0,At-Risk / Low-Engagement,0.3652148663127464,0
14693,264,1,172.9,5.579729825986222,0.6931471805599453,5.158480421360237,0,At-Risk / Low-Engagement,0.6942437267522732,1
14696,4,7,2078.95,1.6094379124341003,2.0794415416798357,7.640099133944896,1,Loyal / High-Value,0.12555543145537718,0
14697,218,2,188.60999999999999,5.389071729816501,1.0986122886681096,5.2449693310461125,0,At-Risk / Low-Engagement,0.5866504898282815,1
14698,1,5,1217.27,0.6931471805599453,1.791759469228055,7.105187098580444,1,Loyal / High-Value,0.15910613157650352,0
14699,214,1,109.13000000000001,5.3706380281276624,0.6931471805599453,4.701661486176853,0,At-Risk / Low-Engagement,0.711871325631919,1
14700,32,3,2195.1,3.4965075614664802,1.3862943611198906,7.694438338933248,1,Loyal / High-Value,0.28498939974946697,0
14701,10,9,2526.09,2.3978952727983707,2.302585092994046,7.834823722108157,1,Loyal / High-Value,0.11074331940064465,0
14702,1,17,3251.79,0.6931471805599453,2.8903717578961645,8.087268368594886,1,Loyal / High-Value,0.04538835084941539,0
14703,14,1,318.17,2.70805020110221,0.6931471805599453,5.765723876196384,0,At-Risk / Low-Engagement,0.5400918832546546,1
14704,11,9,1493.96,2.4849066497880004,2.302585092994046,7.309854729614,1,Loyal / High-Value,0.1268315941813712,0
14705,198,1,179.0,5.293304824724492,0.6931471805599453,5.19295685089021,0,At-Risk / Low-Engagement,0.6816079072634934,1
14708,2,3,1126.37,1.0986122886681096,1.3862943611198906,7.027642765394543,1,Loyal / High-Value,0.23865822326054287,0
14709,15,13,4921.04,2.772588722239781,2.639057329615259,8.501478357695712,1,Loyal / High-Value,0.07324866291164989,0
14710,14,4,599.48,2.70805020110221,1.6094379124341003,6.39772933538671,1,Loyal / High-Value,0.2805433198751403,0
14711,10,11,2839.62,2.3978952727983707,2.4849066497880004,7.951777617188277,1,Loyal / High-Value,0.09110530147555541,0
14712,29,3,917.07,3.4011973816621555,1.3862943611198906,6.822273640436711,1,Loyal / High-Value,0.33052318661022134,0
14713,9,11,2662.2,2.302585092994046,2.4849066497880004,7.887283686260815,1,Loyal / High-Value,0.09114640583135386,0
14714,24,1,160.19,3.2188758248682006,0.6931471805599453,5.08258379340884,0,At-Risk / Low-Engagement,0.6058841891478618,1
14715,24,4,867.38,3.2188758248682006,1.6094379124341003,6.766629406877568,1,Loyal / High-Value,0.27876988105974115,0
14716,43,2,307.51,3.784189633918261,1.0986122886681096,5.73175425773095,0,At-Risk / Low-Engagement,0.48567632086001017,0
14719,1,5,1581.84,0.6931471805599453,1.791759469228055,7.366975980862403,1,Loyal / High-Value,0.1500632742401706,0
14720,5,3,663.81,1.791759469228055,1.3862943611198906,6.499501285546037,1,Loyal / High-Value,0.2890445344033065,0
14722,147,1,180.42000000000002,4.997212273764115,0.6931471805599453,5.2008147851867985,0,At-Risk / Low-Engagement,0.6698850654679859,1
14723,10,6,1122.3600000000001,2.3978952727983707,1.9459101490553132,7.024079473268939,1,Loyal / High-Value,0.1817228808918832,0
14725,24,1,655.58,3.2188758248682006,0.6931471805599453,6.487044544658406,0,At-Risk / Low-Engagement,0.514680105060957,1
14727,274,1,268.58,5.616771097666572,0.6931471805599453,5.596865192310124,0,At-Risk / Low-Engagement,0.6705270412158872,1
14729,373,1,313.49,5.912501651847105,0.6931471805599453,5.750952279132591,0,At-Risk / Low-Engagement,0.6624426500846562,1
14730,1,8,1897.57,0.6931471805599453,2.1972245773362196,7.548856250206247,1,Loyal / High-Value,0.10010054939411765,0
14731,47,3,380.02,3.8712010109078907,1.3862943611198906,5.942851867187289,0,At-Risk / Low-Engagement,0.4033114332429163,0
14732,8,8,2702.4900000000002,2.1972245773362196,2.1972245773362196,7.902298809906397,1,Loyal / High-Value,0.11626274850759898,0
14733,16,12,9585.91,2.833213344056216,2.5649493574615367,9.168153905320404,1,Loyal / High-Value,0.06736451845119364,0
14735,3,32,6065.69,1.3862943611198906,3.4339872044851463,8.710568430543226,1,Loyal / High-Value,0.03279538773823664,0
14737,3,3,1164.55,1.3862943611198906,1.3862943611198906,7.060948357598531,1,Loyal / High-Value,0.2462176656364056,0
14738,42,7,1314.45,3.7612001156935624,2.0794415416798357,7.181934091396172,1,Loyal / High-Value,0.19062187847281484,0
14739,4,7,3902.28,1.6094379124341003,2.0794415416798357,8.269572504294867,1,Loyal / High-Value,0.10839321868688238,0
14740,197,3,1448.21,5.288267030694535,1.3862943611198906,7.278773859355933,0,At-Risk / Low-Engagement,0.3778360710800593,0
14741,11,6,1400.34,2.4849066497880004,1.9459101490553132,7.245184200691345,1,Loyal / High-Value,0.17536662255531524,0
14744,16,7,1099.98,2.833213344056216,2.0794415416798357,7.00395597125342,1,Loyal / High-Value,0.17363188119387457,0
14745,112,5,1220.26,4.727387818712341,1.791759469228055,7.107638391655096,1,Loyal / High-Value,0.27591099931914925,0
14747,249,1,328.2,5.521460917862246,0.6931471805599453,5.796665468802915,0,At-Risk / Low-Engagement,0.6550230460864894,1
14748,29,5,1415.75,3.4011973816621555,1.791759469228055,7.256120795049728,1,Loyal / High-Value,0.2254058096683329,0
14752,43,1,389.64,3.784189633918261,0.6931471805599453,5.967786419753405,0,At-Risk / Low-Engagement,0.5730255825672024,1
14753,87,1,563.15,4.477336814478207,0.6931471805599453,6.335320173584455,0,At-Risk / Low-Engagement,0.5786981419974006,1
14754,44,2,638.05,3.8066624897703196,1.0986122886681096,6.459982698577723,0,At-Risk / Low-Engagement,0.4388245920665356,0
14755,9,11,5010.28,2.302585092994046,2.4849066497880004,8.519446650469105,1,Loyal / High-Value,0.07821531928044045,0
14756,15,1,738.96,2.772588722239781,0.6931471805599453,6.606596130683188,0,At-Risk / Low-Engagement,0.48740645566294616,0
14757,75,1,420.5,4.330733340286331,0.6931471805599453,6.04381977744191,0,At-Risk / Low-Engagement,0.5912254968301195,1
14758,144,4,1484.06,4.976733742420574,1.6094379124341003,7.303210454460983,0,At-Risk / Low-Engagement,0.31278968904713134,0
14759,4,3,1625.97,1.6094379124341003,1.3862943611198906,7.394474668204541,1,Loyal / High-Value,0.23716122124149885,0
14760,297,1,89.2,5.697093486505405,0.6931471805599453,4.502029427068578,0,At-Risk / Low-Engagement,0.7319197931002388,1
14761,58,2,255.9,4.07753744390572,1.0986122886681096,5.548686904115838,0,At-Risk / Low-Engagement,0.5105084144507355,1
14762,263,1,300.52,5.575949103146316,0.6931471805599453,5.70883634895888,0,At-Risk / Low-Engagement,0.6623706995294524,1
14764,46,1,278.3,3.8501476017100584,0.6931471805599453,5.632286472951131,0,At-Risk / Low-Engagement,0.5973320467917325,1
14765,29,3,254.11,3.4011973816621555,1.3862943611198906,5.541694824693056,0,At-Risk / Low-Engagement,0.4092021883983698,0
14766,8,6,2473.37,2.1972245773362196,1.9459101490553132,7.813741097146052,1,Loyal / High-Value,0.14825659856136775,0
14768,17,2,192.60000000000002,2.8903717578961645,1.0986122886681096,5.265794174842477,0,At-Risk / Low-Engagement,0.47767276921886553,0
14769,2,8,10416.98,1.0986122886681096,2.1972245773362196,9.251288438549022,1,Loyal / High-Value,0.07071444406143089,0
14770,232,2,876.42,5.4510384535657,1.0986122886681096,6.7769857830927895,0,At-Risk / Low-Engagement,0.48896908595340377,0
14772,112,1,139.26,4.727387818712341,0.6931471805599453,4.943497843108764,0,At-Risk / Low-Engagement,0.6745480670553193,1
14775,58,3,1011.9,4.07753744390572,1.3862943611198906,6.9205727826927514,0,At-Risk / Low-Engagement,0.3510710938289162,0
14776,51,11,2538.3,3.9512437185814275,2.4849066497880004,7.839643731479347,1,Loyal / High-Value,0.11912241358433812,0
14778,127,2,730.86,4.852030263919617,1.0986122886681096,6.595589238838791,0,At-Risk / Low-Engagement,0.47496711031559896,0
14779,280,3,386.15,5.638354669333745,1.3862943611198906,5.958812214832733,0,At-Risk / Low-Engagement,0.4777723090993021,0
14780,54,2,447.68,4.007333185232471,1.0986122886681096,6.106309938777023,0,At-Risk / Low-Engagement,0.4706396984004796,0
14782,319,1,200.10000000000002,5.768320995793772,0.6931471805599453,5.303802296778606,0,At-Risk / Low-Engagement,0.6883495614321721,1
14784,26,2,289.99,3.295836866004329,1.0986122886681096,5.673288902319859,0,At-Risk / Low-Engagement,0.46837343855352803,0
14785,10,2,77.4,2.3978952727983707,1.0986122886681096,4.361823927356363,0,At-Risk / Low-Engagement,0.5160150837613122,1
14788,7,2,679.4399999999999,2.0794415416798357,1.0986122886681096,6.522739647741382,1,Loyal / High-Value,0.36296325469283647,0
14789,28,1,197.64,3.367295829986474,0.6931471805599453,5.2914941411999115,0,At-Risk / Low-Engagement,0.5988298979141359,1
14790,16,4,745.06,2.833213344056216,1.6094379124341003,6.61480602592395,1,Loyal / High-Value,0.2734042814000944,0
14792,63,1,6.2,4.1588830833596715,0.6931471805599453,3.9740583963475986,0,At-Risk / Low-Engagement,0.7116183920171715,1
14793,21,1,228.99,3.091042453358316,0.6931471805599453,5.438035829717119,0,At-Risk / Low-Engagement,0.5778289840242061,1
14794,2,7,1319.91,1.0986122886681096,2.0794415416798357,7.186076171996967,1,Loyal / High-Value,0.12903325854868938,0
14795,166,1,131.45000000000002,5.117993812416755,0.6931471805599453,4.886205215718078,0,At-Risk / Low-Engagement,0.6924970369837568,1
14796,1,17,7975.49,0.6931471805599453,2.8903717578961645,8.984253744057574,1,Loyal / High-Value,0.03615235327272423,0
14798,52,3,173.74,3.970291913552122,1.3862943611198906,5.163299154869948,0,At-Risk / Low-Engagement,0.458004277170469,0
14799,51,1,157.7,3.9512437185814275,0.6931471805599453,5.0670156275323635,0,At-Risk / Low-Engagement,0.6367682432958574,1
14800,47,12,4331.79,3.8712010109078907,2.5649493574615367,8.373966955298872,1,Loyal / High-Value,0.09642064053205243,0
14801,61,1,189.34,4.127134385045092,0.6931471805599453,5.248811946644198,0,At-Risk / Low-Engagement,0.6327081201863825,1
14803,162,3,845.55,5.093750200806762,1.3862943611198906,6.741169266574241,0,At-Risk / Low-Engagement,0.4036213487706604,0
14804,8,1,353.27,2.1972245773362196,0.6931471805599453,5.8700593342813,0,At-Risk / Low-Engagement,0.5110990598949279,1
14805,15,4,546.4,2.772588722239781,1.6094379124341003,6.305179796606579,1,Loyal / High-Value,0.28780049883141684,0
14806,75,1,193.39000000000001,4.330733340286331,0.6931471805599453,5.269866450374021,0,At-Risk / Low-Engagement,0.6396047559729645,1
14808,39,8,2718.6,3.6888794541139363,2.1972245773362196,7.908240089652304,1,Loyal / High-Value,0.1454437736322557,0
14810,40,11,2085.33,3.713572066704308,2.4849066497880004,7.643161820556003,1,Loyal / High-Value,0.12024597758543187,0
14813,369,2,152.88,5.912501651847105,1.0986122886681096,5.0361730778840945,0,At-Risk / Low-Engagement,0.6104612537416435,1
14815,36,2,778.5,3.6109179126442243,1.0986122886681096,6.658652688497831,0,At-Risk / Low-Engagement,0.4176430880562911,0
14816,197,1,271.85,5.288267030694535,0.6931471805599453,5.608922193632241,0,At-Risk / Low-Engagement,0.6570835577788807,1
14817,200,2,1110.34,5.303304908059076,1.0986122886681096,7.0133217734248765,0,At-Risk / Low-Engagement,0.46698004090434025,0
14818,73,3,657.8,4.304065093204169,1.3862943611198906,6.490419998303485,0,At-Risk / Low-Engagement,0.38668541675189383,0
14819,64,2,272.07,4.174387269895637,1.0986122886681096,5.609728172573878,0,At-Risk / Low-Engagement,0.5106793192884403,1
14820,21,4,507.29,3.091042453358316,1.6094379124341003,6.231052150838124,1,Loyal / High-Value,0.30339545801459694,0
14821,366,1,48.800000000000004,5.905361848054571,0.6931471805599453,3.9740583963475986,0,At-Risk / Low-Engagement,0.7614858902906267,1
14823,180,3,321.43,5.198497031265826,1.3862943611198906,5.775886058412575,0,At-Risk / Low-Engagement,0.4707816451281157,0
14824,10,4,1127.71,2.3978952727983707,1.6094379124341003,7.028830666672488,1,Loyal / High-Value,0.23821560589428828,0
14825,3,12,2221.01,1.3862943611198906,2.5649493574615367,7.706167470639493,1,Loyal / High-Value,0.07637182696943604,0
14828,196,3,2139.76,5.2832037287379885,1.3862943611198906,7.668916185155464,0,At-Risk / Low-Engagement,0.35371086152972697,0
14829,29,4,697.55,3.4011973816621555,1.6094379124341003,6.549006758096496,1,Loyal / High-Value,0.29705322096181247,0
14830,53,1,188.88,3.9889840465642745,0.6931471805599453,5.246392293683117,0,At-Risk / Low-Engagement,0.6272639212132746,1
14834,17,6,1720.3,2.8903717578961645,1.9459101490553132,7.4508350982774605,1,Loyal / High-Value,0.17770061824129624,0
14836,10,3,102.44999999999999,2.3978952727983707,1.3862943611198906,4.639088404191552,0,At-Risk / Low-Engagement,0.42484881243202494,0
14837,89,4,1649.5,4.499809670330265,1.6094379124341003,7.408833551293248,1,Loyal / High-Value,0.2894883225691776,0
14840,267,1,62.85,5.5909869805108565,0.6931471805599453,4.156536582478548,0,At-Risk / Low-Engagement,0.7477938815888002,1
14841,53,6,3295.76,3.9889840465642745,1.9459101490553132,8.10069544697357,1,Loyal / High-Value,0.18049541175743178,0
14842,43,4,2824.69,3.784189633918261,1.6094379124341003,7.946507861544517,1,Loyal / High-Value,0.23788414040508998,0
14844,63,4,3189.81,4.1588830833596715,1.6094379124341003,8.068030082042343,1,Loyal / High-Value,0.24390981899299047,0
14847,148,1,309.4,5.003946305945459,0.6931471805599453,5.737861788309064,0,At-Risk / Low-Engagement,0.638036512708914,1
14849,21,25,7930.54,3.091042453358316,3.258096538021482,8.978602495018041,1,Loyal / High-Value,0.0407425320566811,0
14850,311,1,325.75,5.7430031878094825,0.6931471805599453,5.789195352504331,0,At-Risk / Low-Engagement,0.6601780993872632,1
14851,23,2,511.35,3.1780538303479458,1.0986122886681096,6.239007985245727,0,At-Risk / Low-Engagement,0.42636536259069674,0
14852,58,6,2836.69,4.07753744390572,1.9459101490553132,7.950745619900337,1,Loyal / High-Value,0.1887779161575782,0
14853,24,2,475.8,3.2188758248682006,1.0986122886681096,6.16709711575114,0,At-Risk / Low-Engagement,0.4327612466233157,0
14854,78,7,2740.03,4.3694478524670215,2.0794415416798357,7.916089041153508,1,Loyal / High-Value,0.17734768094379533,0
14855,119,2,645.65,4.787491742782046,1.0986122886681096,6.471805189861254,0,At-Risk / Low-Engagement,0.4803352983374627,0
14856,36,3,1290.53,3.6109179126442243,1.3862943611198906,7.163582841069827,1,Loyal / High-Value,0.31872711609499915,0
14857,59,2,1173.12,4.0943445622221,1.0986122886681096,7.068274209815247,0,At-Risk / Low-Engagement,0.4117381777464901,0
14859,12,4,1353.74,2.5649493574615367,1.6094379124341003,7.211364832983292,1,Loyal / High-Value,0.2347413502061721,0
14860,19,1,170.32,2.995732273553991,0.6931471805599453,5.14353315274717,0,At-Risk / Low-Engagement,0.5927082978501901,1
14861,52,1,125.79,3.970291913552122,0.6931471805599453,4.842532174539857,0,At-Risk / Low-Engagement,0.6511325917662809,1
14862,25,2,841.1999999999999,3.258096538021482,1.0986122886681096,6.736017515727827,0,At-Risk / Low-Engagement,0.39790757669619503,0
14863,29,1,266.76,3.4011973816621555,0.6931471805599453,5.590091056903071,0,At-Risk / Low-Engagement,0.5811602919043297,1
14865,7,2,52.2,2.0794415416798357,1.0986122886681096,3.9740583963475986,0,At-Risk / Low-Engagement,0.5277928990432197,1
14866,10,12,14389.9,2.3978952727983707,2.5649493574615367,9.574351341358595,1,Loyal / High-Value,0.05673824054090674,0
14867,185,3,710.28,5.225746673713202,1.3862943611198906,6.567066163812884,0,At-Risk / Low-Engagement,0.4203240294614448,0
14868,3,8,2953.59,1.3862943611198906,2.1972245773362196,7.99111517232888,1,Loyal / High-Value,0.10041352268379028,0
14869,8,2,721.45,2.1972245773362196,1.0986122886681096,6.5826482134396205,1,Loyal / High-Value,0.3640320011646573,0
14870,261,1,327.25,5.568344503761097,0.6931471805599453,5.793775513182905,0,At-Risk / Low-Engagement,0.6570330058212075,1
14871,3,4,501.28000000000003,1.3862943611198906,1.6094379124341003,6.219157733120763,1,Loyal / High-Value,0.24524539042211652,0
14873,210,1,519.68,5.351858133476067,0.6931471805599453,6.25513564959826,0,At-Risk / Low-Engagement,0.6202302647760627,1
14875,107,2,1465.3200000000002,4.68213122712422,1.0986122886681096,7.290511139663592,0,At-Risk / Low-Engagement,0.4222737721824011,0
14878,12,9,1476.09,2.5649493574615367,2.302585092994046,7.297829215001296,1,Loyal / High-Value,0.12873542016782324,0
14880,77,3,690.59,4.356708826689592,1.3862943611198906,6.5389932944796145,0,At-Risk / Low-Engagement,0.38580877405307373,0
14881,19,1,255.4,2.995732273553991,0.6931471805599453,5.546738725046515,0,At-Risk / Low-Engagement,0.5667429261125173,1
14882,26,2,589.7,3.295836866004329,1.0986122886681096,6.38130827431319,0,At-Risk / Low-Engagement,0.4221730272149467,0
14883,18,6,761.59,2.9444389791664403,1.9459101490553132,6.636720534303131,1,Loyal / High-Value,0.21292551969161422,0
14885,131,1,765.3199999999999,4.882801922586371,0.6931471805599453,6.6415998370746365,0,At-Risk / Low-Engagement,0.576124332143834,1
14886,252,1,364.8,5.53338948872752,0.6931471805599453,5.9020867359567655,0,At-Risk / Low-Engagement,0.649170204074044,1
14887,79,1,1862.0,4.382026634673881,0.6931471805599453,7.529943370601589,0,At-Risk / Low-Engagement,0.49626167803115584,0
14888,207,1,369.2,5.337538079701318,0.6931471805599453,5.914043400139397,0,At-Risk / Low-Engagement,0.6406566450148252,1
14889,336,1,135.9,5.820082930352362,0.6931471805599453,4.919250732294404,0,At-Risk / Low-Engagement,0.7097316521582182,1
14890,253,1,125.65,5.537334267018537,0.6931471805599453,4.841427376447684,0,At-Risk / Low-Engagement,0.7102281931272258,1
14891,148,2,554.38,5.003946305945459,1.0986122886681096,6.319652564141498,0,At-Risk / Low-Engagement,0.4997805361280302,0
14893,9,2,1237.8500000000001,2.302585092994046,1.0986122886681096,7.121938808924836,1,Loyal / High-Value,0.3357744056129416,0
14894,85,1,655.75,4.454347296253507,0.6931471805599453,6.4873034285656495,0,At-Risk / Low-Engagement,0.5678924504342797,1
14895,7,20,11138.710000000001,2.0794415416798357,3.044522437723423,9.31827148082645,1,Loyal / High-Value,0.03598249088637961,0
14896,204,2,468.77000000000004,5.3230099791384085,1.0986122886681096,6.152243213225462,0,At-Risk / Low-Engagement,0.5246797675514402,1
14897,7,4,1366.38,2.0794415416798357,1.6094379124341003,7.220651779074644,1,Loyal / High-Value,0.21951198123626534,0
14898,23,6,1269.31,3.1780538303479458,1.9459101490553132,7.147016244154614,1,Loyal / High-Value,0.19754422327998664,0
14901,11,9,1421.29,2.4849066497880004,2.302585092994046,7.260023527685966,1,Loyal / High-Value,0.1282977634201192,0
14902,25,1,332.66,3.258096538021482,0.6931471805599453,5.810122510427528,0,At-Risk / Low-Engagement,0.5608252538188835,1
14903,21,5,2795.33,3.091042453358316,1.791759469228055,7.936063122140283,1,Loyal / High-Value,0.18723636292263027,0
14904,2,2,1025.44,1.0986122886681096,1.0986122886681096,6.933851783703411,1,Loyal / High-Value,0.3012033491804669,0
14905,157,2,616.15,5.062595033026967,1.0986122886681096,6.425112106189937,0,At-Risk / Low-Engagement,0.4953570771266745,0
14907,3,7,3501.1,1.3862943611198906,2.0794415416798357,8.161118067549472,1,Loyal / High-Value,0.10742241380626881,0
14908,74,1,277.8,4.31748811353631,0.6931471805599453,5.630494678886369,0,At-Risk / Low-Engagement,0.6168044992719951,1
14910,2,4,434.35,1.0986122886681096,1.6094379124341003,6.076150305274624,1,Loyal / High-Value,0.2430016297092289,0
14911,1,201,143711.17,0.6931471805599453,3.4339872044851463,9.892501674765558,1,Loyal / High-Value,0.023305644754665837,0
14912,16,2,867.85,2.833213344056216,1.0986122886681096,6.767170498168263,0,At-Risk / Low-Engagement,0.3784281785599176,0
14913,35,4,1227.43,3.58351893845611,1.6094379124341003,7.113492210280828,1,Loyal / High-Value,0.273102298051814,0
14915,91,2,307.48,4.5217885770490405,1.0986122886681096,5.731657011422181,0,At-Risk / Low-Engagement,0.5176997654131378,1
14916,70,4,1268.98,4.2626798770413155,1.6094379124341003,7.146756431297139,1,Loyal / High-Value,0.2953020931890652,0
14918,115,2,1610.15,4.7535901911063645,1.0986122886681096,7.384703488712166,0,At-Risk / Low-Engagement,0.4192295824460079,0
14920,212,2,977.77,5.3612921657094255,1.0986122886681096,6.886296681323568,0,At-Risk / Low-Engagement,0.4778599665662699,0
14921,30,2,1316.07,3.4339872044851463,1.0986122886681096,7.1831648514317985,0,At-Risk / Low-Engagement,0.3771045638888337,0
14923,50,1,749.1,3.9318256327243257,0.6931471805599453,6.62020653097559,0,At-Risk / Low-Engagement,0.5367745769971335,1
14924,245,1,310.05,5.5053315359323625,0.6931471805599453,5.739953670961029,0,At-Risk / Low-Engagement,0.657772763765027,1
14929,32,1,223.88,3.4965075614664802,0.6931471805599453,5.415566926598276,0,At-Risk / Low-Engagement,0.596338749093251,1
14930,108,3,2362.96,4.6913478822291435,1.3862943611198906,7.768093457909063,1,Loyal / High-Value,0.3248027893642417,0
14931,4,5,1257.68,1.6094379124341003,1.791759469228055,7.137818831761513,1,Loyal / High-Value,0.1802919464780569,0
14932,365,1,363.53,5.902633333401366,0.6931471805599453,5.89860885258863,0,At-Risk / Low-Engagement,0.653658916921728,1
14934,81,2,1890.94,4.406719247264253,1.0986122886681096,7.5453580366354,0,At-Risk / Low-Engagement,0.39444681805978954,0
14935,297,1,1784.71,5.697093486505405,0.6931471805599453,7.487571374232199,0,At-Risk / Low-Engagement,0.5535629000230409,1
14936,33,8,8137.02,3.5263605246161616,2.1972245773362196,9.004302186164907,1,Loyal / High-Value,0.11019077391,0
14937,56,3,1621.88,4.04305126783455,1.3862943611198906,7.3919576276276855,1,Loyal / High-Value,0.3219232103504203,0
14944,29,12,5900.25,3.4011973816621555,2.5649493574615367,8.682919471860497,1,Loyal / High-Value,0.0830996503198656,0
14946,14,1,100.9,2.70805020110221,0.6931471805599453,4.623991940228679,0,At-Risk / Low-Engagement,0.6136212854514032,1
14947,72,2,290.82,4.290459441148391,1.0986122886681096,5.676137173835876,0,At-Risk / Low-Engagement,0.5113298904587421,1
14948,23,6,1101.97,3.1780538303479458,1.9459101490553132,7.005761820334205,1,Loyal / High-Value,0.20353099889393617,0
14950,19,1,371.2,2.995732273553991,0.6931471805599453,5.91943134420815,0,At-Risk / Low-Engagement,0.5424086858534171,1
14951,79,1,311.69,4.382026634673881,0.6931471805599453,5.745212284419341,0,At-Risk / Low-Engagement,0.6122756218993208,1
14952,59,11,8099.49,4.0943445622221,2.4849066497880004,8.999679832658012,1,Loyal / High-Value,0.0925744416161032,0
14953,25,1,285.67,3.258096538021482,0.6931471805599453,5.658331728418817,0,At-Risk / Low-Engagement,0.5706838855701919,1
14954,12,1,294.85,2.5649493574615367,0.6931471805599453,5.689852569122703,0,At-Risk / Low-Engagement,0.5389002324192097,1
14957,253,1,58.49,5.537334267018537,0.6931471805599453,4.085808231199814,0,At-Risk / Low-Engagement,0.749558818729899,1
14958,147,3,483.72999999999996,4.997212273764115,1.3862943611198906,6.183592034891002,0,At-Risk / Low-Engagement,0.4354237398786598,0
14959,64,4,695.42,4.174387269895637,1.6094379124341003,6.545952926608586,0,At-Risk / Low-Engagement,0.3260143596087425,0
14960,8,2,221.27,2.1972245773362196,1.0986122886681096,5.4038928590966755,0,At-Risk / Low-Engagement,0.4387415529549132,0
14961,10,9,7044.68,2.3978952727983707,2.302585092994046,8.860169942031078,1,Loyal / High-Value,0.08672866855703766,0
14962,270,1,126.7,5.602118820879701,0.6931471805599453,4.8496837630384935,0,At-Risk / Low-Engagement,0.7120911919414094,1
14963,9,5,1472.34,2.302585092994046,1.791759469228055,7.295287211280274,1,Loyal / High-Value,0.1922262057649434,0
14964,247,1,206.21,5.5134287461649825,0.6931471805599453,5.333732771768991,0,At-Risk / Low-Engagement,0.6818282230380827,1
14965,96,2,596.09,4.574710978503383,1.0986122886681096,6.3920678557992385,0,At-Risk / Low-Engagement,0.47637347512860023,0
14966,14,1,183.02,2.70805020110221,0.6931471805599453,5.215044447354215,0,At-Risk / Low-Engagement,0.5759817278857114,1
14967,49,1,463.8,3.912023005428146,0.6931471805599453,6.141607205537701,0,At-Risk / Low-Engagement,0.5672047092974266,1
14968,30,1,147.59,3.4339872044851463,0.6931471805599453,5.001190835268256,0,At-Risk / Low-Engagement,0.619853179838046,1
14970,68,4,1592.06,4.23410650459726,1.6094379124341003,7.373411973984176,1,Loyal / High-Value,0.2819811317805208,0
14971,35,3,1097.98,3.58351893845611,1.3862943611198906,7.002137755875882,1,Loyal / High-Value,0.327017810425574,0
14972,128,1,114.77,4.859812404361672,0.6931471805599453,4.751605464217637,0,At-Risk / Low-Engagement,0.6905220000905381,1
14973,107,3,1314.45,4.68213122712422,1.3862943611198906,7.181934091396172,0,At-Risk / Low-Engagement,0.3592961058194859,0
14974,37,1,89.94,3.6375861597263857,0.6931471805599453,4.510199948396864,0,At-Risk / Low-Engagement,0.6579326021144126,1
14975,57,1,279.94,4.060443010546419,0.6931471805599453,5.638141123402764,0,At-Risk / Low-Engagement,0.6057158599207579,1
14976,57,7,790.86,4.060443010546419,2.0794415416798357,6.674384608512411,1,Loyal / High-Value,0.22100578532829557,0
14978,72,5,1921.3700000000001,4.290459441148391,1.791759469228055,7.561314078807358,1,Loyal / High-Value,0.23854606736006,0
14981,246,1,102.12,5.5093883366279774,0.6931471805599453,4.635893358630932,0,At-Risk / Low-Engagement,0.7203054151167886,1
14984,19,2,202.37,2.995732273553991,1.0986122886681096,5.315026980110984,0,At-Risk / Low-Engagement,0.4789912947442966,0
14985,198,2,292.01,5.293304824724492,1.0986122886681096,5.680206738127495,0,At-Risk / Low-Engagement,0.5543927334549522,1
14987,15,2,326.4,2.772588722239781,1.0986122886681096,5.791182664937034,0,At-Risk / Low-Engagement,0.4381369624534014,0
14988,211,1,334.54,5.356586274672012,0.6931471805599453,5.8157411743422545,0,At-Risk / Low-Engagement,0.6473731847909702,1
14995,38,2,231.98000000000002,3.6635616461296463,1.0986122886681096,5.450952612971631,0,At-Risk / Low-Engagement,0.4989937978922016,0
14997,46,3,546.1999999999999,3.8501476017100584,1.3862943611198906,6.3048143663083405,0,At-Risk / Low-Engagement,0.3796491921494011,0
14998,170,2,414.87,5.14166355650266,1.0986122886681096,6.030372711422963,0,At-Risk / Low-Engagement,0.5248597544647751,1
15000,47,1,490.52,3.8712010109078907,0.6931471805599453,6.197502630519253,0,At-Risk / Low-Engagement,0.5618288357507945,1
15002,115,4,1641.76,4.7535901911063645,1.6094379124341003,7.404133033112973,1,Loyal / High-Value,0.29889849326915807,0
15004,147,1,1220.77,4.997212273764115,0.6931471805599453,7.108055905977399,0,At-Risk / Low-Engagement,0.5506840903871043,1
15005,15,28,6295.37,2.772588722239781,3.367295829986474,8.74772855584191,1,Loyal / High-Value,0.040966891201357346,0
15006,51,1,480.38,3.9512437185814275,0.6931471805599453,6.17665697899362,0,At-Risk / Low-Engagement,0.5666021664824552,1
15007,159,1,156.91,5.075173815233827,0.6931471805599453,5.062025250478552,0,At-Risk / Low-Engagement,0.6808974353700347,1
15009,12,3,1259.43,2.5649493574615367,1.3862943611198906,7.139208211567486,1,Loyal / High-Value,0.2819402683069473,0
15010,35,1,308.94,3.58351893845611,0.6931471805599453,5.736378730359188,0,At-Risk / Low-Engagement,0.5794535676424383,1
15012,53,2,405.04,3.9889840465642745,1.0986122886681096,6.00645167691623,0,At-Risk / Low-Engagement,0.47642665858342786,0
15014,43,2,257.67,3.784189633918261,1.0986122886681096,5.555553118030016,0,At-Risk / Low-Engagement,0.49731829708472186,0
15016,172,1,170.04,5.153291594497779,0.6931471805599453,5.141897447276735,0,At-Risk / Low-Engagement,0.6792551796057144,1
15017,33,1,125.58,3.5263605246161616,0.6931471805599453,4.840874519347159,0,At-Risk / Low-Engagement,0.6335213178637253,1
15018,38,3,496.21000000000004,3.6635616461296463,1.3862943611198906,6.209012472065032,0,At-Risk / Low-Engagement,0.37798310475167296,0
15019,266,1,252.81,5.58724865840025,0.6931471805599453,5.536585955607315,0,At-Risk / Low-Engagement,0.6729104851581412,1
15021,8,9,1871.77,2.1972245773362196,2.302585092994046,7.535173897253012,1,Loyal / High-Value,0.11518848807540029,0
15022,11,4,852.39,2.4849066497880004,1.6094379124341003,6.749216652850701,1,Loyal / High-Value,0.25474735828432754,0
15023,3,11,6720.41,1.3862943611198906,2.4849066497880004,8.81305323293633,1,Loyal / High-Value,0.06276013543715657,0
15024,9,10,1636.43,2.302585092994046,2.3978952727983707,7.400883218504078,1,Loyal / High-Value,0.11082924338310664,0
15025,33,1,361.96,3.5263605246161616,0.6931471805599453,5.894292635355709,0,At-Risk / Low-Engagement,0.5668115537619937,1
15026,80,3,469.0,4.394449154672439,1.3862943611198906,6.152732694704104,0,At-Risk / Low-Engagement,0.4118576926018247,0
15027,30,4,1066.1499999999999,3.4339872044851463,1.6094379124341003,6.972746822489577,1,Loyal / High-Value,0.2753388534180635,0
15028,8,4,627.13,2.1972245773362196,1.6094379124341003,6.442747151414763,1,Loyal / High-Value,0.26068814489814346,0
15030,71,2,518.28,4.276666119016055,1.0986122886681096,6.252443236725213,0,At-Risk / Low-Engagement,0.4726696789176273,0
15031,4,4,653.19,1.6094379124341003,1.6094379124341003,6.483397829142147,1,Loyal / High-Value,0.23953426663321828,0
15032,256,3,4959.1,5.54907608489522,1.3862943611198906,8.50918118080606,1,Loyal / High-Value,0.31459271337297656,0
15033,4,10,2557.18,1.6094379124341003,2.3978952727983707,7.847051347137703,1,Loyal / High-Value,0.08942730852131008,0
15034,15,8,4274.16,2.772588722239781,2.1972245773362196,8.360576807571077,1,Loyal / High-Value,0.11409985027943309,0
15035,89,1,252.73000000000002,4.499809670330265,0.6931471805599453,5.536270709515726,0,At-Risk / Low-Engagement,0.6300857772325855,1
15036,72,3,429.56,4.290459441148391,1.3862943611198906,6.065086686978596,0,At-Risk / Low-Engagement,0.41309595631582235,0
15038,58,6,685.74,4.07753744390572,1.9459101490553132,6.531955763529723,1,Loyal / High-Value,0.25296223324539574,0
15039,9,47,19766.59,2.302585092994046,3.4339872044851463,9.891799006862502,1,Loyal / High-Value,0.030592346177563453,0
15041,170,1,179.93,5.14166355650266,0.6931471805599453,5.198110216131005,0,At-Risk / Low-Engagement,0.6755662777462348,1
15042,199,1,135.93,5.298317366548036,0.6931471805599453,4.919469846344143,0,At-Risk / Low-Engagement,0.697272912138001,1
15043,31,1,537.0,3.4657359027997265,0.6931471805599453,6.2878585601617845,0,At-Risk / Low-Engagement,0.5384923097396823,1
15044,19,17,7634.7300000000005,2.995732273553991,2.8903717578961645,8.94059382539389,1,Loyal / High-Value,0.05356972653418652,0
15045,151,2,735.66,5.0238805208462765,1.0986122886681096,6.602126456028984,0,At-Risk / Low-Engagement,0.4819840491132777,0
15046,9,15,5090.42,2.302585092994046,2.772588722239781,8.535312049026333,1,Loyal / High-Value,0.059260676403434784,0
15047,269,1,343.62,5.598421958998375,0.6931471805599453,5.842442360714953,0,At-Risk / Low-Engagement,0.6553088382727345,1
15048,65,4,381.0,4.189654742026425,1.6094379124341003,5.945420608606575,0,At-Risk / Low-Engagement,0.36242628559320345,0
15049,273,1,121.17000000000002,5.6131281063880705,0.6931471805599453,4.8054135174159684,0,At-Risk / Low-Engagement,0.7148746721830699,1
15050,25,3,1737.69,3.258096538021482,1.3862943611198906,7.460887235093727,1,Loyal / High-Value,0.2891513172665659,0
15051,23,3,1383.3600000000001,3.1780538303479458,1.3862943611198906,7.232993217960352,1,Loyal / High-Value,0.298769943149117,0
15052,319,1,207.73000000000002,5.768320995793772,0.6931471805599453,5.341041550757815,0,At-Risk / Low-Engagement,0.686233620394421,1
15053,4,3,693.95,1.6094379124341003,1.3862943611198906,6.5438399005307675,1,Loyal / High-Value,0.28021034028417213,0
15054,12,2,302.1,2.5649493574615367,1.0986122886681096,5.714062784063757,0,At-Risk / Low-Engagement,0.43428174366721906,0
15057,275,2,1489.5,5.62040086571715,1.0986122886681096,7.306866913118126,0,At-Risk / Low-Engagement,0.46137646101283514,0
15058,25,11,2102.54,3.258096538021482,2.4849066497880004,7.651376918775613,1,Loyal / High-Value,0.11190919788939466,0
15059,40,9,1337.72,3.713572066704308,2.302585092994046,7.199469212547289,1,Loyal / High-Value,0.1562131671600992,0
15060,8,4,294.25,2.1972245773362196,1.6094379124341003,5.687822455077471,1,Loyal / High-Value,0.30094320088616244,0
15061,3,48,54534.14,1.3862943611198906,3.4339872044851463,9.892501674765558,1,Loyal / High-Value,0.026209209340989446,0
15062,71,4,987.86,4.276666119016055,1.6094379124341003,6.896552764474143,0,At-Risk / Low-Engagement,0.30977037464773716,0
15063,213,1,370.79999999999995,5.365976015021851,0.6931471805599453,5.918356075287344,0,At-Risk / Low-Engagement,0.6415308136504607,1
15065,37,4,3158.13,3.6375861597263857,1.6094379124341003,8.058051952218728,1,Loyal / High-Value,0.22806529135521633,0
15066,53,1,893.59,3.9889840465642745,0.6931471805599453,6.796365512756079,0,At-Risk / Low-Engagement,0.527651733600445,1
15067,78,3,1744.76,4.3694478524670215,1.3862943611198906,7.464945269906789,0,At-Risk / Low-Engagement,0.3301399823754268,0
15068,46,2,553.36,3.8501476017100584,1.0986122886681096,6.317814295200602,0,At-Risk / Low-Engagement,0.4499692792663249,0
15069,179,1,1109.53,5.19295685089021,0.6931471805599453,7.012592657827759,0,At-Risk / Low-Engagement,0.5652930545349596,1
15070,372,1,106.2,5.912501651847105,0.6931471805599453,4.674696248636701,0,At-Risk / Low-Engagement,0.7228685855544107,1
15071,93,2,982.07,4.543294782270004,1.0986122886681096,6.890680328191671,0,At-Risk / Low-Engagement,0.44229458674538197,0
15073,9,3,1043.41,2.302585092994046,1.3862943611198906,6.951207411654662,1,Loyal / High-Value,0.2827777609851411,0
15074,105,1,735.67,4.663439094112067,0.6931471805599453,6.60214003072033,0,At-Risk / Low-Engagement,0.5693536388884654,1
15075,77,1,773.03,4.356708826689592,0.6931471805599453,6.651610632528512,0,At-Risk / Low-Engagement,0.5530149132336198,1
15076,172,1,880.85,5.153291594497779,0.6931471805599453,6.782021973516374,0,At-Risk / Low-Engagement,0.5785296191674327,1
15078,7,32,9743.11,2.0794415416798357,3.4339872044851463,9.184418278884316,1,Loyal / High-Value,0.03264087318019385,0
15079,212,4,895.61,5.3612921657094255,1.6094379124341003,6.798620984904737,0,At-Risk / Low-Engagement,0.35734329165177764,0
15081,22,5,504.8,3.1354942159291497,1.791759469228055,6.226141334235865,1,Loyal / High-Value,0.267315773236896,0
15083,256,1,88.2,5.54907608489522,0.6931471805599453,4.490881039585964,0,At-Risk / Low-Engagement,0.7293265197170622,1
15087,281,1,306.94,5.641907070938114,0.6931471805599453,5.7299049588017725,0,At-Risk / Low-Engagement,0.6636857968661114,1
15088,21,2,1160.07,3.091042453358316,1.0986122886681096,7.057097272731341,0,At-Risk / Low-Engagement,0.37096182265149846,0
15089,10,6,2420.84,2.3978952727983707,1.9459101490553132,7.7922828608243835,1,Loyal / High-Value,0.1534475598897772,0
15090,308,1,381.32,5.733341276897746,0.6931471805599453,5.946257954269903,0,At-Risk / Low-Engagement,0.6508015311156541,1
15091,67,1,480.71,4.219507705176107,0.6931471805599453,6.177342273229703,0,At-Risk / Low-Engagement,0.5779625057232256,1
15092,215,2,457.81,5.375278407684165,1.0986122886681096,6.1286361810072245,0,At-Risk / Low-Engagement,0.5284988274676511,1
15093,18,6,4597.02,2.9444389791664403,1.9459101490553132,8.433381055030935,1,Loyal / High-Value,0.14401003057027997,0
15095,103,4,1370.6,4.6443908991413725,1.6094379124341003,7.223733220588765,0,At-Risk / Low-Engagement,0.30495297313665176,0
15096,42,1,219.39000000000001,3.7612001156935624,0.6931471805599453,5.3953987041986,0,At-Risk / Low-Engagement,0.6086257347985098,1
15097,4,1,248.08,1.6094379124341003,0.6931471805599453,5.517774130004251,0,At-Risk / Low-Engagement,0.5088608356851225,1
15098,182,3,39916.5,5.209486152841421,1.3862943611198906,9.892501674765558,1,Loyal / High-Value,0.2456547149531944,0
15099,84,1,410.48,4.442651256490317,0.6931471805599453,6.019760416262829,0,At-Risk / Low-Engagement,0.5974457356556515,1
15100,333,3,876.0,5.8111409929767,1.3862943611198906,6.776506992372183,0,At-Risk / Low-Engagement,0.42445000562720664,0
15101,8,2,317.53,2.1972245773362196,1.0986122886681096,5.763716662099238,0,At-Risk / Low-Engagement,0.4154694375988188,0
15103,31,2,703.36,3.4657359027997265,1.0986122886681096,6.557289589092577,0,At-Risk / Low-Engagement,0.41802776805006053,0
15104,196,2,993.54,5.2832037287379885,1.0986122886681096,6.902280318701867,0,At-Risk / Low-Engagement,0.47342333572078177,0
15105,18,7,2298.93,2.9444389791664403,2.0794415416798357,7.740633966671485,1,Loyal / High-Value,0.14987972688056359,0
15106,17,5,1422.52,2.8903717578961645,1.791759469228055,7.2608879564964575,1,Loyal / High-Value,0.21008346715711393,0
15107,311,6,319.5,5.7430031878094825,1.9459101490553132,5.7698822763607245,0,At-Risk / Low-Engagement,0.35213079913607886,0
15108,141,4,1300.25,4.955827057601261,1.6094379124341003,7.171080619929179,0,At-Risk / Low-Engagement,0.31955696606873624,0
15109,245,1,484.95,5.5053315359323625,0.6931471805599453,6.18610573794948,0,At-Risk / Low-Engagement,0.6307492272859657,1
15110,23,4,996.1,3.1780538303479458,1.6094379124341003,6.904851065834747,1,Loyal / High-Value,0.27008239823316266,0
15111,29,3,1567.48,3.4011973816621555,1.3862943611198906,7.357862276513416,1,Loyal / High-Value,0.29997500287988726,0
15113,9,3,3509.43,2.302585092994046,1.3862943611198906,8.163493816079034,1,Loyal / High-Value,0.22248819446716678,0
15114,30,10,2760.56,3.4339872044851463,2.3978952727983707,7.923551016427315,1,Loyal / High-Value,0.11670942428128436,0
15115,18,1,340.11,2.9444389791664403,0.6931471805599453,5.832205005910728,0,At-Risk / Low-Engagement,0.545918943616427,1
15116,17,4,1352.75,2.8903717578961645,1.6094379124341003,7.2106337983152,1,Loyal / High-Value,0.24508245618233393,0
15117,14,5,1551.78,2.70805020110221,1.791759469228055,7.3478021518130685,1,Loyal / High-Value,0.20115875035965664,0
15118,134,1,244.8,4.90527477843843,0.6931471805599453,5.504518197131935,0,At-Risk / Low-Engagement,0.6482611341733565,1
15119,245,1,266.4,5.5053315359323625,0.6931471805599453,5.588745664667843,0,At-Risk / Low-Engagement,0.6667140599614217,1
15120,133,1,358.82,4.897839799950911,0.6931471805599453,5.885603906408473,0,At-Risk / Low-Engagement,0.6246571304605457,1
15121,50,2,457.72,3.9318256327243257,1.0986122886681096,6.12844000213506,0,At-Risk / Low-Engagement,0.4659174285970035,0
15122,114,3,1633.78,4.74493212836325,1.3862943611198906,7.399263517702882,0,At-Risk / Low-Engagement,0.3486520557302101,0
15123,7,2,2199.31,2.0794415416798357,1.0986122886681096,7.696353538510563,1,Loyal / High-Value,0.2946716086360608,0
15124,22,2,184.19,3.1354942159291497,1.0986122886681096,5.221382325073915,0,At-Risk / Low-Engagement,0.4912379852859107,0
15125,25,15,11528.48,3.258096538021482,2.772588722239781,9.35266251250627,1,Loyal / High-Value,0.05652717467303001,0
15127,65,1,406.53,4.189654742026425,0.6931471805599453,6.010114549603027,0,At-Risk / Low-Engagement,0.5874517161457438,1
15128,60,4,1471.0,4.110873864173311,1.6094379124341003,7.294377299288821,1,Loyal / High-Value,0.28187802404164597,0
15129,50,11,3447.4,3.9318256327243257,2.4849066497880004,8.14566563433577,1,Loyal / High-Value,0.1105589063245797,0
15130,169,1,330.11,5.135798437050262,0.6931471805599453,5.802450646452902,0,At-Risk / Low-Engagement,0.6393808186830313,1
15132,18,5,977.9300000000001,2.9444389791664403,1.791759469228055,6.886460138441978,1,Loyal / High-Value,0.22863383295853787,0
15133,127,3,982.42,4.852030263919617,1.3862943611198906,6.891036292375263,0,At-Risk / Low-Engagement,0.38414198038356817,0
15134,14,8,1387.99,2.70805020110221,2.1972245773362196,7.236332143304382,1,Loyal / High-Value,0.14635055254166446,0
15135,239,1,139.05,5.480638923341991,0.6931471805599453,4.941999501706118,0,At-Risk / Low-Engagement,0.7026724060997321,1
15136,2,4,1286.7,1.0986122886681096,1.6094379124341003,7.160612960279738,1,Loyal / High-Value,0.19419176322442086,0
15139,239,2,178.96,5.480638923341991,1.0986122886681096,5.192734603972972,0,At-Risk / Low-Engagement,0.5938368384354427,1
15140,52,7,2354.25,3.970291913552122,2.0794415416798357,7.764402157928777,1,Loyal / High-Value,0.17312375634297844,0
15142,46,1,498.74,3.8501476017100584,0.6931471805599453,6.214087963175304,0,At-Risk / Low-Engagement,0.5598482187134778,1
15143,225,1,259.45,5.420534999272286,0.6931471805599453,5.562410904191201,0,At-Risk / Low-Engagement,0.6649861792486148,1
15144,8,17,6580.44,2.1972245773362196,2.8903717578961645,8.792008845361094,1,Loyal / High-Value,0.04874760535831983,0
15145,4,4,1194.73,1.6094379124341003,1.6094379124341003,7.0865121565162825,1,Loyal / High-Value,0.21170410186058927,0
15146,164,2,1327.16,5.10594547390058,1.0986122886681096,7.1915498047067254,0,At-Risk / Low-Engagement,0.4467845597348357,0
15147,240,1,623.5,5.484796933490655,0.6931471805599453,6.436951329565632,0,At-Risk / Low-Engagement,0.6143294782020046,1
15148,10,1,301.29,2.3978952727983707,0.6931471805599453,5.711386821516136,0,At-Risk / Low-Engagement,0.5302647794773581,1
15149,133,1,520.8000000000001,4.897839799950911,0.6931471805599453,6.257284372702628,0,At-Risk / Low-Engagement,0.6013514435520727,1
15150,17,10,5291.33,2.8903717578961645,2.3978952727983707,8.574013881567295,1,Loyal / High-Value,0.09192494610203351,0
15152,9,13,4745.69,2.302585092994046,2.639057329615259,8.465202812016113,1,Loyal / High-Value,0.06850591975939213,0
15153,31,1,329.25,3.4657359027997265,0.6931471805599453,5.799849943402434,0,At-Risk / Low-Engagement,0.5703532695427169,1
15154,75,1,254.28,4.330733340286331,0.6931471805599453,5.542360981969988,0,At-Risk / Low-Engagement,0.6228371124399257,1
15156,1,3,961.49,0.6931471805599453,1.3862943611198906,6.869523676497577,1,Loyal / High-Value,0.2334965354086916,0
15157,3,3,1936.07,1.3862943611198906,1.3862943611198906,7.568931801112307,1,Loyal / High-Value,0.22214899533730303,0
15158,45,1,401.40000000000003,3.828641396489095,0.6931471805599453,5.9974466187855295,0,At-Risk / Low-Engagement,0.5729960624452051,1
15159,1,30,18641.010000000002,0.6931471805599453,3.4339872044851463,9.83317291504409,1,Loyal / High-Value,0.023305644754665837,0
15160,357,1,158.16,5.8805329864007,0.6931471805599453,5.069909985558728,0,At-Risk / Low-Engagement,0.7014579810173953,1
15163,18,2,304.47,2.9444389791664403,1.0986122886681096,5.721851574117079,0,At-Risk / Low-Engagement,0.45003026714126565,0
15164,68,3,824.58,4.23410650459726,1.3862943611198906,6.716086169627672,0,At-Risk / Low-Engagement,0.36979916841338994,0
15165,373,1,487.75,5.912501651847105,0.6931471805599453,6.1918511112995755,0,At-Risk / Low-Engagement,0.6359051879142309,1
15167,320,1,158.8,5.771441123130016,0.6931471805599453,5.073923033332174,0,At-Risk / Low-Engagement,0.7012357536732564,1
15168,25,1,106.56,3.258096538021482,0.6931471805599453,4.678048831400664,0,At-Risk / Low-Engagement,0.6326973285318541,1
15171,331,1,1289.5,5.805134968916488,0.6931471805599453,7.162785019158669,0,At-Risk / Low-Engagement,0.5746729826407414,1
15172,8,5,1624.05,2.1972245773362196,1.791759469228055,7.393293863521244,1,Loyal / High-Value,0.18545461712153674,0
15174,322,1,135.75,5.777652323222656,0.6931471805599453,4.91815444130209,0,At-Risk / Low-Engagement,0.7097913579612932,1
15175,71,1,224.14,4.276666119016055,0.6931471805599453,5.416722430926658,0,At-Risk / Low-Engagement,0.6284172710953835,1
15178,260,1,40.5,5.564520407322694,0.6931471805599453,3.9740583963475986,0,At-Risk / Low-Engagement,0.7590360448374814,1
15179,18,5,2206.95,2.9444389791664403,1.791759469228055,7.69981976221305,1,Loyal / High-Value,0.19293127140352354,0
15180,367,1,87.5,5.908082938168931,0.6931471805599453,4.483002552013883,0,At-Risk / Low-Engagement,0.7329056450016168,1
15181,66,3,689.4799999999999,4.204692619390966,1.3862943611198906,6.537387007911402,0,At-Risk / Low-Engagement,0.37967133643205153,0
15182,154,2,622.85,5.043425116919247,1.0986122886681096,6.43590995485703,0,At-Risk / Low-Engagement,0.4938111804597088,0
15184,29,2,402.2,3.4011973816621555,1.0986122886681096,5.999432716757159,0,At-Risk / Low-Engagement,0.45150290686281586,0
15185,70,1,310.62,4.2626798770413155,0.6931471805599453,5.741784496789209,0,At-Risk / Low-Engagement,0.6075593966651335,1
15186,14,2,411.41,2.70805020110221,1.0986122886681096,6.022018000151438,0,At-Risk / Low-Engagement,0.4204408988445517,0
15187,1,16,4777.18,0.6931471805599453,2.833213344056216,8.471814999842545,1,Loyal / High-Value,0.043548106008226756,0
15189,1,41,16225.39,0.6931471805599453,3.4339872044851463,9.694394208164745,1,Loyal / High-Value,0.023305644754665837,0
15192,119,3,1044.32,4.787491742782046,1.3862943611198906,6.952078337618801,0,At-Risk / Low-Engagement,0.37769296365517796,0
15193,60,1,499.32,4.110873864173311,0.6931471805599453,6.215247893709531,0,At-Risk / Low-Engagement,0.5709002015976891,1
15194,3,15,7616.53,1.3862943611198906,2.772588722239781,8.938207449152076,1,Loyal / High-Value,0.04607183472404298,0
15195,2,1,3861.0,1.0986122886681096,0.6931471805599453,8.258940462988459,1,Loyal / High-Value,0.31475568108151775,0
15197,10,3,1079.6100000000001,2.3978952727983707,1.3862943611198906,6.985280975485229,1,Loyal / High-Value,0.28431073305543003,0
15198,92,2,193.64,4.532599493153256,1.0986122886681096,5.271151698475267,0,At-Risk / Low-Engagement,0.548460720121437,1
15199,59,4,1268.7,4.0943445622221,1.6094379124341003,7.1465359310757455,1,Loyal / High-Value,0.28926628973929863,0
15201,87,5,1236.54,4.477336814478207,1.791759469228055,7.120880817152784,1,Loyal / High-Value,0.26663394561641873,0
15203,25,6,1827.8,3.258096538021482,1.9459101490553132,7.511415293040546,1,Loyal / High-Value,0.18480135767915726,0
15204,357,1,316.58,5.8805329864007,0.6931471805599453,5.760729755097951,0,At-Risk / Low-Engagement,0.6618643836090424,1
15205,85,2,653.24,4.454347296253507,1.0986122886681096,6.483474256616332,0,At-Risk / Low-Engagement,0.4651445782418975,0
15206,10,4,420.29999999999995,2.3978952727983707,1.6094379124341003,6.04334516898497,1,Loyal / High-Value,0.28865035697644664,0
15208,1,5,870.12,0.6931471805599453,1.791759469228055,6.769779740037806,1,Loyal / High-Value,0.17133147764332687,0
15210,225,1,331.18,5.420534999272286,0.6931471805599453,5.805676990670853,0,At-Risk / Low-Engagement,0.6505097393512146,1
15211,60,2,894.4100000000001,4.110873864173311,1.0986122886681096,6.797281713937488,0,At-Risk / Low-Engagement,0.4298974939631625,0
15212,241,1,101.8,5.488937726156687,0.6931471805599453,4.632785353021065,0,At-Risk / Low-Engagement,0.7197550077129402,1
15213,318,2,328.35,5.765191102784844,1.0986122886681096,5.797121015086702,0,At-Risk / Low-Engagement,0.5617025258745583,1
15214,1,8,1661.44,0.6931471805599453,2.1972245773362196,7.416041681653177,1,Loyal / High-Value,0.10330826316982328,0
15215,46,3,734.94,3.8501476017100584,1.3862943611198906,6.601148593666668,0,At-Risk / Low-Engagement,0.36137958349709615,0
15216,87,1,96.6,4.477336814478207,0.6931471805599453,4.580877493419047,0,At-Risk / Low-Engagement,0.6859527418021373,1
15218,10,11,5756.89,2.3978952727983707,2.4849066497880004,8.658326367134135,1,Loyal / High-Value,0.07677397968026313,0
15219,176,1,305.75,5.176149732573829,0.6931471805599453,5.7260330835910205,0,At-Risk / Low-Engagement,0.6456309945274216,1
15220,51,6,1778.96,3.9512437185814275,1.9459101490553132,7.484346171123521,1,Loyal / High-Value,0.20479323004165506,0
15221,366,1,403.25,5.905361848054571,0.6931471805599453,6.002033498457216,0,At-Risk / Low-Engagement,0.6474430193037736,1
15222,318,1,585.0,5.765191102784844,0.6931471805599453,6.373319789577012,0,At-Risk / Low-Engagement,0.6247265496611197,1
15223,225,2,755.75,5.420534999272286,1.0986122886681096,6.629032947901828,0,At-Risk / Low-Engagement,0.4974216067055127,0
15224,358,2,322.08,5.883322388488279,1.0986122886681096,5.777899970574095,0,At-Risk / Low-Engagement,0.5629531836560511,1
15225,234,1,409.40000000000003,5.459585514144159,0.6931471805599453,6.01713229385656,0,At-Risk / Low-Engagement,0.6392612922228108,1
15226,310,1,154.41,5.739792912179234,0.6931471805599453,5.04606678592752,0,At-Risk / Low-Engagement,0.7027763661786945,1
15227,36,5,1219.4,3.6109179126442243,1.791759469228055,7.106933952842515,1,Loyal / High-Value,0.23892739134846616,0
15228,66,4,3386.71,4.204692619390966,1.6094379124341003,8.127909455886419,1,Loyal / High-Value,0.2424606301365547,0
15230,239,2,429.6,5.480638923341991,1.0986122886681096,6.065179584930263,0,At-Risk / Low-Engagement,0.5372298372401666,1
15232,113,2,612.06,4.736198448394496,1.0986122886681096,6.418462810428566,0,At-Risk / Low-Engagement,0.4816317613256621,0
15234,276,1,197.0,5.6240175061873385,0.6931471805599453,5.288267030694535,0,At-Risk / Low-Engagement,0.6885640303921182,1
15235,217,12,2247.51,5.384495062789089,2.5649493574615367,7.718023053610256,1,Loyal / High-Value,0.14168270709921543,0
15236,298,1,321.05,5.700443573390686,0.6931471805599453,5.7747068129929,0,At-Risk / Low-Engagement,0.6610369021272171,1
15237,1,4,1412.32,0.6931471805599453,1.6094379124341003,7.253696825551129,1,Loyal / High-Value,0.17975120848147896,0
15238,29,3,1071.99,3.4011973816621555,1.3862943611198906,6.978204422922778,1,Loyal / High-Value,0.3214656976305833,0
15239,10,2,780.59,2.3978952727983707,1.0986122886681096,6.661330306378558,1,Loyal / High-Value,0.367291558643863,0
15240,44,5,1706.57,3.8066624897703196,1.791759469228055,7.442826586212262,1,Loyal / High-Value,0.22910488004955287,0
15241,66,8,1756.44,4.204692619390966,2.1972245773362196,7.471613483699497,1,Loyal / High-Value,0.17282062446429808,0
15243,74,1,316.68,4.31748811353631,0.6931471805599453,5.7610445868229965,0,At-Risk / Low-Engagement,0.6086145948595486,1
15244,65,2,631.57,4.189654742026425,1.0986122886681096,6.449790886414747,0,At-Risk / Low-Engagement,0.45593524909234207,0
15245,134,3,2515.84,4.90527477843843,1.3862943611198906,7.83075942537543,0,At-Risk / Low-Engagement,0.329334370000233,0
15246,238,2,514.15,5.476463551931511,1.0986122886681096,6.244458120391077,0,At-Risk / Low-Engagement,0.5252468079274859,1
15247,122,1,356.0,4.812184355372417,0.6931471805599453,5.877735781779639,0,At-Risk / Low-Engagement,0.6216519099829682,1
15249,31,13,6688.46,3.4657359027997265,2.639057329615259,8.808288432375653,1,Loyal / High-Value,0.0759601591797094,0
15251,9,11,10484.99,2.302585092994046,2.4849066497880004,9.257795359479534,1,Loyal / High-Value,0.06525028714120121,0
15252,36,2,740.78,3.6109179126442243,1.0986122886681096,6.60905270324689,0,At-Risk / Low-Engagement,0.42083581933168207,0
15253,16,5,918.1999999999999,2.833213344056216,1.791759469228055,6.823503726534546,1,Loyal / High-Value,0.22816249288729862,0
15254,127,1,300.36,4.852030263919617,0.6931471805599453,5.708305563383786,0,At-Risk / Low-Engagement,0.6337364213073117,1
15255,66,1,890.85,4.204692619390966,0.6931471805599453,6.793297957004312,0,At-Risk / Low-Engagement,0.537180554365838,1
15256,148,1,98.45,5.003946305945459,0.6931471805599453,4.599655005299981,0,At-Risk / Low-Engagement,0.7042809633217527,1
15257,283,1,317.15,5.648974238161206,0.6931471805599453,5.762522969678801,0,At-Risk / Low-Engagement,0.6617582754557745,1
15258,168,2,623.16,5.1298987149230735,1.0986122886681096,6.4364067457583465,0,At-Risk / Low-Engagement,0.4975329429109614,0
15260,100,7,1810.77,4.61512051684126,2.0794415416798357,7.502059546979103,1,Loyal / High-Value,0.20064131211889946,0
15261,135,1,254.82,4.912654885736052,0.6931471805599453,5.544474072171247,0,At-Risk / Low-Engagement,0.6461418654814078,1
15262,323,1,178.95000000000002,5.780743515792329,0.6931471805599453,5.19267903452504,0,At-Risk / Low-Engagement,0.6946168175410631,1
15263,106,1,156.51,4.672828834461906,0.6931471805599453,5.059488948313644,0,At-Risk / Low-Engagement,0.665674662362026,1
15264,64,1,393.74,4.174387269895637,0.6931471805599453,5.978227320325962,0,At-Risk / Low-Engagement,0.5888514223166929,1
15265,151,2,1506.1200000000001,5.0238805208462765,1.0986122886681096,7.317955823857119,0,At-Risk / Low-Engagement,0.4350334379358763,0
15266,338,1,119.3,5.82600010738045,0.6931471805599453,4.789988622980633,0,At-Risk / Low-Engagement,0.716721130104666,1
15267,22,5,1717.36,3.1354942159291497,1.791759469228055,7.449125626576209,1,Loyal / High-Value,0.20889271689263372,0
15269,23,1,408.8,3.1780538303479458,0.6931471805599453,6.0156692358048,0,At-Risk / Low-Engagement,0.5439531582275419,1
15270,15,7,2379.49,2.772588722239781,2.0794415416798357,7.775061627827598,1,Loyal / High-Value,0.14498419973569668,0
15271,7,15,2493.34,2.0794415416798357,2.772588722239781,7.82177944413352,1,Loyal / High-Value,0.06818965478418107,0
15272,57,2,721.94,4.060443010546419,1.0986122886681096,6.58332623116324,0,At-Risk / Low-Engagement,0.4416510949073196,0
15274,4,2,716.57,1.6094379124341003,1.0986122886681096,6.5758705038506235,1,Loyal / High-Value,0.3411424783122329,0
15275,37,1,615.14,3.6375861597263857,0.6931471805599453,6.4234742104382585,0,At-Risk / Low-Engagement,0.5369996158808391,1
15276,66,1,128.63,4.204692619390966,0.6931471805599453,4.864684238611951,0,At-Risk / Low-Engagement,0.6590082711933898,1
15277,46,1,255.89999999999998,3.8501476017100584,0.6931471805599453,5.548686904115838,0,At-Risk / Low-Engagement,0.6026364834625553,1
15279,354,1,290.51,5.872117789475416,0.6931471805599453,5.675074310519458,0,At-Risk / Low-Engagement,0.6669136777993564,1
15280,172,1,113.12,5.153291594497779,0.6931471805599453,4.737250526345299,0,At-Risk / Low-Engagement,0.7021025660940812,1
15281,58,9,2332.15,4.07753744390572,2.302585092994046,7.754974564853873,1,Loyal / High-Value,0.14550203864570363,0
15286,49,1,240.55,3.912023005428146,0.6931471805599453,5.4870764910004155,0,At-Risk / Low-Engagement,0.6090922484331771,1
15287,22,2,486.69,3.1354942159291497,1.0986122886681096,6.189679958097341,0,At-Risk / Low-Engagement,0.4277475585696037,0
15288,43,5,2306.52,3.784189633918261,1.791759469228055,7.743928633728395,1,Loyal / High-Value,0.21469055507031937,0
15289,29,3,939.78,3.4011973816621555,1.3862943611198906,6.846709318414996,1,Loyal / High-Value,0.3290952518348683,0
15290,4,18,7943.22,1.6094379124341003,2.9444389791664403,8.98019989919854,1,Loyal / High-Value,0.03999578601194282,0
15291,25,15,4668.3,3.258096538021482,2.772588722239781,8.448764446494256,1,Loyal / High-Value,0.07070720087251459,0
15292,201,1,178.39,5.308267697401205,0.6931471805599453,5.189562206710999,0,At-Risk / Low-Engagement,0.6823662004651042,1
15296,50,6,3672.86,3.9318256327243257,1.9459101490553132,8.208998159442066,1,Loyal / High-Value,0.17486176453482807,0
15297,10,3,641.94,2.3978952727983707,1.3862943611198906,6.466051407286527,1,Loyal / High-Value,0.3130483851720549,0
15298,2,12,4799.9,1.0986122886681096,2.5649493574615367,8.476558679320053,1,Loyal / High-Value,0.060293876610315815,0
15299,67,7,4507.01,4.219507705176107,2.0794415416798357,8.413611093435822,1,Loyal / High-Value,0.15551328140528922,0
15300,64,1,496.44,4.174387269895637,0.6931471805599453,6.2094749463104435,0,At-Risk / Low-Engagement,0.5739737628059216,1
15301,50,12,5049.95,3.9318256327243257,2.5649493574615367,8.527331623389161,1,Loyal / High-Value,0.09383701182373476,0
15303,290,1,574.02,5.673323267171493,0.6931471805599453,6.354404822801145,0,At-Risk / Low-Engagement,0.6258981916687917,1
15304,60,8,694.4000000000001,4.110873864173311,2.1972245773362196,6.544487219573761,1,Loyal / High-Value,0.2080117316906758,0
15306,64,3,1174.35,4.174387269895637,1.3862943611198906,7.069321254563527,0,At-Risk / Low-Engagement,0.3459616097903981,0
15307,95,1,205.3,4.564348191467836,0.6931471805599453,5.329331420077207,0,At-Risk / Low-Engagement,0.6453140684242925,1
15308,274,1,310.47,5.616771097666572,0.6931471805599453,5.741303025403381,0,At-Risk / Low-Engagement,0.6620367139351961,1
15311,0,91,60632.75,0.6931471805599453,3.4339872044851463,9.892501674765558,1,Loyal / High-Value,0.02071690571681293,0
15312,75,4,924.85,4.330733340286331,1.6094379124341003,6.830712234483825,0,At-Risk / Low-Engagement,0.31552905829486366,0
15313,110,1,52.0,4.709530201312334,0.6931471805599453,3.9740583963475986,0,At-Risk / Low-Engagement,0.7277069371397467,1
15314,199,1,327.97,5.298317366548036,0.6931471805599453,5.795966561197395,0,At-Risk / Low-Engagement,0.6462554557894256,1
15315,64,2,570.5,4.174387269895637,1.0986122886681096,6.348264483234865,0,At-Risk / Low-Engagement,0.4619417441087615,0
15316,326,1,165.0,5.7899601708972535,0.6931471805599453,5.111987788356544,0,At-Risk / Low-Engagement,0.6991231614441169,1
15318,3,1,312.62,1.3862943611198906,0.6931471805599453,5.748182061952885,0,At-Risk / Low-Engagement,0.4839492212281883,0
15319,283,1,204.5,5.648974238161206,0.6931471805599453,5.32544603393629,0,At-Risk / Low-Engagement,0.6871207099202097,1
15320,44,1,267.13,3.8066624897703196,0.6931471805599453,5.591471937527057,0,At-Risk / Low-Engagement,0.5981105046557905,1
15321,70,3,2748.31,4.2626798770413155,1.3862943611198906,7.919105250086756,1,Loyal / High-Value,0.30023777762206566,0
15322,85,1,679.68,4.454347296253507,0.6931471805599453,6.523092298503236,0,At-Risk / Low-Engagement,0.5655691519443334,1
15325,103,1,161.74,4.6443908991413725,0.6931471805599453,5.092153835268511,0,At-Risk / Low-Engagement,0.6626467092432197,1
15326,333,1,311.71,5.8111409929767,0.6931471805599453,5.74527624348556,0,At-Risk / Low-Engagement,0.6627781236315751,1
15327,52,1,208.75,3.970291913552122,0.6931471805599453,5.345916345347316,0,At-Risk / Low-Engagement,0.6203274464073887,1
15329,39,3,1049.7,3.6888794541139363,1.3862943611198906,6.957211887694729,0,At-Risk / Low-Engagement,0.33369350672363784,0
15330,32,2,714.96,3.4965075614664802,1.0986122886681096,6.5736242994783,0,At-Risk / Low-Engagement,0.4182774442440765,0
15332,366,4,1661.06,5.905361848054571,1.6094379124341003,7.415813075846797,0,At-Risk / Low-Engagement,0.33151407315104586,0
15333,208,1,1028.56,5.342334251964811,0.6931471805599453,6.936886805488385,0,At-Risk / Low-Engagement,0.5765513971439086,1
15334,156,3,350.82,5.056245805348308,1.3862943611198906,5.863119681170759,0,At-Risk / Low-Engagement,0.4588987437035095,0
15335,53,1,170.22,3.9889840465642745,0.6931471805599453,5.142949279314339,0,At-Risk / Low-Engagement,0.6336354006335949,1
15339,66,2,574.07,4.204692619390966,1.0986122886681096,6.354491772518179,0,At-Risk / Low-Engagement,0.4628409716222536,0
15341,80,1,2020.52,4.394449154672439,0.6931471805599453,7.611604982675218,0,At-Risk / Low-Engagement,0.49140451350690867,0
15342,129,1,406.09,4.867534450455582,0.6931471805599453,6.0090342912180414,0,At-Risk / Low-Engagement,0.6157309477159751,1
15343,87,1,364.5,4.477336814478207,0.6931471805599453,5.901266279189834,0,At-Risk / Low-Engagement,0.6063953466573669,1
15344,0,3,563.94,0.6931471805599453,1.3862943611198906,6.3367195308171205,1,Loyal / High-Value,0.23717986598082708,0
15345,45,1,393.54,3.828641396489095,0.6931471805599453,5.9777205293157225,0,At-Risk / Low-Engagement,0.5742715654327167,1
15346,332,1,252.42000000000002,5.808142489980444,0.6931471805599453,5.5350481913707625,0,At-Risk / Low-Engagement,0.6750857867050635,1
15347,366,1,201.60000000000002,5.905361848054571,0.6931471805599453,5.311233591814583,0,At-Risk / Low-Engagement,0.6879279376213141,1
15348,72,1,158.04,4.290459441148391,0.6931471805599453,5.069155742908264,0,At-Risk / Low-Engagement,0.6501542202350327,1
15349,158,2,463.90999999999997,5.0689042022202315,1.0986122886681096,6.141843838467353,0,At-Risk / Low-Engagement,0.5143493471038301,1
15350,373,1,115.65,5.912501651847105,0.6931471805599453,4.759177998467439,0,At-Risk / Low-Engagement,0.7183720262118446,1
15351,12,7,1934.66,2.5649493574615367,2.0794415416798357,7.568203632578843,1,Loyal / High-Value,0.14730815240715076,0
15353,254,2,770.12,5.541263545158426,1.0986122886681096,6.647844003475713,0,At-Risk / Low-Engagement,0.5014206051144712,1
15355,29,2,277.05,3.4011973816621555,1.0986122886681096,5.627800953633573,0,At-Risk / Low-Engagement,0.4759312730771499,0
15356,31,10,2718.03,3.4657359027997265,2.3978952727983707,7.908030478039789,1,Loyal / High-Value,0.11770455683826062,0
15358,4,22,8347.2,1.6094379124341003,3.1354942159291497,9.029801225744318,1,Loyal / High-Value,0.03272589390307084,0
15360,39,1,427.93,3.6888794541139363,0.6931471805599453,6.061293735451147,0,At-Risk / Low-Engagement,0.5628977157262468,1
15361,361,1,418.92,5.891644211825771,0.6931471805599453,6.040064216944044,0,At-Risk / Low-Engagement,0.6451445998818384,1
15363,372,1,326.0,5.912501651847105,0.6931471805599453,5.7899601708972535,0,At-Risk / Low-Engagement,0.6601327357247115,1
15364,95,2,913.19,4.564348191467836,1.0986122886681096,6.818038427312331,0,At-Risk / Low-Engagement,0.447941060100486,0
15365,25,7,2314.32,3.258096538021482,2.0794415416798357,7.74730318590928,1,Loyal / High-Value,0.15672125474443035,0
15366,75,2,602.51,4.330733340286331,1.0986122886681096,6.40276261040859,0,At-Risk / Low-Engagement,0.4651116915048952,0
15367,57,4,1877.59,4.060443010546419,1.6094379124341003,7.538276774433291,1,Loyal / High-Value,0.2672919800377148,0
15368,21,1,446.94000000000005,3.091042453358316,0.6931471805599453,6.104659294874325,0,At-Risk / Low-Engagement,0.5343527248279989,1
15370,40,7,2386.05,3.713572066704308,2.0794415416798357,7.77781357291459,1,Loyal / High-Value,0.166341130427784,0
15372,137,1,2007.3999999999999,4.927253685157205,0.6931471805599453,7.605093664160551,0,At-Risk / Low-Engagement,0.5149652216088912,1
15373,8,12,2415.91,2.1972245773362196,2.5649493574615367,7.79024514376692,1,Loyal / High-Value,0.08517119513981795,0
15374,128,1,168.0,4.859812404361672,0.6931471805599453,5.1298987149230735,0,At-Risk / Low-Engagement,0.6687526513471882,1
15376,40,3,1221.56,3.713572066704308,1.3862943611198906,7.108702299899257,1,Loyal / High-Value,0.3257900234073829,0
15379,169,7,3703.29,5.135798437050262,2.0794415416798357,8.217246886437776,1,Loyal / High-Value,0.18528646539839527,0
15380,8,5,1690.2600000000002,2.1972245773362196,1.791759469228055,7.433229092253918,1,Loyal / High-Value,0.18386501492209556,0
15381,213,2,596.85,5.365976015021851,1.0986122886681096,6.393339886365589,0,At-Risk / Low-Engagement,0.5106288397738381,1
15382,14,6,5955.71,2.70805020110221,1.9459101490553132,8.692273594221074,1,Loyal / High-Value,0.13103035633994836,0
15384,169,2,642.41,5.135798437050262,1.0986122886681096,6.46678215711498,0,At-Risk / Low-Engagement,0.4957815651708316,0
15385,40,1,316.88,3.713572066704308,0.6931471805599453,5.761673953071979,0,At-Risk / Low-Engagement,0.5833235683863666,1
15386,186,1,394.14,5.231108616854587,0.6931471805599453,5.979240132485259,0,At-Risk / Low-Engagement,0.6323921864925541,1
15388,270,1,140.54,5.602118820879701,0.6931471805599453,4.952582362647639,0,At-Risk / Low-Engagement,0.7064818830669711,1
15389,172,1,500.0,5.153291594497779,0.6931471805599453,6.2166061010848646,0,At-Risk / Low-Engagement,0.6144894135827036,1
15392,4,4,1535.53,1.6094379124341003,1.6094379124341003,7.337281906274171,1,Loyal / High-Value,0.20085138710604705,0
15393,16,2,231.86,2.833213344056216,1.0986122886681096,5.45043741460887,0,At-Risk / Low-Engagement,0.46303965156217214,0
15394,9,4,2183.54,2.302585092994046,1.6094379124341003,7.6891605590501255,1,Loyal / High-Value,0.20527955795906844,0
15395,325,1,107.45,5.786897381366708,0.6931471805599453,4.6862892372728835,0,At-Risk / Low-Engagement,0.722254172857847,1
15396,112,1,288.18,4.727387818712341,0.6931471805599453,5.66704933159998,0,At-Risk / Low-Engagement,0.6312395017132364,1
15397,289,1,94.0,5.66988092298052,0.6931471805599453,4.553876891600541,0,At-Risk / Low-Engagement,0.7292217119746642,1
15398,16,2,1345.53,2.833213344056216,1.0986122886681096,7.2052861919886055,1,Loyal / High-Value,0.35159107722451316,0
15399,1,3,815.77,0.6931471805599453,1.3862943611198906,6.705357537478585,1,Loyal / High-Value,0.24135404759373028,0
15400,92,5,716.2,4.532599493153256,1.791759469228055,6.575354741730978,0,At-Risk / Low-Engagement,0.29776881484439477,0
15402,148,2,626.77,5.003946305945459,1.0986122886681096,6.4421738573469876,0,At-Risk / Low-Engagement,0.4916833581580514,0
15405,189,1,349.1,5.247024072160486,0.6931471805599453,5.85821882796062,0,At-Risk / Low-Engagement,0.6404350017626707,1
15406,31,2,510.71000000000004,3.4657359027997265,1.0986122886681096,6.237758058320892,0,At-Risk / Low-Engagement,0.4387102300478685,0
15407,33,4,1046.74,3.5263605246161616,1.6094379124341003,6.954390742498122,1,Loyal / High-Value,0.2795279343003025,0
15408,264,1,267.18,5.579729825986222,0.6931471805599453,5.591658396851496,0,At-Risk / Low-Engagement,0.669408855014488,1
15410,84,8,3450.84,4.442651256490317,2.1972245773362196,8.146662701187065,1,Loyal / High-Value,0.15408640388291114,0
15411,26,4,1348.93,3.295836866004329,1.6094379124341003,7.207808018236269,1,Loyal / High-Value,0.2584880844351137,0
15412,171,1,190.53,5.147494476813453,0.6931471805599453,5.25504445431457,0,At-Risk / Low-Engagement,0.67248163707074,1
15414,9,3,774.9000000000001,2.302585092994046,1.3862943611198906,6.654023645899904,1,Loyal / High-Value,0.2989807868585051,0
15415,313,1,559.61,5.749392985908253,0.6931471805599453,6.329025476602274,0,At-Risk / Low-Engagement,0.6274679357002201,1
15416,64,4,3984.32,4.174387269895637,1.6094379124341003,8.290372889129587,1,Loyal / High-Value,0.23371505306127213,0
15417,85,1,508.8,4.454347296253507,0.6931471805599453,6.234018491942015,0,At-Risk / Low-Engagement,0.5842440074048336,1
15419,24,1,135.86,3.2188758248682006,0.6931471805599453,4.918958505524352,0,At-Risk / Low-Engagement,0.6161651813665393,1
15421,58,4,950.36,4.07753744390572,1.6094379124341003,6.857892539809733,0,At-Risk / Low-Engagement,0.30458496219282577,0
15422,323,2,97.7,5.780743515792329,1.0986122886681096,4.592084946439436,0,At-Risk / Low-Engagement,0.6379916830872525,1
15423,38,1,43.5,3.6635616461296463,0.6931471805599453,3.9740583963475986,0,At-Risk / Low-Engagement,0.6936469534607997,1
15424,254,2,383.34,5.541263545158426,1.0986122886681096,5.951527577504281,0,At-Risk / Low-Engagement,0.5473012040490396,1
15426,19,5,1404.07,2.995732273553991,1.791759469228055,7.247842402590825,1,Loyal / High-Value,0.21371543318055197,0
15427,33,3,1430.54,3.5263605246161616,1.3862943611198906,7.266506066865208,1,Loyal / High-Value,0.3096994245755845,0
15428,15,1,93.78,2.772588722239781,0.6931471805599453,4.551558416539442,0,At-Risk / Low-Engagement,0.6207939128274558,1
15429,26,2,397.35,3.295836866004329,1.0986122886681096,5.987331015826375,0,At-Risk / Low-Engagement,0.4477660734436424,0
15432,23,1,171.19,3.1780538303479458,0.6931471805599453,5.148598518298094,0,At-Risk / Low-Engagement,0.6000085997048099,1
15433,213,2,533.3,5.365976015021851,1.0986122886681096,6.2809574789637255,0,At-Risk / Low-Engagement,0.5180504172285425,1
15434,8,5,1041.48,2.1972245773362196,1.791759469228055,6.94935776883665,1,Loyal / High-Value,0.20384182278383622,0
15435,22,1,149.29,3.1354942159291497,0.6931471805599453,5.012566760946003,0,At-Risk / Low-Engagement,0.6068457009486221,1
15436,12,3,1067.75,2.5649493574615367,1.3862943611198906,6.97424502025097,1,Loyal / High-Value,0.29085295091196584,0
15437,262,1,200.16,5.572154032177765,0.6931471805599453,5.304100611303764,0,At-Risk / Low-Engagement,0.6857276066676551,1
15438,131,1,156.57999999999998,4.882801922586371,0.6931471805599453,5.059933265817542,0,At-Risk / Low-Engagement,0.6737157099278693,1
15440,54,3,383.68,4.007333185232471,1.3862943611198906,5.952411819844281,0,At-Risk / Low-Engagement,0.4084035541321311,0
15442,248,1,594.0,5.517452896464707,0.6931471805599453,6.38856140554563,0,At-Risk / Low-Engagement,0.6186950691358473,1
15443,1,7,3213.59,0.6931471805599453,2.0794415416798357,8.075455101323259,1,Loyal / High-Value,0.09840357862507208,0
15444,9,2,1411.21,2.302585092994046,1.0986122886681096,7.252911132207154,1,Loyal / High-Value,0.328096191546631,0
15445,264,1,113.5,5.579729825986222,0.6931471805599453,4.740574822994295,0,At-Risk / Low-Engagement,0.7171806320794402,1
15447,330,1,155.17,5.802118375377063,0.6931471805599453,5.050945157499754,0,At-Risk / Low-Engagement,0.7025068951109456,1
15448,312,1,494.64,5.746203190540153,0.6931471805599453,6.2058498567482925,0,At-Risk / Low-Engagement,0.6350478792361198,1
15449,26,3,974.52,3.295836866004329,1.3862943611198906,6.882970662159506,1,Loyal / High-Value,0.32296770594217583,0
15450,30,1,429.84,3.4339872044851463,0.6931471805599453,6.0657367914825695,0,At-Risk / Low-Engagement,0.551685688695048,1
15452,29,3,528.48,3.4011973816621555,1.3862943611198906,6.27189539284557,0,At-Risk / Low-Engagement,0.3634751537389404,0
15453,1,7,1371.77,0.6931471805599453,2.0794415416798357,7.224585875348061,1,Loyal / High-Value,0.12024207428557626,0
15454,362,1,179.1,5.8944028342648505,0.6931471805599453,5.19351225218191,0,At-Risk / Low-Engagement,0.6945700880837276,1
15456,283,3,434.59000000000003,5.648974238161206,1.3862943611198906,6.076701433954154,0,At-Risk / Low-Engagement,0.47015562958488655,0
15457,262,1,237.07,5.572154032177765,0.6931471805599453,5.472564748074418,0,At-Risk / Low-Engagement,0.6760509888302904,1
15458,25,1,161.64,3.258096538021482,0.6931471805599453,5.091539169320091,0,At-Risk / Low-Engagement,0.6069450175162928,1
15460,354,1,214.26,5.872117789475416,0.6931471805599453,5.371846599836152,0,At-Risk / Low-Engagement,0.6844773946296903,1
15462,94,3,234.6,4.553876891600541,1.3862943611198906,5.462135451777431,0,At-Risk / Low-Engagement,0.46355916559325633,0
15463,29,1,126.14,3.4011973816621555,0.6931471805599453,4.845288841508263,0,At-Risk / Low-Engagement,0.6281869648530419,1
15464,338,1,1044.65,5.82600010738045,0.6931471805599453,6.952393980600518,0,At-Risk / Low-Engagement,0.5882087424869523,1
15465,19,18,7354.62,2.995732273553991,2.9444389791664403,8.903219925879805,1,Loyal / High-Value,0.051318257426816054,0
15466,85,1,334.53,4.454347296253507,0.6931471805599453,5.815711371192059,0,At-Risk / Low-Engagement,0.6108320054048725,1
15467,9,3,524.88,2.302585092994046,1.3862943611198906,6.265073049828404,1,Loyal / High-Value,0.32096807290443224,0
15468,51,2,467.51,3.9512437185814275,1.0986122886681096,6.149557446167864,0,At-Risk / Low-Engagement,0.46536747786846466,0
15469,50,2,538.55,3.9318256327243257,1.0986122886681096,6.290735458809743,0,At-Risk / Low-Engagement,0.4552577084448375,0
15471,2,1,454.48,1.0986122886681096,0.6931471805599453,6.121351807942404,0,At-Risk / Low-Engagement,0.44698749402744425,0
15472,113,1,371.56,4.736198448394496,0.6931471805599453,5.920398098674122,0,At-Risk / Low-Engagement,0.6158780201205716,1
15473,14,7,1771.2,2.70805020110221,2.0794415416798357,7.479976991613202,1,Loyal / High-Value,0.15346339916199042,0
15475,77,1,454.10999999999996,4.356708826689592,0.6931471805599453,6.120539147973894,0,At-Risk / Low-Engagement,0.587408547641699,1
15478,40,2,1399.92,3.713572066704308,1.0986122886681096,7.244884442636672,0,At-Risk / Low-Engagement,0.3847079945734216,0
15480,116,1,905.5,4.762173934797756,0.6931471805599453,6.809591030194905,0,At-Risk / Low-Engagement,0.5600878285665676,1
15482,15,12,10879.76,2.772588722239781,2.5649493574615367,9.294751370911507,1,Loyal / High-Value,0.0646522619083214,0
15483,161,4,225.26,5.087596335232384,1.6094379124341003,5.421684780498321,0,At-Risk / Low-Engagement,0.43280349457216505,0
15484,1,4,3590.41,0.6931471805599453,1.6094379124341003,8.186300162033392,1,Loyal / High-Value,0.14621608040042391,0
15485,30,3,2564.5,3.4339872044851463,1.3862943611198906,7.849908670382019,1,Loyal / High-Value,0.27452042264312365,0
15488,92,1,91.32000000000001,4.532599493153256,0.6931471805599453,4.52526080275979,0,At-Risk / Low-Engagement,0.6911641780869323,1
15489,22,3,1134.28,3.1354942159291497,1.3862943611198906,7.034634595526282,1,Loyal / High-Value,0.3082927664076043,0
15491,95,6,3100.09,4.564348191467836,1.9459101490553132,8.039508941575132,1,Loyal / High-Value,0.19831111556009734,0
15492,28,2,659.4599999999999,3.367295829986474,1.0986122886681096,6.492936561946857,0,At-Risk / Low-Engagement,0.41800719056924074,0
15493,32,5,1953.41,3.4965075614664802,1.791759469228055,7.577843636590285,1,Loyal / High-Value,0.2136708826054626,0
15494,21,2,1280.58,3.091042453358316,1.0986122886681096,7.155848970699195,1,Loyal / High-Value,0.36489042295120105,0
15497,17,2,1262.2,2.8903717578961645,1.0986122886681096,7.141403462941432,1,Loyal / High-Value,0.3577287218380575,0
15498,2,27,13316.4,1.0986122886681096,3.332204510175204,9.496826729846124,1,Loyal / High-Value,0.025532027646241046,0
15500,8,4,1131.56,2.1972245773362196,1.6094379124341003,7.032235836086242,1,Loyal / High-Value,0.23178808835188755,0
15502,15,12,10384.93,2.772588722239781,2.5649493574615367,9.248207284539456,1,Loyal / High-Value,0.06540038291914678,0
15503,362,1,141.04,5.8944028342648505,0.6931471805599453,4.956108708074887,0,At-Risk / Low-Engagement,0.7077200892628204,1
15504,81,1,52.83,4.406719247264253,0.6931471805599453,3.985830932572866,0,At-Risk / Low-Engagement,0.7163273217154235,1
15505,52,5,3610.96,3.970291913552122,1.791759469228055,8.192005840278435,1,Loyal / High-Value,0.20052485075931734,0
15506,22,3,972.08,3.1354942159291497,1.3862943611198906,6.880466298744467,1,Loyal / High-Value,0.3170516782673681,0
15507,171,1,475.86,5.147494476813453,0.6931471805599453,6.167222946760261,0,At-Risk / Low-Engagement,0.6173397272931576,1
15508,189,6,1000.27,5.247024072160486,1.9459101490553132,6.909024473214282,0,At-Risk / Low-Engagement,0.2730037187862312,0
15510,330,1,250.0,5.802118375377063,0.6931471805599453,5.5254529391317835,0,At-Risk / Low-Engagement,0.6756419652521104,1
15511,11,5,900.53,2.4849066497880004,1.791759469228055,6.804093319959892,1,Loyal / High-Value,0.2185593484923373,0
15512,155,2,121.0,5.049856007249537,1.0986122886681096,4.804021044733257,0,At-Risk / Low-Engagement,0.6005587818980552,1
15513,33,19,14758.220000000001,3.5263605246161616,2.995732273553991,9.599623251229634,1,Loyal / High-Value,0.04490525805371592,0
15514,12,11,4023.7200000000003,2.5649493574615367,2.4849066497880004,8.3002106222155,1,Loyal / High-Value,0.08601320798880613,0
15516,44,3,62.43,3.8066624897703196,1.3862943611198906,4.149936935645806,0,At-Risk / Low-Engagement,0.5177697797295032,1
15517,233,1,267.03,5.455321115357702,0.6931471805599453,5.591098914544516,0,At-Risk / Low-Engagement,0.6646424649934659,1
15518,64,8,1921.55,4.174387269895637,2.1972245773362196,7.561407708843943,1,Loyal / High-Value,0.16871376534827381,0
15520,1,1,343.5,0.6931471805599453,0.6931471805599453,5.842094090453713,0,At-Risk / Low-Engagement,0.4478291106272758,0
15521,40,8,3000.2,3.713572066704308,2.1972245773362196,8.006767487671574,1,Loyal / High-Value,0.1427600983205266,0
15522,32,2,397.99,3.4965075614664802,1.0986122886681096,5.988936353919148,0,At-Risk / Low-Engagement,0.4562941348488347,0
15523,84,1,412.01000000000005,4.442651256490317,0.6931471805599453,6.023471805742962,0,At-Risk / Low-Engagement,0.5972097290456233,1
15524,24,1,440.0,3.2188758248682006,0.6931471805599453,6.089044875446846,0,At-Risk / Low-Engagement,0.540898209491383,1
15525,2,3,734.37,1.0986122886681096,1.3862943611198906,6.600373773909423,1,Loyal / High-Value,0.25978431355348064,0
15526,33,2,148.44,3.5263605246161616,1.0986122886681096,5.006894974480533,0,At-Risk / Low-Engagement,0.5223708732270488,1
15527,18,8,2428.53,2.9444389791664403,2.1972245773362196,7.7954531019895175,1,Loyal / High-Value,0.13350977672895878,0
15528,254,1,229.33,5.541263545158426,0.6931471805599453,5.4395130632148145,0,At-Risk / Low-Engagement,0.6767891996189916,1
15529,22,11,3962.6,3.1354942159291497,2.4849066497880004,8.284907982184745,1,Loyal / High-Value,0.09447566849067433,0
15530,21,4,1497.31,3.091042453358316,1.6094379124341003,7.3120930852576205,1,Loyal / High-Value,0.2465713606051455,0
15531,8,2,1972.39,2.1972245773362196,1.0986122886681096,7.587508155013856,1,Loyal / High-Value,0.30500678438126716,0
15532,25,4,1564.73,3.258096538021482,1.6094379124341003,7.356107447892678,1,Loyal / High-Value,0.24981416401436668,0
15533,19,3,807.57,2.995732273553991,1.3862943611198906,6.695267255355902,1,Loyal / High-Value,0.3224211540551889,0
15535,173,4,502.9,5.159055299214529,1.6094379124341003,6.222377835686553,0,At-Risk / Low-Engagement,0.3846884482430252,0
15537,163,1,110.92,5.099866427824199,0.6931471805599453,4.717784330357226,0,At-Risk / Low-Engagement,0.7012374105453524,1
15539,7,1,538.46,2.0794415416798357,0.6931471805599453,6.290568639224737,0,At-Risk / Low-Engagement,0.4782070542527638,0
15540,11,1,213.3,2.4849066497880004,0.6931471805599453,5.367376902479531,0,At-Risk / Low-Engagement,0.5565738247401036,1
15541,114,1,85.13000000000001,4.74493212836325,0.6931471805599453,4.455857782801083,0,At-Risk / Low-Engagement,0.7028269583618246,1
15543,288,1,127.86,5.666426688112432,0.6931471805599453,4.858726543710496,0,At-Risk / Low-Engagement,0.7130170034048638,1
15544,9,9,3546.71,2.302585092994046,2.302585092994046,8.174057603899483,1,Loyal / High-Value,0.10070544274675244,0
15545,54,2,288.96999999999997,4.007333185232471,1.0986122886681096,5.669777469353516,0,At-Risk / Low-Engagement,0.4994581407221135,0
15547,7,14,4910.6,2.0794415416798357,2.70805020110221,8.499355033286358,1,Loyal / High-Value,0.06133617102893554,0
15549,77,3,1681.46,4.356708826689592,1.3862943611198906,7.428012287090657,0,At-Risk / Low-Engagement,0.3318121337967537,0
15550,4,4,575.63,1.6094379124341003,1.6094379124341003,6.357200812987149,1,Loyal / High-Value,0.24566439453577685,0
15551,36,1,436.06,3.6109179126442243,0.6931471805599453,6.080070485442007,0,At-Risk / Low-Engagement,0.5583394359576349,1
15552,217,1,90.12,5.384495062789089,0.6931471805599453,4.512177319138926,0,At-Risk / Low-Engagement,0.7225191568553632,1
15553,60,1,428.93,4.110873864173311,0.6931471805599453,6.06362240473809,0,At-Risk / Low-Engagement,0.5806911195921565,1
15554,277,1,217.2,5.627621113690637,0.6931471805599453,5.38541207339897,0,At-Risk / Low-Engagement,0.6831654963880984,1
15555,12,16,4794.86,2.5649493574615367,2.833213344056216,8.475508324728846,1,Loyal / High-Value,0.05923237279251371,0
15556,24,1,279.77,3.2188758248682006,0.6931471805599453,5.637535828837275,0,At-Risk / Low-Engagement,0.5703618516155733,1
15557,28,1,468.91,3.367295829986474,0.6931471805599453,6.152541187005974,0,At-Risk / Low-Engagement,0.5431303527002256,1
15561,11,4,800.59,2.4849066497880004,1.6094379124341003,6.686597255202886,1,Loyal / High-Value,0.25790310610035455,0
15562,351,1,134.55,5.863631175598097,0.6931471805599453,4.909340575944674,0,At-Risk / Low-Engagement,0.7102711115755933,1
15563,22,4,1400.44,3.1354942159291497,1.6094379124341003,7.245255558414779,1,Loyal / High-Value,0.2513186581468534,0
15565,50,2,173.16,3.9318256327243257,1.0986122886681096,5.159974416926292,0,At-Risk / Low-Engagement,0.5298389375790239,1
15567,18,1,186.01,2.9444389791664403,0.6931471805599453,5.231162091360629,0,At-Risk / Low-Engagement,0.5849425169031194,1
15568,2,3,758.29,1.0986122886681096,1.3862943611198906,6.6323837861074395,1,Loyal / High-Value,0.2581602772375684,0
15569,103,5,1375.71,4.6443908991413725,1.791759469228055,7.227451873789157,1,Loyal / High-Value,0.2667983620420154,0
15570,7,12,4148.82,2.0794415416798357,2.5649493574615367,8.33082023879011,1,Loyal / High-Value,0.07327435748443524,0
15571,11,4,650.4300000000001,2.4849066497880004,1.6094379124341003,6.47916994643317,1,Loyal / High-Value,0.26853720119799446,0
15572,4,7,2533.42,1.6094379124341003,2.0794415416798357,7.837720093003111,1,Loyal / High-Value,0.1199305557375335,0
15573,31,2,591.1899999999999,3.4657359027997265,1.0986122886681096,6.383827529337818,0,At-Risk / Low-Engagement,0.42922458094341676,0
15574,177,4,675.64,5.181783550292085,1.6094379124341003,6.517139373724178,0,At-Risk / Low-Engagement,0.36733301063372503,0
15576,37,1,921.37,3.6375861597263857,0.6931471805599453,6.826946444575113,0,At-Risk / Low-Engagement,0.5103987056019629,1
15577,151,3,258.88,5.0238805208462765,1.3862943611198906,5.5602199860123305,0,At-Risk / Low-Engagement,0.47743565564482343,0
15578,162,1,127.1,5.093750200806762,0.6931471805599453,4.852811208902689,0,At-Risk / Low-Engagement,0.6934794845625921,1
15579,68,2,327.6,4.23410650459726,1.0986122886681096,5.794841205603168,0,At-Risk / Low-Engagement,0.5010392011756415,1
15581,120,13,3675.77,4.795790545596741,2.639057329615259,8.20978992835222,1,Loyal / High-Value,0.10819616022580228,0
15582,24,3,682.9100000000001,3.2188758248682006,1.3862943611198906,6.527826330017913,0,At-Risk / Low-Engagement,0.34082001870051504,0
15584,23,4,720.86,3.1780538303479458,1.6094379124341003,6.581831214273488,1,Loyal / High-Value,0.28724430514183213,0
15585,176,1,455.3,5.176149732573829,0.6931471805599453,6.123150487933357,0,At-Risk / Low-Engagement,0.6212602448937997,1
15587,50,4,913.6800000000001,3.9318256327243257,1.6094379124341003,6.818574277330894,1,Loyal / High-Value,0.3014352621671292,0
15589,255,3,478.53000000000003,5.545177444479562,1.3862943611198906,6.172806457538428,0,At-Risk / Low-Engagement,0.45965579150133956,0
15592,46,1,388.58,3.8501476017100584,0.6931471805599453,5.965069235748451,0,At-Risk / Low-Engagement,0.5760016212340349,1
15593,70,1,199.8,4.2626798770413155,0.6931471805599453,5.302309387817574,0,At-Risk / Low-Engagement,0.6348896907150958,1
15594,15,5,1771.78,2.772588722239781,1.791759469228055,7.48030421490088,1,Loyal / High-Value,0.19735812999488928,0
15596,100,5,1406.59,4.61512051684126,1.791759469228055,7.249634301131203,1,Loyal / High-Value,0.2646621284568389,0
15597,35,1,324.57,3.58351893845611,0.6931471805599453,5.785577492291319,0,At-Risk / Low-Engagement,0.5762806928131273,1
15598,53,1,240.68,3.9889840465642745,0.6931471805599453,5.487614537078416,0,At-Risk / Low-Engagement,0.6122365462199864,1
15599,26,2,761.74,3.295836866004329,1.0986122886681096,6.636917213055248,0,At-Risk / Low-Engagement,0.40578053055390606,0
15601,11,14,6776.56,2.4849066497880004,2.70805020110221,8.821372434155471,1,Loyal / High-Value,0.06049477028601448,0
15602,8,9,1297.8700000000001,2.1972245773362196,2.302585092994046,7.16924993468027,1,Loyal / High-Value,0.1254213845918064,0
15603,78,1,48.480000000000004,4.3694478524670215,0.6931471805599453,3.9740583963475986,0,At-Risk / Low-Engagement,0.7190653379417288,1
15604,52,1,216.39,3.970291913552122,0.6931471805599453,5.381692975469088,0,At-Risk / Low-Engagement,0.6180972444379108,1
15605,36,5,1198.23,3.6109179126442243,1.791759469228055,7.089434963153261,1,Loyal / High-Value,0.23976966330114755,0
15606,61,9,2920.16,4.127134385045092,2.302585092994046,7.9797360766493295,1,Loyal / High-Value,0.1392981864810192,0
15607,336,1,104.76,5.820082930352362,0.6931471805599453,4.6611723761033765,0,At-Risk / Low-Engagement,0.7235842723995549,1
15608,28,4,1093.68,3.367295829986474,1.6094379124341003,6.998217362097996,1,Loyal / High-Value,0.27169910617271753,0
15609,184,1,298.48,5.220355825078325,0.6931471805599453,5.702047637362485,0,At-Risk / Low-Engagement,0.6488319137737409,1
15610,51,1,112.46000000000001,3.9512437185814275,0.6931471805599453,4.731450351898421,0,At-Risk / Low-Engagement,0.6570285667472416,1
15611,9,13,1591.45,2.302585092994046,2.639057329615259,7.373028989779162,1,Loyal / High-Value,0.08938849966217795,0
15612,36,2,195.15,3.6109179126442243,1.0986122886681096,5.278879672655561,0,At-Risk / Low-Engagement,0.5080801951506775,1
15615,10,23,10399.74,2.3978952727983707,3.1780538303479458,9.249632236444302,1,Loyal / High-Value,0.033864610592377845,0
15618,32,4,776.851,3.4965075614664802,1.6094379124341003,6.656534989127213,1,Loyal / High-Value,0.29457985983926455,0
15619,10,1,336.40000000000003,2.3978952727983707,0.6931471805599453,5.821269170111868,0,At-Risk / Low-Engagement,0.5230229462736128,1
15620,56,3,1553.18,4.04305126783455,1.3862943611198906,7.348703354335633,1,Loyal / High-Value,0.32442449998628836,0
15621,4,4,1293.03,1.6094379124341003,1.6094379124341003,7.165516658717914,1,Loyal / High-Value,0.20823936212843433,0
15622,43,9,3709.56,3.784189633918261,2.302585092994046,8.2189380876069,1,Loyal / High-Value,0.12521600810040406,0
15623,141,1,301.03,4.955827057601261,0.6931471805599453,5.7105263501895465,0,At-Risk / Low-Engagement,0.6377752803956482,1
15624,116,4,588.13,4.762173934797756,1.6094379124341003,6.3786468723710446,0,At-Risk / Low-Engagement,0.35894569715163976,0
15625,103,4,1534.26,4.6443908991413725,1.6094379124341003,7.336455026785429,1,Loyal / High-Value,0.2986734130584261,0
15626,74,2,675.8,4.31748811353631,1.0986122886681096,6.517375808292013,0,At-Risk / Low-Engagement,0.4570108996297422,0
15628,4,9,2870.2400000000002,1.6094379124341003,2.302585092994046,7.962499271193586,1,Loyal / High-Value,0.09501597877676532,0
15630,45,2,1186.35,3.828641396489095,1.0986122886681096,7.079479212140812,0,At-Risk / Low-Engagement,0.3998964186591361,0
15632,15,8,3285.31,2.772588722239781,2.1972245773362196,8.097520633770152,1,Loyal / High-Value,0.12132050431163115,0
15634,17,1,243.55,2.8903717578961645,0.6931471805599453,5.499419786985366,0,At-Risk / Low-Engagement,0.5653206701059988,1
15636,89,2,724.76,4.499809670330265,1.0986122886681096,6.587219381659278,0,At-Risk / Low-Engagement,0.4602889041028373,0
15637,52,1,223.36,3.970291913552122,0.6931471805599453,5.413251904640136,0,At-Risk / Low-Engagement,0.6161258173508571,1
15639,134,1,425.32,4.90527477843843,0.6931471805599453,6.055190237988527,0,At-Risk / Low-Engagement,0.6143938543166768,1
15640,4,15,12416.11,1.6094379124341003,2.772588722239781,9.426830639200185,1,Loyal / High-Value,0.042257000749248395,0
15641,105,4,1887.2,4.663439094112067,1.6094379124341003,7.543379273298417,1,Loyal / High-Value,0.2880198898893138,0
15643,191,3,664.0,5.2574953720277815,1.3862943611198906,6.499787040655854,0,At-Risk / Low-Engagement,0.42601177244072713,0
15644,166,4,803.54,5.117993812416755,1.6094379124341003,6.6902706855196055,0,At-Risk / Low-Engagement,0.35422315866632575,0
15645,18,1,612.01,2.9444389791664403,0.6931471805599453,6.418381249016855,0,At-Risk / Low-Engagement,0.5073053362070246,1
15646,157,3,447.64000000000004,5.062595033026967,1.3862943611198906,6.106220784406171,0,At-Risk / Low-Engagement,0.4432593866647242,0
15648,204,2,639.5,5.3230099791384085,1.0986122886681096,6.4622491213367885,0,At-Risk / Low-Engagement,0.5042101524122318,1
15649,336,2,816.0,5.820082930352362,1.0986122886681096,6.705639094860003,0,At-Risk / Low-Engagement,0.501970865407816,1
15651,36,3,646.3,3.6109179126442243,1.3862943611198906,6.472809865551464,0,At-Risk / Low-Engagement,0.35962241919407945,0
15652,91,1,337.74,4.5217885770490405,0.6931471805599453,5.825232851462975,0,At-Risk / Low-Engagement,0.6130159450239785,1
15653,92,2,877.4399999999999,4.532599493153256,1.0986122886681096,6.7781476070590925,0,At-Risk / Low-Engagement,0.4491856924324304,0
15654,9,2,922.53,2.302585092994046,1.0986122886681096,6.828203284222655,1,Loyal / High-Value,0.3533090193036864,0
15655,243,1,560.67,5.497168225293202,0.6931471805599453,6.330914488818843,0,At-Risk / Low-Engagement,0.6214554359090942,1
15656,45,4,748.5,3.828641396489095,1.6094379124341003,6.619406317542652,0,At-Risk / Low-Engagement,0.30879917908790416,0
15657,22,1,30.0,3.1354942159291497,0.6931471805599453,3.9740583963475986,0,At-Risk / Low-Engagement,0.6738181142463909,1
15658,190,5,1024.1000000000001,5.25227342804663,1.791759469228055,6.932545447789356,0,At-Risk / Low-Engagement,0.3041997135682815,0
15659,43,1,306.45,3.784189633918261,0.6931471805599453,5.7283124723994785,0,At-Risk / Low-Engagement,0.5884393837283586,1
15660,25,9,1600.86,3.258096538021482,2.302585092994046,7.378920733047961,1,Loyal / High-Value,0.14024789235316681,0
15661,317,2,309.8,5.762051382780177,1.0986122886681096,5.739149618493492,0,At-Risk / Low-Engagement,0.5654721092595548,1
15663,106,1,138.14,4.672828834461906,0.6931471805599453,4.935480620495495,0,At-Risk / Low-Engagement,0.6729309448890494,1
15664,50,1,386.43,3.9318256327243257,0.6931471805599453,5.959535187313809,0,At-Risk / Low-Engagement,0.5798190330859293,1
15665,168,2,2222.21,5.1298987149230735,1.0986122886681096,7.706707376439049,0,At-Risk / Low-Engagement,0.4144240301308397,0
15667,39,1,301.32,3.6888794541139363,0.6931471805599453,5.711486059041233,0,At-Risk / Low-Engagement,0.5855044925955714,1
15668,217,1,76.32000000000001,5.384495062789089,0.6931471805599453,4.34795265434013,0,At-Risk / Low-Engagement,0.7311390283513659,1
15669,40,4,684.34,3.713572066704308,1.6094379124341003,6.529915065486092,0,At-Risk / Low-Engagement,0.30958371263479817,0
15670,296,1,173.05,5.6937321388027,0.6931471805599453,5.159342614257448,0,At-Risk / Low-Engagement,0.6964831350691765,1
15671,18,7,2657.13,2.9444389791664403,2.0794415416798357,7.885378147031288,1,Loyal / High-Value,0.14506894943511794,0
15673,88,4,2726.23,4.48863636973214,1.6094379124341003,7.911041721056532,1,Loyal / High-Value,0.2625835899990328,0
15674,73,5,2446.6,4.304065093204169,1.791759469228055,7.802863231588385,1,Loyal / High-Value,0.2275558431051109,0
15675,81,3,323.69,4.406719247264253,1.3862943611198906,5.782870880975165,0,At-Risk / Low-Engagement,0.4362545283112903,0
15676,18,3,3435.76,2.9444389791664403,1.3862943611198906,8.142284446073054,1,Loyal / High-Value,0.243398973104345,0
15677,49,1,657.23,3.912023005428146,0.6931471805599453,6.489554414321968,0,At-Risk / Low-Engagement,0.5444985259014371,1
15678,52,1,352.7,3.970291913552122,0.6931471805599453,5.868449096211435,0,At-Risk / Low-Engagement,0.5872946594479242,1
15679,24,4,781.28,3.2188758248682006,1.6094379124341003,6.6622127327244485,1,Loyal / High-Value,0.28435388201753886,0
15680,9,3,1333.68,2.302585092994046,1.3862943611198906,7.1964468417270915,1,Loyal / High-Value,0.26981526188397337,0
15681,25,5,1426.16,3.258096538021482,1.791759469228055,7.263441734527154,1,Loyal / High-Value,0.22076265377071527,0
15683,117,1,193.75,4.770684624465665,0.6931471805599453,5.271716684750857,0,At-Risk / Low-Engagement,0.6569146697139588,1
15687,8,9,2993.1,2.1972245773362196,2.302585092994046,8.004398964555403,1,Loyal / High-Value,0.1031358803154117,0
15689,119,2,254.1,4.787491742782046,1.0986122886681096,5.541655625147766,0,At-Risk / Low-Engagement,0.541705501181757,1
15690,4,2,239.76,1.6094379124341003,1.0986122886681096,5.48380058667957,0,At-Risk / Low-Engagement,0.4086644530957151,0
15691,252,1,136.8,5.53338948872752,0.6931471805599453,4.925803358579558,0,At-Risk / Low-Engagement,0.7054735281923575,1
15692,28,1,191.04,3.367295829986474,0.6931471805599453,5.25770368366274,0,At-Risk / Low-Engagement,0.6009740875967708,1
15694,0,14,6479.4,0.6931471805599453,2.70805020110221,8.776537515836264,1,Loyal / High-Value,0.04059977233773123,0
15695,266,2,409.98,5.58724865840025,1.0986122886681096,6.018544551511725,0,At-Risk / Low-Engagement,0.5448892371099253,1
15696,33,8,2711.11,3.5263605246161616,2.1972245773362196,7.905482208709709,1,Loyal / High-Value,0.14205917039889382,0
15699,17,1,309.65,2.8903717578961645,0.6931471805599453,5.738666876509702,0,At-Risk / Low-Engagement,0.5497184477925985,1
15700,172,2,696.68,5.153291594497779,1.0986122886681096,6.54776054491873,0,At-Risk / Low-Engagement,0.4911897718291642,0
15701,2,4,1529.0,1.0986122886681096,1.6094379124341003,7.333023014386481,1,Loyal / High-Value,0.18715841182373263,0
15703,264,1,211.5,5.579729825986222,0.6931471805599453,5.358941988364472,0,At-Risk / Low-Engagement,0.682879680544166,1
15704,140,4,2293.62,4.948759890378168,1.6094379124341003,7.738322531443156,1,Loyal / High-Value,0.2876137915408904,0
15705,201,1,143.1,5.308267697401205,0.6931471805599453,4.970507503005476,0,At-Risk / Low-Engagement,0.6947837889315523,1
15706,63,4,1060.56,4.1588830833596715,1.6094379124341003,6.967494803332995,1,Loyal / High-Value,0.3014492483344995,0
15707,35,4,916.98,3.58351893845611,1.6094379124341003,6.822175603890787,1,Loyal / High-Value,0.28865569074151975,0
15708,40,7,3235.25,3.713572066704308,2.0794415416798357,8.082170531065747,1,Loyal / High-Value,0.1554803682798722,0
15709,283,1,133.25,5.648974238161206,0.6931471805599453,4.899703733388974,0,At-Risk / Low-Engagement,0.7107951234491406,1
15712,9,5,1072.3600000000001,2.302585092994046,1.791759469228055,6.978549194282216,1,Loyal / High-Value,0.20556464418732365,0
15713,143,2,356.7,4.969813299576001,1.0986122886681096,5.879694646264972,0,At-Risk / Low-Engagement,0.5273497321396127,1
15714,11,2,330.03000000000003,2.4849066497880004,1.0986122886681096,5.802209005711098,0,At-Risk / Low-Engagement,0.42516417816270036,0
15716,145,4,1101.1100000000001,4.983606621708336,1.6094379124341003,7.004981803243121,0,At-Risk / Low-Engagement,0.3302463951990337,0
15717,234,1,150.3,5.459585514144159,0.6931471805599453,5.01926462079431,0,At-Risk / Low-Engagement,0.6976162767988878,1
15719,32,13,5030.07,3.4965075614664802,2.639057329615259,8.523387964129368,1,Loyal / High-Value,0.0818193470254864,0
15720,24,1,598.73,3.2188758248682006,0.6931471805599453,6.3964795539357615,0,At-Risk / Low-Engagement,0.5206583775338626,1
15721,11,1,471.40000000000003,2.4849066497880004,0.6931471805599453,6.157826084323207,0,At-Risk / Low-Engagement,0.5045729008744355,1
15722,35,5,2211.21,3.58351893845611,1.791759469228055,7.701747294844882,1,Loyal / High-Value,0.21072134800353398,0
15723,364,1,190.7,5.8998973535824915,0.6931471805599453,5.255931650051599,0,At-Risk / Low-Engagement,0.6910580657386067,1
15724,201,2,218.25,5.308267697401205,1.0986122886681096,5.390212631252292,0,At-Risk / Low-Engagement,0.5738806408041534,1
15725,15,1,415.25,2.772588722239781,0.6931471805599453,6.031286041294654,0,At-Risk / Low-Engagement,0.5254065430073032,1
15727,16,7,5159.06,2.833213344056216,2.0794415416798357,8.548703486314981,1,Loyal / High-Value,0.12255028426878709,0
15729,212,1,85.0,5.3612921657094255,0.6931471805599453,4.454347296253507,0,At-Risk / Low-Engagement,0.7247707170050854,1
15730,65,3,1120.88,4.189654742026425,1.3862943611198906,7.022761128491225,0,At-Risk / Low-Engagement,0.34935467330378395,0
15732,212,2,294.12,5.3612921657094255,1.0986122886681096,5.68738205328842,0,At-Risk / Low-Engagement,0.5568399982865724,1
15733,282,1,162.3,5.645446897643238,0.6931471805599453,5.095588999976419,0,At-Risk / Low-Engagement,0.7000343369027214,1
15734,114,2,1339.45,4.74493212836325,1.0986122886681096,7.200760657465263,0,At-Risk / Low-Engagement,0.43074543688422817,0
15737,14,8,1188.1200000000001,2.70805020110221,2.1972245773362196,7.080968816745364,1,Loyal / High-Value,0.15155696468960417,0
15738,18,16,4812.42,2.9444389791664403,2.833213344056216,8.479163129156776,1,Loyal / High-Value,0.06295679225641844,0
15739,66,1,449.12,4.204692619390966,0.6931471805599453,6.109514213881797,0,At-Risk / Low-Engagement,0.5817043310336959,1
15740,49,1,154.88,3.912023005428146,0.6931471805599453,5.049086480470509,0,At-Risk / Low-Engagement,0.6362888227674767,1
15743,16,4,775.96,2.833213344056216,1.6094379124341003,6.655388868991024,1,Loyal / High-Value,0.27127807639489415,0
15744,77,1,34.8,4.356708826689592,0.6931471805599453,3.9740583963475986,0,At-Risk / Low-Engagement,0.7186181455927639,1
15745,19,4,1094.59,2.995732273553991,1.6094379124341003,6.999048309928502,1,Loyal / High-Value,0.2590762111755147,0
15746,134,1,196.88,4.90527477843843,0.6931471805599453,5.287660786359508,0,At-Risk / Low-Engagement,0.6612202081944132,1
15747,12,3,946.64,2.5649493574615367,1.3862943611198906,6.85397468329749,1,Loyal / High-Value,0.2974546009426041,0
15748,40,1,144.36,3.713572066704308,0.6931471805599453,4.979213424087916,0,At-Risk / Low-Engagement,0.6325789166606076,1
15749,235,3,44534.3,5.4638318050256105,1.3862943611198906,9.892501674765558,1,Loyal / High-Value,0.2539327971460153,0
15750,2,8,2463.05,1.0986122886681096,2.1972245773362196,7.809561616655318,1,Loyal / High-Value,0.10023581254396495,0
15752,39,7,2626.6,3.6888794541139363,2.0794415416798357,7.873826161018318,1,Loyal / High-Value,0.16226704789677485,0
15753,304,1,79.2,5.720311776607412,0.6931471805599453,4.384523514872469,0,At-Risk / Low-Engagement,0.7379712333696323,1
15754,51,3,458.57,3.9512437185814275,1.3862943611198906,6.130291269692714,0,At-Risk / Low-Engagement,0.39476210290662617,0
15755,10,6,2364.25,2.3978952727983707,1.9459101490553132,7.768639003584553,1,Loyal / High-Value,0.15426131892617767,0
15756,61,4,528.01,4.127134385045092,1.6094379124341003,6.271007335271311,0,At-Risk / Low-Engagement,0.3403386383949596,0
15757,65,2,714.42,4.189654742026425,1.0986122886681096,6.572869782822179,0,At-Risk / Low-Engagement,0.4478758979789312,0
15758,24,1,205.25,3.2188758248682006,0.6931471805599453,5.32908902521479,0,At-Risk / Low-Engagement,0.5902197315748647,1
15759,218,3,253.04,5.389071729816501,1.3862943611198906,5.537491734934774,0,At-Risk / Low-Engagement,0.494780202250655,0
15762,65,2,583.75,4.189654742026425,1.0986122886681096,6.371184405464288,0,At-Risk / Low-Engagement,0.46109486767353147,0
15763,31,2,1086.92,3.4657359027997265,1.0986122886681096,6.992022895300703,0,At-Risk / Low-Engagement,0.39035785337992635,0
15764,88,6,3279.97,4.48863636973214,1.9459101490553132,8.095894389365505,1,Loyal / High-Value,0.19388817707907008,0
15766,64,1,315.06,4.174387269895637,0.6931471805599453,5.755932068980957,0,At-Risk / Low-Engagement,0.6030019208187091,1
15768,115,3,621.8299999999999,4.7535901911063645,1.3862943611198906,6.434273608356567,0,At-Risk / Low-Engagement,0.4089410313730436,0
15769,7,26,56252.72,2.0794415416798357,3.295836866004329,9.892501674765558,1,Loyal / High-Value,0.02946360574176604,0
15773,5,1,635.6800000000001,1.791759469228055,0.6931471805599453,6.4562671745616536,0,At-Risk / Low-Engagement,0.45487281028541865,0
15774,68,1,270.8,4.23410650459726,0.6931471805599453,5.605066501717044,0,At-Risk / Low-Engagement,0.6149687380776341,1
15775,245,1,104.9,5.5053315359323625,0.6931471805599453,4.662495252607361,0,At-Risk / Low-Engagement,0.7187439122576889,1
15776,133,1,241.62,4.897839799950911,0.6931471805599453,5.491496433342773,0,At-Risk / Low-Engagement,0.648751507739817,1
15777,241,4,1047.11,5.488937726156687,1.6094379124341003,6.954743821204941,0,At-Risk / Low-Engagement,0.3529680124321301,0
15780,183,3,475.28000000000003,5.214935757608986,1.3862943611198906,6.166005916582974,0,At-Risk / Low-Engagement,0.44589020535424867,0
15781,25,3,345.46,3.258096538021482,1.3862943611198906,5.847767371850795,0,At-Risk / Low-Engagement,0.38389742550212447,0
15782,9,3,2614.7400000000002,2.302585092994046,1.3862943611198906,7.869302319258532,1,Loyal / High-Value,0.23623241644573642,0
15783,10,1,246.3,2.3978952727983707,0.6931471805599453,5.510602174527371,0,At-Risk / Low-Engagement,0.5434625539695547,1
15785,32,5,2328.9700000000003,3.4965075614664802,1.791759469228055,7.753610670940375,1,Loyal / High-Value,0.2059672967955354,0
15786,46,3,4919.0,3.8501476017100584,1.3862943611198906,8.501063809486354,1,Loyal / High-Value,0.25508472155333634,0
15787,26,3,933.26,3.295836866004329,1.3862943611198906,6.839754772081388,1,Loyal / High-Value,0.3254709879004176,0
15789,358,1,351.3,5.883322388488279,0.6931471805599453,5.864483085347192,0,At-Risk / Low-Engagement,0.6556985698555693,1
15790,10,1,218.75,2.3978952727983707,0.6931471805599453,5.392490536565286,0,At-Risk / Low-Engagement,0.5511989326853332,1
15791,43,2,1612.69,3.784189633918261,1.0986122886681096,7.386278760989393,0,At-Risk / Low-Engagement,0.37878036015610117,0
15793,14,3,965.61,2.70805020110221,1.3862943611198906,6.873795104898541,1,Loyal / High-Value,0.3015698883501879,0
15795,149,1,610.01,5.0106352940962555,0.6931471805599453,6.415113325649775,0,At-Risk / Low-Engagement,0.596033380293216,1
15796,1,8,2708.61,0.6931471805599453,2.1972245773362196,7.904559992078387,1,Loyal / High-Value,0.09194222148039914,0
15797,113,4,2207.4,4.736198448394496,1.6094379124341003,7.70002355040989,1,Loyal / High-Value,0.28215522574510155,0
15799,75,3,884.14,4.330733340286331,1.3862943611198906,6.785745824587275,0,At-Risk / Low-Engagement,0.3694186112248415,0
15800,107,2,696.89,4.68213122712422,1.0986122886681096,6.548061497220062,0,At-Risk / Low-Engagement,0.47074349990936376,0
15801,46,3,1063.95,3.8501476017100584,1.3862943611198906,6.97068312868461,0,At-Risk / Low-Engagement,0.33915150050784953,0
15802,142,1,451.42,4.962844630259907,0.6931471805599453,6.11461095192969,0,At-Risk / Low-Engagement,0.6130401557036518,1
15803,51,1,415.82000000000005,3.9512437185814275,0.6931471805599453,6.032654473932845,0,At-Risk / Low-Engagement,0.5759262495787858,1
15804,0,13,4206.39,0.6931471805599453,2.639057329615259,8.344597781932357,1,Loyal / High-Value,0.04843340823702914,0
15805,23,17,5488.18,3.1780538303479458,2.8903717578961645,8.61053416087066,1,Loyal / High-Value,0.05992951591750828,0
15806,46,3,784.58,3.8501476017100584,1.3862943611198906,6.666422298467717,0,At-Risk / Low-Engagement,0.3574065748471492,0
15807,50,3,903.9,3.9318256327243257,1.3862943611198906,6.807824440357088,0,At-Risk / Low-Engagement,0.3520968329555004,0
15808,306,4,3651.27,5.726847747587197,1.6094379124341003,8.20310417107402,1,Loyal / High-Value,0.2871049191357173,0
15809,36,5,515.77,3.6109179126442243,1.791759469228055,6.247597901247849,1,Loyal / High-Value,0.2826447053618159,0
15810,78,4,1391.98,4.3694478524670215,1.6094379124341003,7.239200616174941,1,Loyal / High-Value,0.29407670974115235,0
15811,22,6,2218.62,3.1354942159291497,1.9459101490553132,7.705091289043697,1,Loyal / High-Value,0.17412809147443606,0
15812,107,5,1801.14,4.68213122712422,1.791759469228055,7.496730126604398,1,Loyal / High-Value,0.2543465244363277,0
15813,207,2,1303.9099999999999,5.337538079701318,1.0986122886681096,7.173889351861321,0,At-Risk / Low-Engagement,0.4579056920297203,0
15814,16,4,1945.33,2.833213344056216,1.6094379124341003,7.573700826991937,1,Loyal / High-Value,0.22601902322398415,0
15815,63,5,2100.6,4.1588830833596715,1.791759469228055,7.65045423837133,1,Loyal / High-Value,0.23021683017487218,0
15819,49,4,1905.45,3.912023005428146,1.6094379124341003,7.552998152884997,1,Loyal / High-Value,0.2615212692395228,0
15820,319,1,206.98,5.768320995793772,0.6931471805599453,5.337441921232086,0,At-Risk / Low-Engagement,0.6864384923214818,1
15821,44,2,570.96,3.8066624897703196,1.0986122886681096,6.349069058864647,0,At-Risk / Low-Engagement,0.4460580569122254,0
15822,3,2,885.47,1.3862943611198906,1.0986122886681096,6.787247283994098,1,Loyal / High-Value,0.3202010669613551,0
15823,372,1,15.0,5.912501651847105,0.6931471805599453,3.9740583963475986,0,At-Risk / Low-Engagement,0.7614858902906267,1
15825,172,1,532.94,5.153291594497779,0.6931471805599453,6.2802834730968256,0,At-Risk / Low-Engagement,0.6104937705241695,1
15826,56,3,1654.31,4.04305126783455,1.3862943611198906,7.411743581448863,1,Loyal / High-Value,0.3207824194337252,0
15827,73,14,1836.0900000000001,4.304065093204169,2.70805020110221,7.515938076938256,1,Loyal / High-Value,0.11088816210520817,0
15829,99,2,636.14,4.605170185988092,1.0986122886681096,6.456989411643809,0,At-Risk / Low-Engagement,0.47341264369616864,0
15830,37,1,576.0,3.6375861597263857,0.6931471805599453,6.3578422665081,0,At-Risk / Low-Engagement,0.5413108759541424,1
15831,58,3,794.64,4.07753744390572,1.3862943611198906,6.67914682223686,0,At-Risk / Low-Engagement,0.36574678705705316,0
15832,254,1,836.79,5.541263545158426,0.6931471805599453,6.7307674724187825,0,At-Risk / Low-Engagement,0.5981295206271644,1
15834,70,4,2225.15,4.2626798770413155,1.6094379124341003,7.708028915009937,1,Loyal / High-Value,0.26538640903208865,0
15835,44,4,954.09,3.8066624897703196,1.6094379124341003,6.861805576878038,1,Loyal / High-Value,0.2944971507817825,0
15836,50,1,137.37,3.9318256327243257,0.6931471805599453,4.929931256681293,0,At-Risk / Low-Engagement,0.64433600428203,1
15837,64,1,391.98,4.174387269895637,0.6931471805599453,5.97375871998905,0,At-Risk / Low-Engagement,0.5891374141583576,1
15838,11,19,33643.08,2.4849066497880004,2.995732273553991,9.892501674765558,1,Loyal / High-Value,0.037755207477008376,0
15839,33,3,1048.49,3.5263605246161616,1.3862943611198906,6.9560596108684605,1,Loyal / High-Value,0.3275140932177606,0
15840,58,2,355.56,4.07753744390572,1.0986122886681096,5.876502528638301,0,At-Risk / Low-Engagement,0.4888451066794392,0
15841,72,4,1224.06,4.290459441148391,1.6094379124341003,7.110745101371203,1,Loyal / High-Value,0.298296131887148,0
15843,303,1,118.95000000000002,5.717027701406222,0.6931471805599453,4.787074989285704,0,At-Risk / Low-Engagement,0.7168774988924314,1
15844,46,1,130.73999999999998,3.8501476017100584,0.6931471805599453,4.880830283212546,0,At-Risk / Low-Engagement,0.644059700316441,1
15845,17,8,3711.77,2.8903717578961645,2.1972245773362196,8.219533507739182,1,Loyal / High-Value,0.12006824829987946,0
15847,38,2,389.27,3.6635616461296463,1.0986122886681096,5.966838807281578,0,At-Risk / Low-Engagement,0.46495427955028007,0
15850,19,2,234.88,2.995732273553991,1.0986122886681096,5.463323201132304,0,At-Risk / Low-Engagement,0.4692163843966578,0
15852,186,2,160.71,5.231108616854587,1.0986122886681096,5.085804607589853,0,At-Risk / Low-Engagement,0.5901967046849363,1
15853,51,1,110.8,3.9512437185814275,0.6931471805599453,4.716711560720999,0,At-Risk / Low-Engagement,0.6579060950030379,1
15854,4,12,2969.12,1.6094379124341003,2.5649493574615367,7.996357635020928,1,Loyal / High-Value,0.07373672694617324,0
15855,136,5,712.24,4.919980925828125,1.791759469228055,6.569817969665846,0,At-Risk / Low-Engagement,0.31234104737394436,0
15856,4,27,16143.64,1.6094379124341003,3.332204510175204,9.689343385018718,1,Loyal / High-Value,0.02721677124592653,0
15857,18,1,297.0,2.9444389791664403,0.6931471805599453,5.697093486505405,0,At-Risk / Low-Engagement,0.554758272835159,1
15858,15,5,1427.57,2.772588722239781,1.791759469228055,7.264429222920369,1,Loyal / High-Value,0.20655519719201987,0
15860,40,8,965.16,3.713572066704308,2.1972245773362196,6.87332945196712,1,Loyal / High-Value,0.1834872163343309,0
15861,12,8,3146.92,2.5649493574615367,2.1972245773362196,8.054497196253768,1,Loyal / High-Value,0.11871297190199734,0
15862,8,4,832.88,2.1972245773362196,1.6094379124341003,6.726089507114236,1,Loyal / High-Value,0.24651168563107742,0
15863,25,2,68.84,3.258096538021482,1.0986122886681096,4.246206911531347,0,At-Risk / Low-Engagement,0.5607131434324685,1
15864,22,6,1936.3200000000002,3.1354942159291497,1.9459101490553132,7.569060853685924,1,Loyal / High-Value,0.17936063979931852,0
15865,40,3,895.13,3.713572066704308,1.3862943611198906,6.798085491736212,0,At-Risk / Low-Engagement,0.34407909157215044,0
15866,101,1,211.89,4.624972813284271,0.6931471805599453,5.3607756003876466,0,At-Risk / Low-Engagement,0.645821286005042,1
15867,5,15,3810.14,1.791759469228055,2.772588722239781,8.24568363596401,1,Loyal / High-Value,0.058586715801651805,0
15869,277,2,149.64,5.627621113690637,1.0986122886681096,5.014892884348897,0,At-Risk / Low-Engagement,0.6112087893609977,1
15870,32,1,351.44,3.4965075614664802,0.6931471805599453,5.864880394998529,0,At-Risk / Low-Engagement,0.5674475686750652,1
15872,14,2,316.25,2.70805020110221,1.0986122886681096,5.759690106594497,0,At-Risk / Low-Engagement,0.4374271816458175,0
15874,63,7,4405.88,4.1588830833596715,2.0794415416798357,8.390922235063499,1,Loyal / High-Value,0.15491909745486265,0
15877,1,2,490.33,0.6931471805599453,1.0986122886681096,6.197115999797643,1,Loyal / High-Value,0.3280046841631971,0
15880,369,1,329.03000000000003,5.912501651847105,0.6931471805599453,5.799183559419454,0,At-Risk / Low-Engagement,0.6595854378608628,1
15881,312,5,501.39000000000004,5.746203190540153,1.791759469228055,6.219376710497294,0,At-Risk / Low-Engagement,0.3609697448077833,0
15882,198,4,516.36,5.293304824724492,1.6094379124341003,6.248738957138337,0,At-Risk / Low-Engagement,0.38856541211848206,0
15883,2,2,396.48,1.0986122886681096,1.0986122886681096,5.9851446183631625,1,Loyal / High-Value,0.35646093875232215,0
15885,92,3,379.35,4.532599493153256,1.3862943611198906,5.9410918814433105,0,At-Risk / Low-Engagement,0.4313506012056455,0
15886,60,1,181.09,4.110873864173311,0.6931471805599453,5.204501070343752,0,At-Risk / Low-Engagement,0.6347717176700772,1
15888,80,1,168.31,4.394449154672439,0.6931471805599453,5.131731354140141,0,At-Risk / Low-Engagement,0.6504995087107684,1
15889,156,2,420.07,5.056245805348308,1.0986122886681096,6.042799090644775,0,At-Risk / Low-Engagement,0.5203386831638231,1
15891,226,1,511.68,5.424950017481403,0.6931471805599453,6.239651868861623,0,At-Risk / Low-Engagement,0.6241767326171178,1
15894,253,2,258.25,5.537334267018537,1.0986122886681096,5.557792847109637,0,At-Risk / Low-Engagement,0.5727754821373382,1
15895,149,1,179.17,5.0106352940962555,0.6931471805599453,5.1939008496276085,0,At-Risk / Low-Engagement,0.6708042037447005,1
15897,194,2,208.59,5.272999558563747,1.0986122886681096,5.345153241385068,0,At-Risk / Low-Engagement,0.5752951804090204,1
15898,1,5,1383.83,0.6931471805599453,1.791759469228055,7.233332667405506,1,Loyal / High-Value,0.15462562690059375,0
15899,368,1,56.25,5.910796644040527,0.6931471805599453,4.047427642434349,0,At-Risk / Low-Engagement,0.7548355792062205,1
15900,23,1,337.28,3.1780538303479458,0.6931471805599453,5.8238739549140215,0,At-Risk / Low-Engagement,0.5565010987699527,1
15901,16,3,351.73,2.833213344056216,1.3862943611198906,5.86570289174782,0,At-Risk / Low-Engagement,0.36549846121670826,0
15903,9,7,5126.76,2.302585092994046,2.0794415416798357,8.54242419563319,1,Loyal / High-Value,0.11314585560314416,0
15904,8,1,164.68,2.1972245773362196,0.6931471805599453,5.110058217087329,0,At-Risk / Low-Engagement,0.561026760561311,1
15906,19,7,1567.69,2.995732273553991,2.0794415416798357,7.357996155136706,1,Loyal / High-Value,0.16445117997840245,0
15907,3,3,882.72,1.3862943611198906,1.3862943611198906,6.784140270382827,1,Loyal / High-Value,0.2600505071261712,0
15909,173,1,191.94,5.159055299214529,0.6931471805599453,5.262379259742407,0,At-Risk / Low-Engagement,0.6724967997684829,1
15910,0,8,1228.88,0.6931471805599453,2.1972245773362196,7.114671882631472,1,Loyal / High-Value,0.09959684333977971,0
15912,178,2,264.62,5.187385805840755,1.0986122886681096,5.582066715972105,0,At-Risk / Low-Engagement,0.5562568491939252,1
15916,16,8,1502.8600000000001,2.833213344056216,2.1972245773362196,7.3157904150707145,1,Loyal / High-Value,0.14644210534344718,0
15917,247,1,123.1,5.5134287461649825,0.6931471805599453,4.821087692210561,0,At-Risk / Low-Engagement,0.71048027863594,1
15918,190,2,334.23,5.25227342804663,1.0986122886681096,5.814816863409831,0,At-Risk / Low-Engagement,0.5438175157428966,1
15919,19,2,525.69,2.995732273553991,1.0986122886681096,6.266612140168987,0,At-Risk / Low-Engagement,0.41686378003696156,0
15920,154,4,167.5,5.043425116919247,1.6094379124341003,5.126935749792416,0,At-Risk / Low-Engagement,0.4501240959997801,0
15921,172,1,323.03000000000003,5.153291594497779,0.6931471805599453,5.780836104098492,0,At-Risk / Low-Engagement,0.6413964976234257,1
15922,373,1,369.5,5.912501651847105,0.6931471805599453,5.914853444736142,0,At-Risk / Low-Engagement,0.652686005541729,1
15923,372,1,127.08,5.912501651847105,0.6931471805599453,4.852655068688459,0,At-Risk / Low-Engagement,0.713345344276208,1
15925,194,1,207.15,5.272999558563747,0.6931471805599453,5.3382589736409845,0,At-Risk / Low-Engagement,0.6724373559278243,1
15930,67,1,426.63,4.219507705176107,0.6931471805599453,6.058258335716989,0,At-Risk / Low-Engagement,0.5856224689146443,1
15932,4,8,2495.87,1.6094379124341003,2.1972245773362196,7.822793226449505,1,Loyal / High-Value,0.10818845709880787,0
15933,21,3,1107.46,3.091042453358316,1.3862943611198906,7.010726943606016,1,Loyal / High-Value,0.30799425912693124,0
15935,239,2,416.86,5.480638923341991,1.0986122886681096,6.035146448194105,0,At-Risk / Low-Engagement,0.5392032538121984,1
15937,64,1,145.35,4.174387269895637,0.6931471805599453,4.986001013137895,0,At-Risk / Low-Engagement,0.6505688990971354,1
15938,112,5,404.58,4.727387818712341,1.791759469228055,6.0053181413965175,0,At-Risk / Low-Engagement,0.3377341238544734,0
15939,89,15,6115.01,4.499809670330265,2.772588722239781,8.718665202103209,1,Loyal / High-Value,0.0807975953877773,0
15940,311,1,35.8,5.7430031878094825,0.6931471805599453,3.9740583963475986,0,At-Risk / Low-Engagement,0.7614858902906267,1
15942,133,1,337.44,4.897839799950911,0.6931471805599453,5.8243468240563,0,At-Risk / Low-Engagement,0.6284464748309229,1
15944,276,1,325.1,5.6240175061873385,0.6931471805599453,5.787204082795274,0,At-Risk / Low-Engagement,0.6595988786309535,1
15945,365,1,181.0,5.902633333401366,0.6931471805599453,5.204006687076795,0,At-Risk / Low-Engagement,0.6939811845278961,1
15947,82,1,1708.24,4.418840607796598,0.6931471805599453,7.443804106257556,0,At-Risk / Low-Engagement,0.5035534051116927,1
15948,8,2,955.24,2.1972245773362196,1.0986122886681096,6.863008927569726,1,Loyal / High-Value,0.34705099166581327,0
15949,16,2,364.72,2.833213344056216,1.0986122886681096,5.901868013296226,0,At-Risk / Low-Engagement,0.4335309361342817,0
15950,31,4,1744.71,3.4657359027997265,1.6094379124341003,7.464916628675443,1,Loyal / High-Value,0.2511843947219418,0
15951,8,2,708.22,2.1972245773362196,1.0986122886681096,6.56416577459204,1,Loyal / High-Value,0.36516399775533903,0
15952,33,4,781.91,3.5263605246161616,1.6094379124341003,6.663017746855669,1,Loyal / High-Value,0.295301711014318,0
15953,15,8,1657.28,2.772588722239781,2.1972245773362196,7.413536199603394,1,Loyal / High-Value,0.14195398267535736,0
15955,24,14,4416.26,3.2188758248682006,2.70805020110221,8.393274873346142,1,Loyal / High-Value,0.07570867655705794,0
15957,31,1,428.89,3.4657359027997265,0.6931471805599453,6.063529362008149,0,At-Risk / Low-Engagement,0.553193422304373,1
15958,74,1,104.35,4.31748811353631,0.6931471805599453,4.657288140250198,0,At-Risk / Low-Engagement,0.6755290135121115,1
15963,19,2,470.76,2.995732273553991,1.0986122886681096,6.156470381692249,0,At-Risk / Low-Engagement,0.4239589254673436,0
15965,17,4,808.87,2.8903717578961645,1.6094379124341003,6.696873740958812,1,Loyal / High-Value,0.2710725697015193,0
15967,23,2,397.68,3.1780538303479458,1.0986122886681096,5.988159090099256,0,At-Risk / Low-Engagement,0.4426590286886479,0
15969,2,3,666.1,1.0986122886681096,1.3862943611198906,6.502939959715469,1,Loyal / High-Value,0.26476828629555843,0
15970,303,1,314.1,5.717027701406222,0.6931471805599453,5.752890048763229,0,At-Risk / Low-Engagement,0.662328083655031,1
15971,17,12,4199.85,2.8903717578961645,2.5649493574615367,8.343042164747578,1,Loyal / High-Value,0.08318582845515939,0
15973,366,1,307.82000000000005,5.905361848054571,0.6931471805599453,5.732758582892719,0,At-Risk / Low-Engagement,0.6635173816394805,1
15974,39,7,3442.15,3.6888794541139363,2.0794415416798357,8.14414202904651,1,Loyal / High-Value,0.15278520864391562,0
15975,84,1,371.01,4.442651256490317,0.6931471805599453,5.91892073563227,0,At-Risk / Low-Engagement,0.6038405092256351,1
15976,165,2,427.64,5.111987788356544,1.0986122886681096,6.0606174057962985,0,At-Risk / Low-Engagement,0.5215792640100008,1
15977,17,2,1054.73,2.8903717578961645,1.0986122886681096,6.961987749755856,1,Loyal / High-Value,0.36869892803809057,0
15978,77,1,1098.78,4.356708826689592,0.6931471805599453,7.002865438783795,0,At-Risk / Low-Engagement,0.5299630894459122,1
15980,88,3,2398.86,4.48863636973214,1.3862943611198906,7.783165681301249,1,Loyal / High-Value,0.31626709348206034,0
15981,24,8,3408.48,3.2188758248682006,2.1972245773362196,8.134315065980752,1,Loyal / High-Value,0.1287342897393586,0
15983,22,4,1465.12,3.1354942159291497,1.6094379124341003,7.29037473448544,1,Loyal / High-Value,0.24908089232893676,0
15984,2,10,2780.63,1.0986122886681096,2.3978952727983707,7.930792365795113,1,Loyal / High-Value,0.0808010989922294,0
15985,123,2,1142.42,4.820281565605037,1.0986122886681096,7.04177905036834,0,At-Risk / Low-Engagement,0.44430903457778353,0
15986,30,1,168.12,3.4339872044851463,0.6931471805599453,5.1306085221219275,0,At-Risk / Low-Engagement,0.6117585099519691,1
15987,12,7,1432.77,2.5649493574615367,2.0794415416798357,7.268062617779592,1,Loyal / High-Value,0.15755666187257472,0
15988,19,1,156.78,2.995732273553991,0.6931471805599453,5.061201657666944,0,At-Risk / Low-Engagement,0.5979520627074788,1
15990,44,2,792.11,3.8066624897703196,1.0986122886681096,6.675961925760257,0,At-Risk / Low-Engagement,0.4248160526074611,0
15992,3,1,41.989999999999995,1.3862943611198906,0.6931471805599453,3.9740583963475986,0,At-Risk / Low-Engagement,0.6038868741592407,1
15993,8,7,2777.67,2.1972245773362196,2.0794415416798357,7.929727674940442,1,Loyal / High-Value,0.12838434370984836,0
15994,54,1,414.27,4.007333185232471,0.6931471805599453,6.028928911090341,0,At-Risk / Low-Engagement,0.5785440315646937,1
15996,88,6,1032.58,4.48863636973214,1.9459101490553132,6.940783782995926,1,Loyal / High-Value,0.24609355622970394,0
15998,36,5,3080.22,3.6109179126442243,1.791759469228055,8.033080901435286,1,Loyal / High-Value,0.19727384736032283,0
16000,2,3,12393.7,1.0986122886681096,1.3862943611198906,9.4250242408686,1,Loyal / High-Value,0.14259991097339636,0
16003,29,5,2735.37,3.4011973816621555,1.791759469228055,7.914387503517288,1,Loyal / High-Value,0.19647591627168595,0
16005,12,4,578.71,2.5649493574615367,1.6094379124341003,6.3625279784987825,1,Loyal / High-Value,0.2774157198944978,0
16006,211,1,101.4,5.356586274672012,0.6931471805599453,4.628886712605407,0,At-Risk / Low-Engagement,0.7153047404447579,1
16007,47,4,1693.81,3.8712010109078907,1.6094379124341003,7.435325919136224,1,Loyal / High-Value,0.2661865926560388,0
16008,23,3,478.78,3.1780538303479458,1.3862943611198906,6.173327665501776,0,At-Risk / Low-Engagement,0.36054228882657613,0
16009,22,4,972.11,3.1354942159291497,1.6094379124341003,6.880497128211273,1,Loyal / High-Value,0.26989445814723717,0
16010,245,3,392.4,5.5053315359323625,1.3862943611198906,5.974826905954958,0,At-Risk / Low-Engagement,0.470955717874729,0
16011,8,16,3352.96,2.1972245773362196,2.833213344056216,8.1178970162536,1,Loyal / High-Value,0.06096494213561243,0
16012,35,3,1415.29,3.58351893845611,1.3862943611198906,7.255796055544432,1,Loyal / High-Value,0.31243378386217197,0
16013,3,47,37130.6,1.3862943611198906,3.4339872044851463,9.892501674765558,1,Loyal / High-Value,0.026209209340989446,0
16014,37,3,646.83,3.6375861597263857,1.3862943611198906,6.473628316254615,0,At-Risk / Low-Engagement,0.360639939810303,0
16015,3,3,704.55,1.3862943611198906,1.3862943611198906,6.55897764050377,1,Loyal / High-Value,0.27166759583289646,0
16016,3,8,1465.51,1.3862943611198906,2.1972245773362196,7.290640707350956,1,Loyal / High-Value,0.11842302541324463,0
16017,47,1,211.88,3.8712010109078907,0.6931471805599453,5.360728626669434,0,At-Risk / Low-Engagement,0.6153390702140327,1
16018,39,2,408.90000000000003,3.6888794541139363,1.0986122886681096,6.015913227510292,0,At-Risk / Low-Engagement,0.46282129451100457,0
16019,46,9,3786.2400000000002,3.8501476017100584,2.302585092994046,8.239392800596635,1,Loyal / High-Value,0.1258800423485793,0
16020,16,3,851.01,2.833213344056216,1.3862943611198906,6.747598263849638,1,Loyal / High-Value,0.31330130156178343,0
16022,260,1,602.63,5.564520407322694,0.6931471805599453,6.402961427447865,0,At-Risk / Low-Engagement,0.6197250211154944,1
16023,46,3,719.81,3.8501476017100584,1.3862943611198906,6.58037557967181,0,At-Risk / Low-Engagement,0.36264799107533247,0
16024,12,1,251.03,2.5649493574615367,0.6931471805599453,5.5295481280448655,0,At-Risk / Low-Engagement,0.549412388140488,1
16025,29,1,439.65999999999997,3.4011973816621555,0.6931471805599453,6.0882736030360425,0,At-Risk / Low-Engagement,0.5488017495795086,1
16026,43,1,236.09,3.784189633918261,0.6931471805599453,5.468439815884993,0,At-Risk / Low-Engagement,0.6049711310091548,1
16027,91,6,934.62,4.5217885770490405,1.9459101490553132,6.841209411138237,1,Loyal / High-Value,0.25209439708055137,0
16029,38,63,80850.84,3.6635616461296463,3.4339872044851463,9.892501674765558,1,Loyal / High-Value,0.038436697031159386,0
16030,309,1,331.24,5.736572297479192,0.6931471805599453,5.805857599322498,0,At-Risk / Low-Engagement,0.6591891475747022,1
16031,92,2,547.9,4.532599493153256,1.0986122886681096,6.3079162755558436,0,At-Risk / Low-Engagement,0.48009973182581017,0
16033,5,20,8778.82,1.791759469228055,3.044522437723423,9.080211185280058,1,Loyal / High-Value,0.036435115335518124,0
16034,196,3,437.7,5.2832037287379885,1.3862943611198906,6.083815808172169,0,At-Risk / Low-Engagement,0.45420284309830716,0
16036,87,2,758.92,4.477336814478207,1.0986122886681096,6.633213164581927,0,At-Risk / Low-Engagement,0.45630111688643077,0
16037,269,3,855.02,5.598421958998375,1.3862943611198906,6.752293740354778,0,At-Risk / Low-Engagement,0.42416872870143896,0
16038,7,3,471.78000000000003,2.0794415416798357,1.3862943611198906,6.158630164012735,1,Loyal / High-Value,0.3186585970518638,0
16040,65,3,1313.55,4.189654742026425,1.3862943611198906,7.181249680723068,0,At-Risk / Low-Engagement,0.3398915136417278,0
16041,30,3,3166.4,3.4339872044851463,1.3862943611198906,8.060666341057626,1,Loyal / High-Value,0.2635638876449316,0
16042,22,5,1177.47,3.1354942159291497,1.791759469228055,7.071972265963926,1,Loyal / High-Value,0.22584866826978292,0
16043,37,4,773.99,3.6375861597263857,1.6094379124341003,6.652850126044293,1,Loyal / High-Value,0.29990183870063764,0
16045,119,4,1340.7,4.787491742782046,1.6094379124341003,7.201692745596426,0,At-Risk / Low-Engagement,0.31149489207608,0
16048,373,2,256.44,5.912501651847105,1.0986122886681096,5.550786683244073,0,At-Risk / Low-Engagement,0.577666059281597,1
16049,40,3,1074.81,3.713572066704308,1.3862943611198906,6.980829145204009,0,At-Risk / Low-Engagement,0.33325896903882396,0
16050,173,1,137.9,5.159055299214529,0.6931471805599453,4.933754249760298,0,At-Risk / Low-Engagement,0.6913376398039554,1
16052,54,1,362.06,4.007333185232471,0.6931471805599453,5.894568109862285,0,At-Risk / Low-Engagement,0.5871803552817719,1
16053,32,2,1511.95,3.4965075614664802,1.0986122886681096,7.321816666315659,0,At-Risk / Low-Engagement,0.3710643774171269,0
16054,145,1,783.9,4.983606621708336,0.6931471805599453,6.665556321132768,0,At-Risk / Low-Engagement,0.5788510252245561,1
16055,220,1,134.8,5.3981627015177525,0.6931471805599453,4.911183215124596,0,At-Risk / Low-Engagement,0.7013800263998835,1
16056,45,1,650.75,3.828641396489095,0.6931471805599453,6.479661052813611,0,At-Risk / Low-Engagement,0.5415537652543299,1
16057,16,7,2263.12,2.833213344056216,2.0794415416798357,7.724941441452005,1,Loyal / High-Value,0.14795707677377323,0
16059,65,6,1453.16,4.189654742026425,1.9459101490553132,7.282183693304844,1,Loyal / High-Value,0.2206736921277072,0
16062,9,4,1153.62,2.302585092994046,1.6094379124341003,7.051526564493091,1,Loyal / High-Value,0.23414683137521017,0
16063,260,1,335.32,5.564520407322694,0.6931471805599453,5.818063087688587,0,At-Risk / Low-Engagement,0.6554346335302437,1
16065,365,1,367.14,5.902633333401366,0.6931471805599453,5.908463300604576,0,At-Risk / Low-Engagement,0.653068872923612,1
16066,16,5,1521.04,2.833213344056216,1.791759469228055,7.327806819285222,1,Loyal / High-Value,0.20553673193688965,0
16070,22,2,852.15,3.1354942159291497,1.0986122886681096,6.748935381973274,0,At-Risk / Low-Engagement,0.39200283514873285,0
16071,44,1,326.24,3.8066624897703196,0.6931471805599453,5.790693846645498,0,At-Risk / Low-Engagement,0.5853872700303193,1
16072,288,1,584.3199999999999,5.666426688112432,0.6931471805599453,6.3721587062242255,0,At-Risk / Low-Engagement,0.6247985124218807,1
16073,297,1,122.39999999999999,5.697093486505405,0.6931471805599453,4.8154311114712876,0,At-Risk / Low-Engagement,0.7153534669787466,1
16076,3,10,2234.73,1.3862943611198906,2.3978952727983707,7.712323075642278,1,Loyal / High-Value,0.08917205174695288,0
16078,283,1,79.2,5.648974238161206,0.6931471805599453,4.384523514872469,0,At-Risk / Low-Engagement,0.7379712333696323,1
16079,16,3,1352.0,2.833213344056216,1.3862943611198906,7.210079628170788,1,Loyal / High-Value,0.2876142073505206,0
16080,81,2,217.16,4.406719247264253,1.0986122886681096,5.385228738537333,0,At-Risk / Low-Engagement,0.535547395855202,1
16081,56,5,2799.42,4.04305126783455,1.791759469228055,7.93752468491442,1,Loyal / High-Value,0.21364361719793734,0
16083,100,2,1317.62,4.61512051684126,1.0986122886681096,7.184341014166175,0,At-Risk / Low-Engagement,0.4262870085060844,0
16084,299,1,436.18,5.703782474656201,0.6931471805599453,6.0803450096018565,0,At-Risk / Low-Engagement,0.6427028710502638,1
16085,23,5,981.51,3.1780538303479458,1.791759469228055,6.890110521808668,1,Loyal / High-Value,0.2356946941555114,0
16086,59,5,1121.39,4.0943445622221,1.791759469228055,7.023215619268875,1,Loyal / High-Value,0.2587511427633339,0
16091,154,2,315.06,5.043425116919247,1.0986122886681096,5.755932068980957,0,At-Risk / Low-Engagement,0.5386760333635771,1
16092,114,3,817.86,4.74493212836325,1.3862943611198906,6.707913129070193,0,At-Risk / Low-Engagement,0.3912186495115443,0
16093,106,1,17.0,4.672828834461906,0.6931471805599453,3.9740583963475986,0,At-Risk / Low-Engagement,0.7295862222059161,1
16094,11,4,1078.23,2.4849066497880004,1.6094379124341003,6.984003102876341,1,Loyal / High-Value,0.24314328206494729,0
16096,264,1,320.62,5.579729825986222,0.6931471805599453,5.773370724425878,0,At-Risk / Low-Engagement,0.6586923031848531,1
16097,240,1,185.04999999999998,5.484796933490655,0.6931471805599453,5.226015454792631,0,At-Risk / Low-Engagement,0.6869054082666557,1
16098,87,7,2005.63,4.477336814478207,2.0794415416798357,7.604211977042565,1,Loyal / High-Value,0.19259601947870053,0
16099,50,3,731.9,3.9318256327243257,1.3862943611198906,6.597009266931805,0,At-Risk / Low-Engagement,0.3649136110664243,0
16101,70,1,1290.7,4.2626798770413155,0.6931471805599453,7.16371445923797,0,At-Risk / Low-Engagement,0.5152801245169196,1
16102,42,3,1842.14,3.7612001156935624,1.3862943611198906,7.519225917888408,1,Loyal / High-Value,0.3041635872493309,0
16103,7,6,1429.64,2.0794415416798357,1.9459101490553132,7.265877175579781,1,Loyal / High-Value,0.16466001375984166,0
16104,61,1,298.21,4.127134385045092,0.6931471805599453,5.701145668001697,0,At-Risk / Low-Engagement,0.6045035783834014,1
16105,248,1,336.96,5.517452896464707,0.6931471805599453,5.822927545284644,0,At-Risk / Low-Engagement,0.6532947864040515,1
16106,65,1,108.38,4.189654742026425,0.6931471805599453,4.694828057918627,0,At-Risk / Low-Engagement,0.6684475602773862,1
16107,17,7,3204.1600000000003,2.8903717578961645,2.0794415416798357,8.072517290105589,1,Loyal / High-Value,0.1379195755134163,0
16108,84,1,842.5,4.442651256490317,0.6931471805599453,6.737559901986023,0,At-Risk / Low-Engagement,0.5510871185791338,1
16109,218,2,611.88,5.389071729816501,1.0986122886681096,6.418169158208565,0,At-Risk / Low-Engagement,0.5099909127027279,1
16110,45,3,1320.95,3.828641396489095,1.3862943611198906,7.186863198213779,1,Loyal / High-Value,0.3256412131681672,0
16112,143,4,195.73999999999998,4.969813299576001,1.6094379124341003,5.281883060084612,0,At-Risk / Low-Engagement,0.4368590398938615,0
16113,183,1,161.38,5.214935757608986,0.6931471805599453,5.089939267434301,0,At-Risk / Low-Engagement,0.6845571287254315,1
16114,170,1,135.75000000000003,5.14166355650266,0.6931471805599453,4.918154441302091,0,At-Risk / Low-Engagement,0.6915730572617853,1
16115,9,8,1660.8799999999999,2.302585092994046,2.1972245773362196,7.415704770642627,1,Loyal / High-Value,0.13223240589481552,0
16116,211,1,612.78,5.356586274672012,0.6931471805599453,6.419636557751217,0,At-Risk / Low-Engagement,0.6101295269210852,1
16117,189,1,232.21,5.247024072160486,0.6931471805599453,5.451939335203601,0,At-Risk / Low-Engagement,0.6647787510164597,1
16119,8,2,423.36,2.1972245773362196,1.0986122886681096,6.050582151591071,0,At-Risk / Low-Engagement,0.3971772444649353,0
16120,59,4,1309.14,4.0943445622221,1.6094379124341003,7.1778892807139885,1,Loyal / High-Value,0.28756510496174337,0
16121,57,2,854.66,4.060443010546419,1.0986122886681096,6.751873100976731,0,At-Risk / Low-Engagement,0.43069313916325,0
16122,73,4,684.4200000000001,4.304065093204169,1.6094379124341003,6.530031789055632,0,At-Risk / Low-Engagement,0.33191544423377944,0
16123,51,1,307.78,3.9512437185814275,0.6931471805599453,5.732629049213781,0,At-Risk / Low-Engagement,0.5951729213733647,1
16124,317,1,249.0,5.762051382780177,0.6931471805599453,5.521460917862246,0,At-Risk / Low-Engagement,0.675873212636819,1
16125,367,1,289.35,5.908082938168931,0.6931471805599453,5.671087091818059,0,At-Risk / Low-Engagement,0.6671478003677309,1
16126,29,4,6287.77,3.4011973816621555,1.6094379124341003,8.74652078208272,1,Loyal / High-Value,0.19118302156660158,0
16127,39,1,656.25,3.6888794541139363,0.6931471805599453,6.488064463609991,0,At-Risk / Low-Engagement,0.5349684330146905,1
16128,17,5,1880.22,2.8903717578961645,1.791759469228055,7.53967578152618,1,Loyal / High-Value,0.19811343491561137,0
16131,51,6,3506.54,3.9512437185814275,1.9459101490553132,8.162670216045587,1,Loyal / High-Value,0.17712706597436473,0
16133,3,33,14589.04,1.3862943611198906,3.4339872044851463,9.588094383116912,1,Loyal / High-Value,0.026209209340989446,0
16134,21,2,618.09,3.091042453358316,1.0986122886681096,6.428250657915328,0,At-Risk / Low-Engagement,0.41051413546014753,0
16135,262,1,517.55,5.572154032177765,0.6931471805599453,6.251036455035743,0,At-Risk / Low-Engagement,0.6294533873895936,1
16136,59,3,709.38,4.0943445622221,1.3862943611198906,6.5658000381285,0,At-Risk / Low-Engagement,0.3734085670435897,0
16139,18,3,635.41,2.9444389791664403,1.3862943611198906,6.455843009727984,1,Loyal / High-Value,0.3344162019603059,0
16140,65,2,725.18,4.189654742026425,1.0986122886681096,6.587797917978567,0,At-Risk / Low-Engagement,0.4469001597832662,0
16141,88,1,620.4,4.48863636973214,0.6931471805599453,6.431974996958947,0,At-Risk / Low-Engagement,0.5729361505447926,1
16142,249,1,535.34,5.521460917862246,0.6931471805599453,6.284768288327816,0,At-Risk / Low-Engagement,0.6253102959455072,1
16143,3,6,2424.94,1.3862943611198906,1.9459101490553132,7.793974357128903,1,Loyal / High-Value,0.13193409411835183,0
16144,246,1,175.2,5.5093883366279774,0.6931471805599453,5.171619713502079,0,At-Risk / Low-Engagement,0.6909028266022628,1
16145,8,11,3799.4900000000002,2.1972245773362196,2.4849066497880004,8.242885284769901,1,Loyal / High-Value,0.08225995353650818,0
16146,157,3,734.13,5.062595033026967,1.3862943611198906,6.600047354321349,0,At-Risk / Low-Engagement,0.4113225806815492,0
16147,133,1,375.0,4.897839799950911,0.6931471805599453,5.929589143389895,0,At-Risk / Low-Engagement,0.6219267374668331,1
16148,296,1,76.32000000000001,5.6937321388027,0.6931471805599453,4.34795265434013,0,At-Risk / Low-Engagement,0.7398365191050389,1
16149,4,2,280.52,1.6094379124341003,1.0986122886681096,5.640203493013329,0,At-Risk / Low-Engagement,0.3987110823481916,0
16150,42,5,2053.02,3.7612001156935624,1.791759469228055,7.627554127539443,1,Loyal / High-Value,0.2192390293204087,0
16152,268,1,1829.04,5.594711379601839,0.6931471805599453,7.512093103520083,0,At-Risk / Low-Engagement,0.5499321328661267,1
16153,49,5,1824.23,3.912023005428146,1.791759469228055,7.5094612854730665,1,Loyal / High-Value,0.2292255968109462,0
16156,8,9,3092.04,2.1972245773362196,2.302585092994046,8.03690970502951,1,Loyal / High-Value,0.1023435523602165,0
16157,15,3,656.69,2.772588722239781,1.3862943611198906,6.488733695691184,1,Loyal / High-Value,0.3258924234462091,0
16159,281,1,348.2,5.641907070938114,0.6931471805599453,5.855644823965447,0,At-Risk / Low-Engagement,0.6562258907500015,1
16160,65,2,1025.44,4.189654742026425,1.0986122886681096,6.933851783703411,0,At-Risk / Low-Engagement,0.42441090985819774,0
16161,1,19,5533.67,0.6931471805599453,2.995732273553991,8.618787222769154,1,Loyal / High-Value,0.03577320524234639,0
16162,252,1,37.4,5.53338948872752,0.6931471805599453,3.9740583963475986,0,At-Risk / Low-Engagement,0.7580456960792833,1
16163,232,2,856.6,5.4510384535657,1.0986122886681096,6.754137790316538,0,At-Risk / Low-Engagement,0.49047856640071363,0
16164,17,3,822.48,2.8903717578961645,1.3862943611198906,6.713539262741108,1,Loyal / High-Value,0.31738877648320085,0
16168,10,27,3787.6,2.3978952727983707,3.332204510175204,8.239751836694179,1,Loyal / High-Value,0.04377440589407474,0
16169,8,4,1822.97,2.1972245773362196,1.6094379124341003,7.5087707231305965,1,Loyal / High-Value,0.21011592029575832,0
16170,50,6,1885.05,3.9318256327243257,1.9459101490553132,7.542239973976665,1,Loyal / High-Value,0.20176814982358152,0
16171,59,1,73.2,4.0943445622221,0.6931471805599453,4.3067641501733345,0,At-Risk / Low-Engagement,0.6872325166394491,1
16172,95,5,1140.21,4.564348191467836,1.791759469228055,7.039844382006876,1,Loyal / High-Value,0.2738390593487665,0
16173,15,6,1418.32,2.772588722239781,1.9459101490553132,7.257933162659462,1,Loyal / High-Value,0.1822073878845209,0
16174,126,3,1009.5500000000001,4.844187086458591,1.3862943611198906,6.918250016074778,0,At-Risk / Low-Engagement,0.38211961967101615,0
16175,94,4,1037.59,4.553876891600541,1.6094379124341003,6.945619303018016,0,At-Risk / Low-Engagement,0.317341461780953,0
16177,50,1,331.95,3.9318256327243257,0.6931471805599453,5.807992328556631,0,At-Risk / Low-Engagement,0.5895474695549596,1
16178,138,1,197.9,4.9344739331306915,0.6931471805599453,5.292802185859927,0,At-Risk / Low-Engagement,0.6620513007655148,1
16179,60,1,215.83,4.110873864173311,0.6931471805599453,5.379113636376126,0,At-Risk / Low-Engagement,0.6240042511934154,1
16180,100,8,10254.18,4.61512051684126,2.1972245773362196,9.235538222765896,1,Loyal / High-Value,0.12337823054239881,0
16181,73,1,305.54,4.304065093204169,0.6931471805599453,5.725348252570762,0,At-Risk / Low-Engagement,0.6103059138764384,1
16182,72,4,6617.65,4.290459441148391,1.6094379124341003,8.797646700642568,1,Loyal / High-Value,0.21392910705091855,0
16183,67,1,338.71000000000004,4.219507705176107,0.6931471805599453,5.828092312472438,0,At-Risk / Low-Engagement,0.6003079517002975,1
16184,64,6,1158.79,4.174387269895637,1.9459101490553132,7.055994233228931,1,Loyal / High-Value,0.23065839133345611,0
16185,16,2,529.41,2.833213344056216,1.0986122886681096,6.273650292389248,0,At-Risk / Low-Engagement,0.40956839340013107,0
16186,22,12,4006.94,3.1354942159291497,2.5649493574615367,8.296032672592768,1,Loyal / High-Value,0.08747804190516206,0
16187,31,15,6911.4400000000005,3.4657359027997265,2.772588722239781,8.841077965865253,1,Loyal / High-Value,0.0663888938255382,0
16188,44,4,981.86,3.8066624897703196,1.6094379124341003,6.890466688844595,1,Loyal / High-Value,0.2929252745961718,0
16189,15,2,215.48,2.772588722239781,1.0986122886681096,5.3774981644224775,0,At-Risk / Low-Engagement,0.46521677617206275,0
16190,40,1,215.08,3.713572066704308,0.6931471805599453,5.37564870948436,0,At-Risk / Low-Engagement,0.6078987299099345,1
16191,2,13,5180.52,1.0986122886681096,2.639057329615259,8.552853728502956,1,Loyal / High-Value,0.05508798294753023,0
16193,236,1,314.45,5.4680601411351315,0.6931471805599453,5.754000190816819,0,At-Risk / Low-Engagement,0.65547586723813,1
16198,75,1,400.68100000000004,4.330733340286331,0.6931471805599453,5.995658241267267,0,At-Risk / Low-Engagement,0.5942991191804962,1
16200,4,2,1068.8700000000001,1.6094379124341003,1.0986122886681096,6.975292424747694,1,Loyal / High-Value,0.3178207392482986,0
16201,3,4,1863.47,1.3862943611198906,1.6094379124341003,7.530732109384843,1,Loyal / High-Value,0.186808419245921,0
16202,360,1,365.27,5.8888779583328805,0.6931471805599453,5.903370766348874,0,At-Risk / Low-Engagement,0.6533738518971582,1
16203,58,4,592.9,4.07753744390572,1.6094379124341003,6.386710955021814,0,At-Risk / Low-Engagement,0.3315929189518516,0
16204,23,1,384.18,3.1780538303479458,0.6931471805599453,5.953710757496066,0,At-Risk / Low-Engagement,0.5480135942646891,1
16205,30,4,757.63,3.4339872044851463,1.6094379124341003,6.631514175005942,1,Loyal / High-Value,0.29369866935687594,0
16206,54,4,537.0600000000001,4.007333185232471,1.6094379124341003,6.287970078106996,0,At-Risk / Low-Engagement,0.3346833375344404,0
16207,25,1,394.38,3.258096538021482,0.6931471805599453,5.979847327767791,0,At-Risk / Low-Engagement,0.549745058905384,1
16208,44,2,664.26,3.8066624897703196,1.0986122886681096,6.500177941687698,0,At-Risk / Low-Engagement,0.43620941457411055,0
16209,88,5,2262.62,4.48863636973214,1.791759469228055,7.724720580712637,1,Loyal / High-Value,0.23695498974464696,0
16210,1,18,21086.3,0.6931471805599453,2.9444389791664403,9.892501674765558,1,Loyal / High-Value,0.029397909857111233,0
16211,88,1,547.02,4.48863636973214,0.6931471805599453,6.306311782632405,0,At-Risk / Low-Engagement,0.5810446319748619,1
16212,19,2,690.34,2.995732273553991,1.0986122886681096,6.538631743276411,0,At-Risk / Low-Engagement,0.39949326109200206,0
16213,78,1,159.0,4.3694478524670215,0.6931471805599453,5.075173815233827,0,At-Risk / Low-Engagement,0.6529078294991222,1
16214,170,3,1062.75,5.14166355650266,1.3862943611198906,6.969555679887584,0,At-Risk / Low-Engagement,0.39115576605620916,0
16215,80,1,242.35,4.394449154672439,0.6931471805599453,5.494500736279464,0,At-Risk / Low-Engagement,0.6283927350843052,1
16216,267,1,914.9300000000001,5.5909869805108565,0.6931471805599453,6.81993994254006,0,At-Risk / Low-Engagement,0.5945334970277643,1
16217,235,2,304.25,5.4638318050256105,1.0986122886681096,5.721131112990814,0,At-Risk / Low-Engagement,0.5590320659184269,1
16218,29,7,3084.68,3.4011973816621555,2.0794415416798357,8.034527333444103,1,Loyal / High-Value,0.15008825556691982,0
16221,36,3,860.86,3.6109179126442243,1.3862943611198906,6.759092844480235,0,At-Risk / Low-Engagement,0.342383633474652,0
16222,318,1,773.5500000000001,5.765191102784844,0.6931471805599453,6.652282215552372,0,At-Risk / Low-Engagement,0.6072835332911891,1
16224,57,4,1295.3,4.060443010546419,1.6094379124341003,7.167269331605997,1,Loyal / High-Value,0.2869343743350536,0
16225,44,5,1096.32,3.8066624897703196,1.791759469228055,7.000626122386744,1,Loyal / High-Value,0.25040284674564206,0
16226,203,3,255.12,5.318119993844216,1.3862943611198906,5.545646084650602,0,At-Risk / Low-Engagement,0.4911610818389634,0
16227,225,1,314.22,5.420534999272286,0.6931471805599453,5.753270807747395,0,At-Risk / Low-Engagement,0.6536530190424926,1
16229,87,2,1010.6,4.477336814478207,1.0986122886681096,6.91928851479581,0,At-Risk / Low-Engagement,0.4376083150205484,0
16230,189,2,542.03,5.247024072160486,1.0986122886681096,6.297164567026571,0,At-Risk / Low-Engagement,0.5118196861118224,1
16232,43,4,990.88,3.784189633918261,1.6094379124341003,6.89960213222575,1,Loyal / High-Value,0.2916183003811437,0
16233,71,3,536.6800000000001,4.276666119016055,1.3862943611198906,6.287263587661711,0,At-Risk / Low-Engagement,0.3983570151377098,0
16235,40,5,867.31,3.713572066704308,1.791759469228055,6.766548793757163,1,Loyal / High-Value,0.2590812651172231,0
16236,78,1,432.2,4.3694478524670215,0.6931471805599453,6.071199515126835,0,At-Risk / Low-Engagement,0.5911012072918344,1
16239,56,2,414.2,4.04305126783455,1.0986122886681096,6.028760331851679,0,At-Risk / Low-Engagement,0.47729804596339687,0
16240,24,2,3718.8,3.2188758248682006,1.0986122886681096,8.221425182381026,1,Loyal / High-Value,0.3071003376600178,0
16241,9,13,2590.31,2.302585092994046,2.639057329615259,7.859918818329966,1,Loyal / High-Value,0.07944976309292281,0
16242,8,7,3579.86,2.1972245773362196,2.0794415416798357,8.183358274009397,1,Loyal / High-Value,0.12106597992112146,0
16243,33,2,409.1,3.5263605246161616,1.0986122886681096,6.016401032398013,0,At-Risk / Low-Engagement,0.4557791796523064,0
16244,211,2,1522.75,5.356586274672012,1.0986122886681096,7.328929680795481,0,At-Risk / Low-Engagement,0.4485682293093106,0
16245,23,3,1413.66,3.1780538303479458,1.3862943611198906,7.254644498519316,1,Loyal / High-Value,0.29757209127303474,0
16247,170,1,114.56,5.14166355650266,0.6931471805599453,4.749789875598035,0,At-Risk / Low-Engagement,0.700985570312887,1
16248,61,1,152.94,4.127134385045092,0.6931471805599453,5.036562916106171,0,At-Risk / Low-Engagement,0.6456485441090758,1
16249,52,5,1800.07,3.970291913552122,1.791759469228055,7.496136211716589,1,Loyal / High-Value,0.23164505650685213,0
16250,261,2,389.44,5.568344503761097,1.0986122886681096,5.967274308306765,0,At-Risk / Low-Engagement,0.5474351446540319,1
16253,66,2,3683.86,4.204692619390966,1.0986122886681096,8.21198781204284,1,Loyal / High-Value,0.3452489306524013,0
16255,16,8,2619.91,2.833213344056216,2.1972245773362196,7.871276864694926,1,Loyal / High-Value,0.129021200039596,0
16256,266,1,752.4300000000001,5.58724865840025,0.6931471805599453,6.624636113950167,0,At-Risk / Low-Engagement,0.6067624014044234,1
16257,176,1,46.95,5.176149732573829,0.6931471805599453,3.9740583963475986,0,At-Risk / Low-Engagement,0.7464837487387814,1
16258,45,5,5203.51,3.828641396489095,1.791759469228055,8.557280836367838,1,Loyal / High-Value,0.18180132501051396,0
16260,50,1,1035.45,3.9318256327243257,0.6931471805599453,6.9435566914455205,0,At-Risk / Low-Engagement,0.5154646039814562,1
16261,17,4,728.54,2.8903717578961645,1.6094379124341003,6.592414198536382,1,Loyal / High-Value,0.2765637774273004,0
16265,9,9,5447.0,2.302585092994046,2.302585092994046,8.60300384782935,1,Loyal / High-Value,0.09089015875780784,0
16266,73,7,861.89,4.304065093204169,2.0794415416798357,6.760287220618741,1,Loyal / High-Value,0.22439930476826783,0
16268,71,2,667.65,4.276666119016055,1.0986122886681096,6.5052607543188055,0,At-Risk / Low-Engagement,0.4560463907716684,0
16270,353,1,1141.24,5.869296913133774,0.6931471805599453,7.040746525754151,0,At-Risk / Low-Engagement,0.5825394760349483,1
16271,2,5,1404.64,1.0986122886681096,1.791759469228055,7.248247994066157,1,Loyal / High-Value,0.1635167809608383,0
16272,116,1,411.7,4.762173934797756,0.6931471805599453,6.022720936758536,0,At-Risk / Low-Engagement,0.6105319191093208,1
16274,373,1,351.75,5.912501651847105,0.6931471805599453,5.865759590732924,0,At-Risk / Low-Engagement,0.6556223774340685,1
16275,196,1,559.87,5.2832037287379885,0.6931471805599453,6.329489149614112,0,At-Risk / Low-Engagement,0.6127635851129369,1
16276,176,1,810.6000000000001,5.176149732573829,0.6931471805599453,6.69900760795166,0,At-Risk / Low-Engagement,0.5848359244359848,1
16278,100,1,566.38,4.61512051684126,0.6931471805599453,6.34102927325157,0,At-Risk / Low-Engagement,0.5841549788176452,1
16279,21,3,1502.78,3.091042453358316,1.3862943611198906,7.315737217214576,1,Loyal / High-Value,0.29107872297972176,0
16281,72,1,2062.06,4.290459441148391,0.6931471805599453,7.6319455965067835,0,At-Risk / Low-Engagement,0.4855478113383558,0
16282,339,1,168.3,5.8289456176102075,0.6931471805599453,5.13167228913909,0,At-Risk / Low-Engagement,0.698027341014949,1
16283,5,5,1570.81,1.791759469228055,1.791759469228055,7.359983100544423,1,Loyal / High-Value,0.17632626084653982,0
16284,31,2,812.68,3.4657359027997265,1.0986122886681096,6.70156716831734,0,At-Risk / Low-Engagement,0.4087782053408049,0
16287,169,1,142.5,5.135798437050262,0.6931471805599453,4.966335035199676,0,At-Risk / Low-Engagement,0.6886310838504878,1
16292,121,1,302.25,4.804021044733257,0.6931471805599453,5.7145575478241595,0,At-Risk / Low-Engagement,0.6314141446982732,1
16293,21,10,2248.9900000000002,3.091042453358316,2.3978952727983707,7.718681050744145,1,Loyal / High-Value,0.11615357814247684,0
16295,9,4,1328.55,2.302585092994046,1.6094379124341003,7.192595818099261,1,Loyal / High-Value,0.22752535702232426,0
16297,268,1,301.9,5.594711379601839,0.6931471805599453,5.713402718033191,0,At-Risk / Low-Engagement,0.6628293515625727,1
16298,22,3,598.2,3.1354942159291497,1.3862943611198906,6.3955954322030095,0,At-Risk / Low-Engagement,0.3454351290237201,0
16302,126,1,233.22,4.844187086458591,0.6931471805599453,5.4562608446139915,0,At-Risk / Low-Engagement,0.6487507206592164,1
16303,25,3,5360.63,3.258096538021482,1.3862943611198906,8.587023312312065,1,Loyal / High-Value,0.231967703840902,0
16305,138,1,361.21999999999997,4.9344739331306915,0.6931471805599453,5.8922517620363895,0,At-Risk / Low-Engagement,0.6257363017014593,1
16306,213,6,632.27,5.365976015021851,1.9459101490553132,6.450896871486089,0,At-Risk / Low-Engagement,0.3020284900241331,0
16308,37,4,2560.0,3.6375861597263857,1.6094379124341003,7.848153086199526,1,Loyal / High-Value,0.2379819086930581,0
16309,106,2,706.57,4.672828834461906,1.0986122886681096,6.56183656455249,0,At-Risk / Low-Engagement,0.4694338202081384,0
16311,17,2,616.26,2.8903717578961645,1.0986122886681096,6.425290328985104,0,At-Risk / Low-Engagement,0.4022948798883096,0
16313,3,2,274.15000000000003,1.3862943611198906,1.0986122886681096,5.617316403505768,0,At-Risk / Low-Engagement,0.390896491363168,0
16315,330,1,226.37,5.802118375377063,0.6931471805599453,5.426578646492048,0,At-Risk / Low-Engagement,0.681344052875673,1
16316,64,8,2938.91,4.174387269895637,2.1972245773362196,7.986134247619265,1,Loyal / High-Value,0.15354564196769355,0
16317,119,3,1341.65,4.787491742782046,1.3862943611198906,7.202400551985058,0,At-Risk / Low-Engagement,0.3622685760155652,0
16318,35,1,328.15,3.58351893845611,0.6931471805599453,5.796513573913885,0,At-Risk / Low-Engagement,0.57557454958058,1
16319,217,1,404.40000000000003,5.384495062789089,0.6931471805599453,6.004874234017899,0,At-Risk / Low-Engagement,0.6369978887974345,1
16320,172,2,1038.46,5.153291594497779,1.0986122886681096,6.946456626519212,0,At-Risk / Low-Engagement,0.4648952199785275,0
16321,72,5,373.65000000000003,4.290459441148391,1.791759469228055,5.92599225681032,0,At-Risk / Low-Engagement,0.3255621443482155,0
16322,1,2,326.75,0.6931471805599453,1.0986122886681096,5.792251122643809,1,Loyal / High-Value,0.3520166276736297,0
16323,196,1,207.50000000000003,5.2832037287379885,0.6931471805599453,5.339939041238856,0,At-Risk / Low-Engagement,0.6727298428223928,1
16324,128,3,408.59000000000003,4.859812404361672,1.3862943611198906,6.01515665936477,0,At-Risk / Low-Engagement,0.4405105334135912,0
16325,46,3,594.24,3.8501476017100584,1.3862943611198906,6.38896468556185,0,At-Risk / Low-Engagement,0.37442379004963755,0
16326,5,14,3039.2200000000003,1.791759469228055,2.70805020110221,8.019685160202853,1,Loyal / High-Value,0.06591252979490644,0
16327,14,6,3820.27,2.70805020110221,1.9459101490553132,8.248338107080782,1,Loyal / High-Value,0.14498199677784293,0
16330,17,3,251.91,2.8903717578961645,1.3862943611198906,5.533033694214862,0,At-Risk / Low-Engagement,0.38848146244125675,0
16332,28,7,1582.8,3.367295829986474,2.0794415416798357,7.367582301776312,1,Loyal / High-Value,0.17314891338699429,0
16333,7,22,26626.8,2.0794415416798357,3.1354942159291497,9.892501674765558,1,Loyal / High-Value,0.030731715991163967,0
16337,36,1,151.05,3.6109179126442243,0.6931471805599453,5.024209414123374,0,At-Risk / Low-Engagement,0.6256431239600606,1
16338,157,1,214.79999999999998,5.062595033026967,0.6931471805599453,5.374352052824034,0,At-Risk / Low-Engagement,0.662206430561802,1
16339,284,1,94.05,5.652489180268651,0.6931471805599453,4.554403068934438,0,At-Risk / Low-Engagement,0.7291942429867558,1
16340,107,1,534.31,4.68213122712422,0.6931471805599453,6.28284601833824,0,At-Risk / Low-Engagement,0.5907036642999588,1
16341,24,4,1971.87,3.2188758248682006,1.6094379124341003,7.587244614343444,1,Loyal / High-Value,0.23730297202476489,0
16342,75,4,322.41,4.330733340286331,1.6094379124341003,5.778920868124441,0,At-Risk / Low-Engagement,0.37840440415186954,0
16343,16,2,328.58,2.833213344056216,1.0986122886681096,5.797819116582584,0,At-Risk / Low-Engagement,0.4402983757313306,0
16344,158,1,101.10000000000001,5.0689042022202315,0.6931471805599453,4.62595272517062,0,At-Risk / Low-Engagement,0.7051819735710392,1
16345,44,1,565.46,3.8066624897703196,0.6931471805599453,6.33940646897248,0,At-Risk / Low-Engagement,0.5497998074841041,1
16347,11,2,847.45,2.4849066497880004,1.0986122886681096,6.743411155418835,1,Loyal / High-Value,0.36576209174070223,0
16348,32,7,1415.65,3.4965075614664802,2.0794415416798357,7.256050208475266,1,Loyal / High-Value,0.18071017699464895,0
16349,290,1,53.5,5.673323267171493,0.6931471805599453,3.9982007016691985,0,At-Risk / Low-Engagement,0.7572360245085571,1
16350,21,4,1116.47,3.091042453358316,1.6094379124341003,7.018822480489789,1,Loyal / High-Value,0.2612563364081946,0
16351,332,1,153.9,5.808142489980444,0.6931471805599453,5.042779747422823,0,At-Risk / Low-Engagement,0.7029578558750801,1
16352,17,2,494.44,2.8903717578961645,1.0986122886681096,6.205446256629806,0,At-Risk / Low-Engagement,0.41634628801660106,0
16353,3,23,6675.71,1.3862943611198906,3.1780538303479458,8.806380630235296,1,Loyal / High-Value,0.03200134708515652,0
16354,63,2,395.8,4.1588830833596715,1.0986122886681096,5.983432375410718,0,At-Risk / Low-Engagement,0.48531226637702946,0
16356,197,3,211.77,5.288267030694535,1.3862943611198906,5.360211770085627,0,At-Risk / Low-Engagement,0.5021199900633309,1
16357,33,3,658.88,3.5263605246161616,1.3862943611198906,6.492058000307724,0,At-Risk / Low-Engagement,0.35508099104832885,0
16358,1,4,2027.5,0.6931471805599453,1.6094379124341003,7.615051882646502,1,Loyal / High-Value,0.16609385342257035,0
16359,7,9,1750.92,2.0794415416798357,2.302585092994046,7.468467608353334,1,Loyal / High-Value,0.11490117057104023,0
16360,4,6,3450.41,1.6094379124341003,1.9459101490553132,8.146538122184259,1,Loyal / High-Value,0.1258218631972458,0
16361,9,4,891.21,2.302585092994046,1.6094379124341003,6.793701530880624,1,Loyal / High-Value,0.24659063347203183,0
16362,32,5,709.99,3.4965075614664802,1.791759469228055,6.566658365006723,1,Loyal / High-Value,0.26199896710779275,0
16363,53,1,109.36000000000001,3.9889840465642745,0.6931471805599453,4.703747749349086,0,At-Risk / Low-Engagement,0.6601492442979537,1
16364,11,2,705.79,2.4849066497880004,1.0986122886681096,6.560733592071543,0,At-Risk / Low-Engagement,0.37703663965465734,0
16365,17,9,1540.42,2.8903717578961645,2.302585092994046,7.340459348477051,1,Loyal / High-Value,0.13389684841884766,0
16366,18,1,327.3,2.9444389791664403,0.6931471805599453,5.793927824507547,0,At-Risk / Low-Engagement,0.548426318541888,1
16367,37,2,800.67,3.6375861597263857,1.0986122886681096,6.686697051867266,0,At-Risk / Low-Engagement,0.41696654542358924,0
16368,2,2,479.91,1.0986122886681096,1.0986122886681096,6.175680142411356,1,Loyal / High-Value,0.3449908698412657,0
16369,18,3,1545.41,2.9444389791664403,1.3862943611198906,7.343691394505391,1,Loyal / High-Value,0.28434606597807544,0
16370,82,4,1301.91,4.418840607796598,1.6094379124341003,7.172355503365555,1,Loyal / High-Value,0.29955566867046146,0
16372,33,2,355.73,3.5263605246161616,1.0986122886681096,5.876979193117597,0,At-Risk / Low-Engagement,0.4649359623292497,0
16374,66,2,466.73,4.204692619390966,1.0986122886681096,6.14789120635657,0,At-Risk / Low-Engagement,0.47644487732991064,0
16376,8,2,974.96,2.1972245773362196,1.0986122886681096,6.883421601966684,1,Loyal / High-Value,0.34582908978471,0
16377,267,1,676.2,5.5909869805108565,0.6931471805599453,6.51796665025898,0,At-Risk / Low-Engagement,0.6136245066319884,1
16378,247,3,362.95,5.5134287461649825,1.3862943611198906,5.897016495564267,0,At-Risk / Low-Engagement,0.4764348713164433,0
16379,4,4,2157.4,1.6094379124341003,1.6094379124341003,7.677122485453491,1,Loyal / High-Value,0.18681685467124684,0
16380,61,1,1743.1499999999999,4.127134385045092,0.6931471805599453,7.46402260994466,0,At-Risk / Low-Engagement,0.4895520682699091,0
16383,74,2,643.76,4.31748811353631,1.0986122886681096,6.46887815452873,0,At-Risk / Low-Engagement,0.4601943283958491,0
16384,89,2,584.5,4.499809670330265,1.0986122886681096,6.372466183037772,0,At-Risk / Low-Engagement,0.47442137543492024,0
16385,60,3,554.86,4.110873864173311,1.3862943611198906,6.320516463982851,0,At-Risk / Low-Engagement,0.3893837598954224,0
16386,28,2,302.57,3.367295829986474,1.0986122886681096,5.715612226409778,0,At-Risk / Low-Engagement,0.46867782363287647,0
16387,322,1,94.36,5.777652323222656,0.6931471805599453,4.55765920331704,0,At-Risk / Low-Engagement,0.7290242181534493,1
16389,53,4,1382.07,3.9889840465642745,1.6094379124341003,7.2320609449898114,1,Loyal / High-Value,0.2809284185182646,0
16392,269,1,217.89,5.598421958998375,0.6931471805599453,5.388569320525063,0,At-Risk / Low-Engagement,0.6818856955815692,1
16393,2,13,3040.96,1.0986122886681096,2.639057329615259,8.020257323488867,1,Loyal / High-Value,0.06289349977677468,0
16394,56,5,1555.34,4.04305126783455,1.791759469228055,7.350092189866152,1,Loyal / High-Value,0.24089164012578015,0
16395,60,5,1482.06,4.110873864173311,1.791759469228055,7.3018627998495145,1,Loyal / High-Value,0.24540588201385266,0
16398,154,2,1705.8,5.043425116919247,1.0986122886681096,7.4423755513138445,0,At-Risk / Low-Engagement,0.4277975880646968,0
16399,19,2,408.02,2.995732273553991,1.0986122886681096,6.013764054602749,0,At-Risk / Low-Engagement,0.43319824071083246,0
16400,94,1,303.93,4.553876891600541,0.6931471805599453,5.720082242069654,0,At-Risk / Low-Engagement,0.6209024070483453,1
16401,1,12,4098.32,0.6931471805599453,2.5649493574615367,8.318576385278623,1,Loyal / High-Value,0.05869045596407614,0
16402,264,2,293.45,5.579729825986222,1.0986122886681096,5.68510920939058,0,At-Risk / Low-Engagement,0.5663288332824981,1
16403,312,1,177.5,5.746203190540153,0.6931471805599453,5.184588601219694,0,At-Risk / Low-Engagement,0.6950703459810725,1
16404,70,1,443.05,4.2626798770413155,0.6931471805599453,6.095937168704513,0,At-Risk / Low-Engagement,0.5850246875018212,1
16405,302,2,167.25,5.713732805509369,1.0986122886681096,5.125450968524837,0,At-Risk / Low-Engagement,0.6048340907255508,1
16406,18,1,154.35,2.9444389791664403,0.6931471805599453,5.045680635839056,0,At-Risk / Low-Engagement,0.5967961997847088,1
16407,12,10,2079.68,2.5649493574615367,2.3978952727983707,7.640450042344582,1,Loyal / High-Value,0.1090905475365238,0
16409,36,5,2022.98,3.6109179126442243,1.791759469228055,7.61282114893561,1,Loyal / High-Value,0.21546142182785125,0
16411,19,2,211.7,2.995732273553991,1.0986122886681096,5.3598827222061916,0,At-Risk / Low-Engagement,0.47603259688576655,0
16412,53,1,135.99,3.9889840465642745,0.6931471805599453,4.919907930463299,0,At-Risk / Low-Engagement,0.6472131527006628,1
16413,56,1,262.2,4.04305126783455,0.6931471805599453,5.572914199451162,0,At-Risk / Low-Engagement,0.6091076692830258,1
16414,21,2,126.25,3.091042453358316,1.0986122886681096,4.846153655430632,0,At-Risk / Low-Engagement,0.5141035757642923,1
16415,44,1,200.27,3.8066624897703196,0.6931471805599453,5.304647290242906,0,At-Risk / Low-Engagement,0.6161948269917873,1
16416,26,3,1051.4,3.295836866004329,1.3862943611198906,6.958828549166138,1,Loyal / High-Value,0.3185981351465556,0
16418,44,3,631.12,3.8066624897703196,1.3862943611198906,6.449079249540903,0,At-Risk / Low-Engagement,0.36894843534310984,0
16419,112,6,958.71,4.727387818712341,1.9459101490553132,6.866631155492188,1,Loyal / High-Value,0.25759934592961936,0
16422,17,51,34684.4,2.8903717578961645,3.4339872044851463,9.892501674765558,1,Loyal / High-Value,0.03376954955330372,0
16423,24,1,346.12,3.2188758248682006,0.6931471805599453,5.849670541490095,0,At-Risk / Low-Engagement,0.5565678204211904,1
16424,191,1,133.56,5.2574953720277815,0.6931471805599453,4.902010196224638,0,At-Risk / Low-Engagement,0.6967503451883308,1
16425,302,1,302.7,5.713732805509369,0.6931471805599453,5.716040372051703,0,At-Risk / Low-Engagement,0.6645034647286162,1
16426,2,10,1863.76,1.0986122886681096,2.3978952727983707,7.530887637470042,1,Loyal / High-Value,0.08900973582562893,0
16427,263,2,241.06,5.575949103146316,1.0986122886681096,5.489185629310458,0,At-Risk / Low-Engagement,0.5788438989872048,1
16429,106,1,284.55,4.672828834461906,0.6931471805599453,5.654417145110872,0,At-Risk / Low-Engagement,0.6298098823325305,1
16430,57,1,300.85,4.060443010546419,0.6931471805599453,5.709930205242435,0,At-Risk / Low-Engagement,0.6011741531903317,1
16431,213,3,623.28,5.365976015021851,1.3862943611198906,6.436598985674353,0,At-Risk / Low-Engagement,0.4347260342019123,0
16432,64,1,287.4,4.174387269895637,0.6931471805599453,5.664348405410794,0,At-Risk / Low-Engagement,0.6087834861519863,1
16433,28,1,184.26,3.367295829986474,0.6931471805599453,5.221760243825881,0,At-Risk / Low-Engagement,0.6032506520506435,1
16434,29,7,1511.8,3.4011973816621555,2.0794415416798357,7.321717517344248,1,Loyal / High-Value,0.175743143087084,0
16438,5,5,798.35,1.791759469228055,1.791759469228055,6.683798897410901,1,Loyal / High-Value,0.20380652247934372,0
16440,7,5,3640.67,2.0794415416798357,1.791759469228055,8.20019764662707,1,Loyal / High-Value,0.15269681364187396,0
16441,67,2,381.2,4.219507705176107,1.0986122886681096,5.945944031806173,0,At-Risk / Low-Engagement,0.49041944192233056,0
16442,1,3,609.3,0.6931471805599453,1.3862943611198906,6.413950639550449,1,Loyal / High-Value,0.2557400130866922,0
16444,46,4,654.67,3.8501476017100584,1.6094379124341003,6.485657613592114,0,At-Risk / Low-Engagement,0.3172055681415071,0
16445,33,1,230.51,3.5263605246161616,0.6931471805599453,5.444623069137621,0,At-Risk / Low-Engagement,0.595737622344725,1
16446,0,2,168472.5,0.6931471805599453,1.0986122886681096,9.892501674765558,1,Loyal / High-Value,0.15019431461879224,0
16447,135,1,255.91,4.912654885736052,0.6931471805599453,5.548725829010259,0,At-Risk / Low-Engagement,0.6458848140467662,1
16448,198,1,182.99,5.293304824724492,0.6931471805599453,5.214881408306002,0,At-Risk / Low-Engagement,0.6803486711720532,1
16449,197,2,707.69,5.288267030694535,1.0986122886681096,6.563418195373777,0,At-Risk / Low-Engagement,0.49601502562175076,0
16450,149,1,311.92,5.0106352940962555,0.6931471805599453,5.74594756681688,0,At-Risk / Low-Engagement,0.637811106078494,1
16451,87,1,266.97,4.477336814478207,0.6931471805599453,5.590875033946567,0,At-Risk / Low-Engagement,0.6258011665439629,1
16454,44,2,6.9,3.8066624897703196,1.0986122886681096,3.9740583963475986,0,At-Risk / Low-Engagement,0.6054346865802879,1
16455,63,7,1841.18,4.1588830833596715,2.0794415416798357,7.518704931910683,1,Loyal / High-Value,0.1875612042382065,0
16456,99,5,2158.18,4.605170185988092,1.791759469228055,7.677483798971011,1,Loyal / High-Value,0.24292348949194972,0
16457,218,1,208.36,5.389071729816501,0.6931471805599453,5.34405525822189,0,At-Risk / Low-Engagement,0.6765272338615785,1
16458,2,18,3482.7400000000002,1.0986122886681096,2.9444389791664403,8.155861708321998,1,Loyal / High-Value,0.0452627019993593,0
16460,28,3,811.23,3.367295829986474,1.3862943611198906,6.699783551285148,0,At-Risk / Low-Engagement,0.33641207520181887,0
16461,177,1,142.92,5.181783550292085,0.6931471805599453,4.969257589642278,0,At-Risk / Low-Engagement,0.6901758926723974,1
16462,73,3,136.0,4.304065093204169,1.3862943611198906,4.919980925828125,0,At-Risk / Low-Engagement,0.4884823027709326,0
16463,21,4,1422.4,3.091042453358316,1.6094379124341003,7.260803654865171,1,Loyal / High-Value,0.24909905281888522,0
16464,19,3,1298.66,2.995732273553991,1.3862943611198906,7.169857970780942,1,Loyal / High-Value,0.2956418831719998,0
16466,33,7,1595.96,3.5263605246161616,2.0794415416798357,7.375857100938276,1,Loyal / High-Value,0.17682149045705145,0
16468,74,1,74.9,4.31748811353631,0.6931471805599453,4.3294166844015844,0,At-Risk / Low-Engagement,0.6942324284417172,1
16469,23,4,625.42,3.1780538303479458,1.6094379124341003,6.440021072647094,1,Loyal / High-Value,0.29498089223163704,0
16470,51,4,752.77,3.9512437185814275,1.6094379124341003,6.625087281686058,0,At-Risk / Low-Engagement,0.31303971825574256,0
16471,274,1,223.95000000000002,5.616771097666572,0.6931471805599453,5.4158781552871815,0,At-Risk / Low-Engagement,0.6810102771400992,1
16473,164,3,316.11,5.10594547390058,1.3862943611198906,5.759248716840184,0,At-Risk / Low-Engagement,0.46787345722271756,0
16474,7,7,1810.65,2.0794415416798357,2.0794415416798357,7.5019933112128685,1,Loyal / High-Value,0.13911083249033326,0
16475,88,4,544.3,4.48863636973214,1.6094379124341003,6.301336101932016,0,At-Risk / Low-Engagement,0.3527405212380558,0
16477,63,7,2494.46,4.1588830833596715,2.0794415416798357,7.822228359929267,1,Loyal / High-Value,0.17563869382811995,0
16478,25,3,331.0,3.258096538021482,1.3862943611198906,5.805134968916488,0,At-Risk / Low-Engagement,0.3865667130724836,0
16479,10,2,300.83,2.3978952727983707,1.0986122886681096,5.709863944972069,0,At-Risk / Low-Engagement,0.4274388826450955,0
16480,75,1,769.29,4.330733340286331,0.6931471805599453,6.646767067319571,0,At-Risk / Low-Engagement,0.5522160713252009,1
16482,15,1,220.62,2.772588722239781,0.6931471805599453,5.400964203508179,0,At-Risk / Low-Engagement,0.5666893116344955,1
16483,192,1,139.35,5.262690188904886,0.6931471805599453,4.9441393028078915,0,At-Risk / Low-Engagement,0.6945833124824938,1
16484,173,2,404.3,5.159055299214529,1.0986122886681096,6.004627533634263,0,At-Risk / Low-Engagement,0.5273098611360378,1
16485,77,1,363.65,4.356708826689592,0.6931471805599453,5.898937989430242,0,At-Risk / Low-Engagement,0.6015311222847147,1
16488,33,3,498.8,3.5263605246161616,1.3862943611198906,6.214208018400852,0,At-Risk / Low-Engagement,0.37207582342148704,0
16491,46,1,731.5,3.8501476017100584,0.6931471805599453,6.596463340891223,0,At-Risk / Low-Engagement,0.5348073400544971,1
16493,79,4,1351.63,4.382026634673881,1.6094379124341003,7.209806124401014,1,Loyal / High-Value,0.2961477656267136,0
16494,296,1,826.53,5.6937321388027,0.6931471805599453,6.7184453603705006,0,At-Risk / Low-Engagement,0.6031041262323799,1
16495,3,3,648.26,1.3862943611198906,1.3862943611198906,6.475833252811612,1,Loyal / High-Value,0.27603870172105616,0
16496,8,3,1599.52,2.1972245773362196,1.3862943611198906,7.378083855426812,1,Loyal / High-Value,0.2569502150357957,0
16497,49,6,2965.69,3.912023005428146,1.9459101490553132,7.99520213218973,1,Loyal / High-Value,0.18265353000736786,0
16498,161,2,100.97,5.087596335232384,1.0986122886681096,4.624678652376135,0,At-Risk / Low-Engagement,0.6134323189454067,1
16499,360,2,365.45,5.8888779583328805,1.0986122886681096,5.903862086371859,0,At-Risk / Low-Engagement,0.5547433446605337,1
16500,4,6,400.86,1.6094379124341003,1.9459101490553132,5.996103769256407,1,Loyal / High-Value,0.2026372598948431,0
16503,106,4,1431.93,4.672828834461906,1.6094379124341003,7.267476578065607,0,At-Risk / Low-Engagement,0.30355050365694,0
16504,25,1,465.88,3.258096538021482,0.6931471805599453,6.14607226533442,0,At-Risk / Low-Engagement,0.538845230641609,1
16505,31,1,777.6,3.4657359027997265,0.6931471805599453,6.657497435176356,0,At-Risk / Low-Engagement,0.5141338777918955,1
16506,19,2,90.30000000000001,2.995732273553991,1.0986122886681096,4.514150787600923,0,At-Risk / Low-Engagement,0.5318689163258188,1
16509,296,1,363.7,5.6937321388027,0.6931471805599453,5.8990750978146345,0,At-Risk / Low-Engagement,0.6536310106981505,1
16510,372,1,248.1,5.912501651847105,0.6931471805599453,5.517854422268135,0,At-Risk / Low-Engagement,0.6760820537291707,1
16511,21,3,918.33,3.091042453358316,1.3862943611198906,6.8236451438627554,1,Loyal / High-Value,0.31863475261799756,0
16513,4,4,874.59,1.6094379124341003,1.6094379124341003,6.774897944843427,1,Loyal / High-Value,0.22577905188167183,0
16515,52,5,1624.14,3.970291913552122,1.791759469228055,7.393349244898962,1,Loyal / High-Value,0.23651695193172617,0
16516,30,1,101.69999999999999,3.4339872044851463,0.6931471805599453,4.631812116934513,0,At-Risk / Low-Engagement,0.6425801094257265,1
16517,277,1,162.7,5.627621113690637,0.6931471805599453,5.098035484377089,0,At-Risk / Low-Engagement,0.6993770644932135,1
16518,61,2,484.32,4.127134385045092,1.0986122886681096,6.1848084671836725,0,At-Risk / Low-Engagement,0.47065341354597695,0
16519,25,2,215.07999999999998,3.258096538021482,1.0986122886681096,5.37564870948436,0,At-Risk / Low-Engagement,0.486368046740112,0
16520,186,3,1046.57,5.231108616854587,1.3862943611198906,6.954228475339207,0,At-Risk / Low-Engagement,0.39583048541976595,0
16523,1,21,9418.470000000001,0.6931471805599453,3.091042453358316,9.150534102717932,1,Loyal / High-Value,0.028415152808353262,0
16525,2,26,13027.45,1.0986122886681096,3.295836866004329,9.474890706788237,1,Loyal / High-Value,0.025676714626902797,0
16526,171,1,290.36,5.147494476813453,0.6931471805599453,5.674559615979298,0,At-Risk / Low-Engagement,0.647603264138262,1
16527,81,1,228.06,4.406719247264253,0.6931471805599453,5.43398397796957,0,At-Risk / Low-Engagement,0.6326165159478919,1
16528,3,1,244.41,1.3862943611198906,0.6931471805599453,5.502930281242811,0,At-Risk / Low-Engagement,0.5001534209644606,1
16529,190,1,455.25,5.25227342804663,0.6931471805599453,6.123040904896701,0,At-Risk / Low-Engagement,0.6243730745872368,1
16531,22,7,1244.59,3.1354942159291497,2.0794415416798357,7.127364592228089,1,Loyal / High-Value,0.17650239458594194,0
16532,17,3,6748.8,2.8903717578961645,1.3862943611198906,8.81726815379798,1,Loyal / High-Value,0.21048988914389444,0
16533,19,3,1082.81,2.995732273553991,1.3862943611198906,6.988237889884059,1,Loyal / High-Value,0.30573777971383415,0
16535,5,1,593.75,1.791759469228055,0.6931471805599453,6.388141149183067,0,At-Risk / Low-Engagement,0.4593423777865203,0
16536,110,1,548.12,4.709530201312334,0.6931471805599453,6.308316996859543,0,At-Risk / Low-Engagement,0.5902260740324984,1
16539,2,4,1388.81,1.0986122886681096,1.6094379124341003,7.236922326134238,1,Loyal / High-Value,0.1910543060430424,0
16542,53,1,119.62,3.9889840465642745,0.6931471805599453,4.792645108022841,0,At-Risk / Low-Engagement,0.6548567532940018,1
16545,164,1,339.3,5.10594547390058,0.6931471805599453,5.82982758150686,0,At-Risk / Low-Engagement,0.6365114842639721,1
16546,290,2,787.15,5.673323267171493,1.0986122886681096,6.669688427072551,0,At-Risk / Low-Engagement,0.5043468961942278,1
16549,10,10,4034.9,2.3978952727983707,2.3978952727983707,8.302984604159606,1,Loyal / High-Value,0.09077250898813703,0
16550,108,5,2298.97,4.6913478822291435,1.791759469228055,7.740651358353913,1,Loyal / High-Value,0.24260512304960818,0
16551,95,3,922.12,4.564348191467836,1.3862943611198906,6.827759236886412,0,At-Risk / Low-Engagement,0.3763094179990877,0
16552,242,2,379.73,5.493061443340548,1.0986122886681096,5.9420904624901825,0,At-Risk / Low-Engagement,0.5458446392861931,1
16553,163,12,5719.82,5.099866427824199,2.5649493574615367,8.651867430742618,1,Loyal / High-Value,0.10931983651611397,0
16554,42,3,837.1,3.7612001156935624,1.3862943611198906,6.73113742510486,0,At-Risk / Low-Engagement,0.34996418212950126,0
16555,35,2,285.89,3.58351893845611,1.0986122886681096,5.659098867029561,0,At-Risk / Low-Engagement,0.48176897651982353,0
16556,66,7,3313.79,4.204692619390966,2.0794415416798357,8.106149552197078,1,Loyal / High-Value,0.1661329760380932,0
16557,24,2,281.85,3.2188758248682006,1.0986122886681096,5.644916721789165,0,At-Risk / Low-Engagement,0.46691298246800084,0
16558,0,20,8338.49,0.6931471805599453,3.044522437723423,9.028757342403852,1,Loyal / High-Value,0.027312622051487868,0
16560,26,2,841.41,3.295836866004329,1.0986122886681096,6.736266831594512,0,At-Risk / Low-Engagement,0.39946326421549516,0
16561,5,2,511.12,1.791759469228055,1.0986122886681096,6.238558972577978,1,Loyal / High-Value,0.3688013704147234,0
16563,53,1,1077.74,3.9889840465642745,0.6931471805599453,6.9835489723662585,0,At-Risk / Low-Engagement,0.515303456511418,1
16565,364,1,173.7,5.8998973535824915,0.6931471805599453,5.163070217140011,0,At-Risk / Low-Engagement,0.696274767376322,1
16566,15,5,614.66,2.772588722239781,1.791759469228055,6.422694863102173,1,Loyal / High-Value,0.24540314100783564,0
16567,194,2,865.6,5.272999558563747,1.0986122886681096,6.764577509305809,0,At-Risk / Low-Engagement,0.4820642285718859,0
16569,3,1,124.2,1.3862943611198906,0.6931471805599453,4.829912458665998,0,At-Risk / Low-Engagement,0.5445177871775232,1
16570,15,10,3738.4,2.772588722239781,2.3978952727983707,8.226680449731173,1,Loyal / High-Value,0.09805850085735,0
16571,26,3,1421.69,3.295836866004329,1.3862943611198906,7.260304724743686,1,Loyal / High-Value,0.3015505828942694,0
16572,127,3,1009.6,4.852030263919617,1.3862943611198906,6.918299492857808,0,At-Risk / Low-Engagement,0.3824382217944725,0
16573,84,2,663.61,4.442651256490317,1.0986122886681096,6.499200402451892,0,At-Risk / Low-Engagement,0.463605157165718,0
16574,71,1,451.44,4.276666119016055,0.6931471805599453,6.11465515766318,0,At-Risk / Low-Engagement,0.5844129358933066,1
16581,182,1,105.84,5.209486152841421,0.6931471805599453,4.67133238824176,0,At-Risk / Low-Engagement,0.7077575637728474,1
16582,113,1,313.62,4.736198448394496,0.6931471805599453,5.751365561394358,0,At-Risk / Low-Engagement,0.6263938216833306,1
16583,373,1,233.45,5.912501651847105,0.6931471805599453,5.457242345535596,0,At-Risk / Low-Engagement,0.6795813754723778,1
16584,80,2,936.08,4.394449154672439,1.0986122886681096,6.842768657462584,0,At-Risk / Low-Engagement,0.43904446034259154,0
16586,248,1,463.95,5.517452896464707,0.6931471805599453,6.141929872924206,0,At-Risk / Low-Engagement,0.6339538577871578,1
16587,232,1,225.15,5.4510384535657,0.6931471805599453,5.421198495923853,0,At-Risk / Low-Engagement,0.6744158341069814,1
16589,71,3,459.24,4.276666119016055,1.3862943611198906,6.131748092555038,0,At-Risk / Low-Engagement,0.4082508700681664,0
16591,68,1,213.5,4.23410650459726,0.6931471805599453,5.368309738368072,0,At-Risk / Low-Engagement,0.6296789804777893,1
16592,4,16,4113.68,1.6094379124341003,2.833213344056216,8.322316345810338,1,Loyal / High-Value,0.052615710957433476,0
16593,50,3,330.03,3.9318256327243257,1.3862943611198906,5.802209005711098,0,At-Risk / Low-Engagement,0.4148445446896375,0
16594,75,1,181.09,4.330733340286331,0.6931471805599453,5.204501070343752,0,At-Risk / Low-Engagement,0.6435785422571468,1
16595,61,1,360.16,4.127134385045092,0.6931471805599453,5.8893210734392785,0,At-Risk / Low-Engagement,0.5925499077313684,1
16596,15,2,250.15,2.772588722239781,1.0986122886681096,5.526050370196054,0,At-Risk / Low-Engagement,0.45546043720839496,0
16597,4,1,90.04,1.6094379124341003,0.6931471805599453,4.511298970378021,0,At-Risk / Low-Engagement,0.5748178827862794,1
16598,285,1,145.04999999999998,5.655991810819852,0.6931471805599453,4.98394902883375,0,At-Risk / Low-Engagement,0.7061952625130571,1
16600,4,6,813.52,1.6094379124341003,1.9459101490553132,6.702598982682314,1,Loyal / High-Value,0.17412455023254975,0
16601,40,1,242.7,3.713572066704308,0.6931471805599453,5.495937960631161,0,At-Risk / Low-Engagement,0.6002930926317652,1
16602,36,1,528.08,3.6109179126442243,0.6931471805599453,6.271139649157846,0,At-Risk / Low-Engagement,0.5458486458721189,1
16603,74,2,482.47,4.31748811353631,1.0986122886681096,6.180989265398516,0,At-Risk / Low-Engagement,0.4791497913480899,0
16607,17,14,3347.71,2.8903717578961645,2.70805020110221,8.116330476031974,1,Loyal / High-Value,0.07684727657569533,0
16609,15,7,5493.46,2.772588722239781,2.0794415416798357,8.611495590853199,1,Loyal / High-Value,0.11966262761698689,0
16610,219,1,75.66,5.393627546352361,0.6931471805599453,4.339380059952409,0,At-Risk / Low-Engagement,0.7318956800561741,1
16611,186,1,129.49,5.231108616854587,0.6931471805599453,4.871296595474155,0,At-Risk / Low-Engagement,0.6974971241280311,1
16612,32,4,1187.66,3.4965075614664802,1.6094379124341003,7.08058190121429,1,Loyal / High-Value,0.2718312062750271,0
16613,70,1,618.59,4.2626798770413155,0.6931471805599453,6.429057968967668,0,At-Risk / Low-Engagement,0.5634967204709592,1
16614,182,1,506.19,5.209486152841421,0.6931471805599453,6.228885686840323,0,At-Risk / Low-Engagement,0.6160313689538988,1
16616,15,2,500.42,2.772588722239781,1.0986122886681096,6.2174440732414,0,At-Risk / Low-Engagement,0.41061582981947636,0
16617,235,1,151.85,5.4638318050256105,0.6931471805599453,5.029457048336844,0,At-Risk / Low-Engagement,0.6972032704526523,1
16618,31,5,2647.59,3.4657359027997265,1.791759469228055,7.881782701906185,1,Loyal / High-Value,0.19962533416282088,0
16619,263,1,226.21,5.575949103146316,0.6931471805599453,5.425874699962912,0,At-Risk / Low-Engagement,0.6788921646322069,1
16620,3,2,178.96,1.3862943611198906,1.0986122886681096,5.192734603972972,0,At-Risk / Low-Engagement,0.4179253518069307,0
16621,51,4,813.48,3.9512437185814275,1.6094379124341003,6.70254987279894,0,At-Risk / Low-Engagement,0.3086526786218206,0
16623,245,1,129.45,5.5053315359323625,0.6931471805599453,4.870990011582737,0,At-Risk / Low-Engagement,0.707468004594719,1
16624,80,2,810.5699999999999,4.394449154672439,1.0986122886681096,6.6989706432467875,0,At-Risk / Low-Engagement,0.4484280331547693,0
16625,274,1,333.08,5.616771097666572,0.6931471805599453,5.811380485254219,0,At-Risk / Low-Engagement,0.6578790779626756,1
16626,0,17,4413.1,0.6931471805599453,2.8903717578961645,8.392559241748096,1,Loyal / High-Value,0.037429308475366414,0
16627,79,1,322.8,4.382026634673881,0.6931471805599453,5.780126041243535,0,At-Risk / Low-Engagement,0.6100821244651939,1
16628,29,5,2188.05,3.4011973816621555,1.791759469228055,7.691222938742128,1,Loyal / High-Value,0.2059573972809163,0
16629,73,2,408.63,4.304065093204169,1.0986122886681096,6.01525431323072,0,At-Risk / Low-Engagement,0.4895104888838545,0
16633,17,6,2883.1,2.8903717578961645,1.9459101490553132,7.966968171867508,1,Loyal / High-Value,0.15862988832752387,0
16634,222,2,217.9,5.407171771460119,1.0986122886681096,5.388615004528817,0,At-Risk / Low-Engagement,0.5781791166184237,1
16637,32,4,1154.47,3.4965075614664802,1.6094379124341003,7.052262466590724,1,Loyal / High-Value,0.27331570458220833,0
16638,22,10,1680.72,3.1354942159291497,2.3978952727983707,7.427572358185583,1,Loyal / High-Value,0.12513385748417122,0
16639,31,3,1257.51,3.4657359027997265,1.3862943611198906,7.137683760511223,1,Loyal / High-Value,0.31475170834129346,0
16641,105,1,231.10000000000002,4.663439094112067,0.6931471805599453,5.447168313280391,0,At-Risk / Low-Engagement,0.6421164832590989,1
16642,4,2,688.33,1.6094379124341003,1.0986122886681096,6.535720111358577,1,Loyal / High-Value,0.3435323204230061,0
16643,245,1,487.51,5.5053315359323625,0.6931471805599453,6.191359942102381,0,At-Risk / Low-Engagement,0.6304256432083072,1
16644,177,2,833.78,5.181783550292085,1.0986122886681096,6.72716821708184,0,At-Risk / Low-Engagement,0.48057802295019286,0
16647,169,2,214.06,5.135798437050262,1.0986122886681096,5.37091705896238,0,At-Risk / Low-Engagement,0.5677917308632948,1
16648,42,1,290.65999999999997,3.7612001156935624,0.6931471805599453,5.675588740285419,0,At-Risk / Low-Engagement,0.5908459265290493,1
16650,71,1,518.42,4.276666119016055,0.6931471805599453,6.252712804455737,0,At-Risk / Low-Engagement,0.5755217984437598,1
16652,58,7,6773.97,4.07753744390572,2.0794415416798357,8.820990217693817,1,Loyal / High-Value,0.13891174377740928,0
16653,16,2,1212.66,2.833213344056216,1.0986122886681096,7.101395866495808,1,Loyal / High-Value,0.3578779065102686,0
16654,141,4,601.27,4.955827057601261,1.6094379124341003,6.400705849743913,0,At-Risk / Low-Engagement,0.3653681991389207,0
16655,17,6,3789.52,2.8903717578961645,1.9459101490553132,8.240258491831206,1,Loyal / High-Value,0.14922283597527286,0
16656,22,15,8625.8,3.1354942159291497,2.772588722239781,9.062628915777825,1,Loyal / High-Value,0.05955445199379618,0
16657,9,4,874.43,2.302585092994046,1.6094379124341003,6.774715194217569,1,Loyal / High-Value,0.24752436898188385,0
16658,368,1,123.24,5.910796644040527,0.6931471805599453,4.822215178840431,0,At-Risk / Low-Engagement,0.714988118214239,1
16659,189,1,39.12,5.247024072160486,0.6931471805599453,3.9740583963475986,0,At-Risk / Low-Engagement,0.748806314620406,1
16660,16,4,1267.6499999999999,2.833213344056216,1.6094379124341003,7.145708621949827,1,Loyal / High-Value,0.24642387082924547,0
16665,362,1,135.39999999999998,5.8944028342648505,0.6931471805599453,4.915591745409362,0,At-Risk / Low-Engagement,0.7099308982524416,1
16666,19,1,118.98,2.995732273553991,0.6931471805599453,4.787325062224947,0,At-Risk / Low-Engagement,0.61522891886912,1
16667,68,2,567.1800000000001,4.23410650459726,1.0986122886681096,6.342438269926957,0,At-Risk / Low-Engagement,0.46490403001135744,0
16668,15,6,306.71999999999997,2.772588722239781,1.9459101490553132,5.729190278590734,1,Loyal / High-Value,0.25024628873447735,0
16669,23,3,1348.88,3.1780538303479458,1.3862943611198906,7.207770978592735,1,Loyal / High-Value,0.3001688405008565,0
16670,16,11,4095.9,2.833213344056216,2.4849066497880004,8.317985869145499,1,Loyal / High-Value,0.08936444081254621,0
16671,28,3,1692.27,3.367295829986474,1.3862943611198906,7.434416849630159,1,Loyal / High-Value,0.2945173016729105,0
16672,2,20,8134.9400000000005,1.0986122886681096,3.044522437723423,9.004046563069934,1,Loyal / High-Value,0.0330743614837877,0
16674,54,2,304.24,4.007333185232471,1.0986122886681096,5.721098352421432,0,At-Risk / Low-Engagement,0.4960662097214852,0
16676,33,4,1592.1200000000001,3.5263605246161616,1.6094379124341003,7.373449636639775,1,Loyal / High-Value,0.25776954394300233,0
16678,2,12,3109.99,1.0986122886681096,2.5649493574615367,8.042696282491956,1,Loyal / High-Value,0.06713008156807532,0
16679,366,1,129.75,5.905361848054571,0.6931471805599453,4.873287102945032,0,At-Risk / Low-Engagement,0.7122286642713587,1
16680,43,1,183.7,3.784189633918261,0.6931471805599453,5.218732887205194,0,At-Risk / Low-Engagement,0.6206336462317554,1
16681,72,6,1770.34,4.290459441148391,1.9459101490553132,7.479491601287773,1,Loyal / High-Value,0.214771579023057,0
16682,4,5,1028.0,1.6094379124341003,1.791759469228055,6.9363427358340495,1,Loyal / High-Value,0.1882983476340683,0
16684,4,28,66653.56,1.6094379124341003,3.367295829986474,9.892501674765558,1,Loyal / High-Value,0.02721677124592653,0
16685,61,2,324.24,4.127134385045092,1.0986122886681096,5.784563371339637,0,At-Risk / Low-Engagement,0.4970735521106157,0
16686,47,7,2959.88,3.8712010109078907,2.0794415416798357,7.993241800431319,1,Loyal / High-Value,0.1622801879988327,0
16688,1,4,1260.86,0.6931471805599453,1.6094379124341003,7.1403421019236415,1,Loyal / High-Value,0.18421224384542198,0
16689,75,2,422.59999999999997,4.330733340286331,1.0986122886681096,6.048789613727251,0,At-Risk / Low-Engagement,0.48845251496041336,0
16690,72,2,225.57999999999998,4.290459441148391,1.0986122886681096,5.423098083445343,0,At-Risk / Low-Engagement,0.5280268337375529,1
16692,256,2,1276.0,5.54907608489522,1.0986122886681096,7.152268856032539,0,At-Risk / Low-Engagement,0.4684622234202979,0
16693,68,2,477.86,4.23410650459726,1.0986122886681096,6.171408279115973,0,At-Risk / Low-Engagement,0.47616838012983287,0
16696,135,4,657.9000000000001,4.912654885736052,1.6094379124341003,6.490571777919774,0,At-Risk / Low-Engagement,0.3581514564224806,0
16697,241,1,112.75,5.488937726156687,0.6931471805599453,4.7340030578310595,0,At-Risk / Low-Engagement,0.7143257850779742,1
16698,226,2,1998.0,5.424950017481403,1.0986122886681096,7.6004023345004,0,At-Risk / Low-Engagement,0.4338023284149791,0
16700,8,13,5076.55,2.1972245773362196,2.639057329615259,8.532584140771885,1,Loyal / High-Value,0.06623697974988474,0
16701,8,13,5398.3,2.1972245773362196,2.639057329615259,8.59402459452009,1,Loyal / High-Value,0.06523938042176643,0
16705,0,20,14034.99,0.6931471805599453,3.044522437723423,9.549380024249162,1,Loyal / High-Value,0.02388442741320717,0
16706,37,3,531.35,3.6375861597263857,1.3862943611198906,6.277301167760616,0,At-Risk / Low-Engagement,0.37269245177446847,0
16708,45,1,656.63,3.828641396489095,0.6931471805599453,6.488642463139346,0,At-Risk / Low-Engagement,0.5409641884043453,1
16709,84,5,3029.87,4.442651256490317,1.791759469228055,8.016604986002726,1,Loyal / High-Value,0.221904630364992,0
16710,19,10,2467.99,2.995732273553991,2.3978952727983707,7.811564439114215,1,Loyal / High-Value,0.11199922575432614,0
16711,3,5,1651.03,1.3862943611198906,1.791759469228055,7.4097601137223315,1,Loyal / High-Value,0.16451323681253263,0
16712,9,11,3611.31,2.302585092994046,2.4849066497880004,8.192102735881804,1,Loyal / High-Value,0.08468699686420807,0
16713,18,15,6910.78,2.9444389791664403,2.772588722239781,8.840982481273644,1,Loyal / High-Value,0.060993857240845904,0
16714,218,3,1129.06,5.389071729816501,1.3862943611198906,7.030026007641905,0,At-Risk / Low-Engagement,0.3976009352500953,0
16715,78,1,301.71999999999997,4.3694478524670215,0.6931471805599453,5.712808285863513,0,At-Risk / Low-Engagement,0.6137895955055196,1
16716,266,2,901.2,5.58724865840025,1.0986122886681096,6.804836224974296,0,At-Risk / Low-Engagement,0.4930415704655245,0
16717,23,6,3843.08,3.1780538303479458,1.9459101490553132,8.25428958152815,1,Loyal / High-Value,0.15519130957363134,0
16718,369,1,606.0500000000001,5.912501651847105,0.6931471805599453,6.408611159989984,0,At-Risk / Low-Engagement,0.6225366101902252,1
16719,14,7,1770.22,2.70805020110221,2.0794415416798357,7.479423853670205,1,Loyal / High-Value,0.1534823980970064,0
16720,26,1,152.95,3.295836866004329,0.6931471805599453,5.0366278743705095,0,At-Risk / Low-Engagement,0.6119606130423044,1
16721,262,1,292.47,5.572154032177765,0.6931471805599453,5.681775419393111,0,At-Risk / Low-Engagement,0.6638217042635243,1
16722,17,13,4730.81,2.8903717578961645,2.639057329615259,8.46206307213662,1,Loyal / High-Value,0.0753725949011065,0
16723,91,2,576.4,4.5217885770490405,1.0986122886681096,6.358535267228834,0,At-Risk / Low-Engagement,0.4762919482106618,0
16725,302,7,758.27,5.713732805509369,2.0794415416798357,6.632357445363575,0,At-Risk / Low-Engagement,0.27408001533418364,0
16726,26,5,1358.74,3.295836866004329,1.791759469228055,7.215048783982959,1,Loyal / High-Value,0.2241091847229002,0
16727,364,1,256.32,5.8998973535824915,0.6931471805599453,5.550320446542799,0,At-Risk / Low-Engagement,0.6741995277716446,1
16728,46,4,1048.28,3.8501476017100584,1.6094379124341003,6.955859493656283,1,Loyal / High-Value,0.29091294645738663,0
16729,38,21,7205.33,3.6635616461296463,3.091042453358316,8.882715085430164,1,Loyal / High-Value,0.04996051717637965,0
16730,52,3,743.11,3.970291913552122,1.3862943611198906,6.612188873366803,0,At-Risk / Low-Engagement,0.36553216150379036,0
16732,31,1,603.75,3.4657359027997265,0.6931471805599453,6.404815149490137,0,At-Risk / Low-Engagement,0.5307994298054184,1
16734,52,3,646.76,3.970291913552122,1.3862943611198906,6.473520257377859,0,At-Risk / Low-Engagement,0.37407562538126665,0
16735,78,5,2247.41,4.3694478524670215,1.791759469228055,7.717978578725217,1,Loyal / High-Value,0.23355126611540758,0
16737,53,1,417.59999999999997,3.9889840465642745,0.6931471805599453,6.036915810011899,0,At-Risk / Low-Engagement,0.5772515329503038,1
16738,297,1,3.75,5.697093486505405,0.6931471805599453,3.9740583963475986,0,At-Risk / Low-Engagement,0.7614858902906267,1
16739,176,1,323.0,5.176149732573829,0.6931471805599453,5.780743515792329,0,At-Risk / Low-Engagement,0.6423147871550918,1
16742,46,1,464.9,3.8501476017100584,0.6931471805599453,6.143971018822751,0,At-Risk / Low-Engagement,0.5644109513328429,1
16743,29,7,2213.13,3.4011973816621555,2.0794415416798357,7.702614828798631,1,Loyal / High-Value,0.16162873735592764,0
16744,11,7,1291.91,2.4849066497880004,2.0794415416798357,7.164650770780832,1,Loyal / High-Value,0.15934841928157434,0
16745,86,17,7180.7,4.465908118654584,2.8903717578961645,8.87929140281919,1,Loyal / High-Value,0.06912864838911695,0
16746,4,18,6680.11,1.6094379124341003,2.9444389791664403,8.807039420391044,1,Loyal / High-Value,0.041791037627055175,0
16747,37,2,836.06,3.6375861597263857,1.0986122886681096,6.729895752508072,0,At-Risk / Low-Engagement,0.41419276388933524,0
16748,17,5,1515.9,2.8903717578961645,1.791759469228055,7.324424057597627,1,Loyal / High-Value,0.20730952818376808,0
16750,44,5,623.93,3.8066624897703196,1.791759469228055,6.437639643463933,1,Loyal / High-Value,0.2793628262848347,0
16751,30,1,1764.72,3.4339872044851463,0.6931471805599453,7.476313818197086,0,At-Risk / Low-Engagement,0.45873411579912426,0
16752,372,1,207.5,5.912501651847105,0.6931471805599453,5.339939041238856,0,At-Risk / Low-Engagement,0.6862963771399956,1
16753,58,1,223.92000000000002,4.07753744390572,0.6931471805599453,5.415744783424001,0,At-Risk / Low-Engagement,0.6203666434273851,1
16754,372,1,2002.4,5.912501651847105,0.6931471805599453,7.602601016177664,0,At-Risk / Low-Engagement,0.5460356776390767,1
16755,114,3,1475.43,4.74493212836325,1.3862943611198906,7.2973822906459604,0,At-Risk / Low-Engagement,0.3547934979851359,0
16756,214,1,239.4,5.3706380281276624,0.6931471805599453,5.4823042026610525,0,At-Risk / Low-Engagement,0.6677677650529632,1
16757,318,1,106.83000000000001,5.765191102784844,0.6931471805599453,4.680555912893981,0,At-Risk / Low-Engagement,0.7225581360498752,1
16758,65,1,369.34000000000003,4.189654742026425,0.6931471805599453,5.91442150260967,0,At-Risk / Low-Engagement,0.5935691275488825,1
16759,7,3,789.79,2.0794415416798357,1.3862943611198906,6.673032445794151,1,Loyal / High-Value,0.2898857064221187,0
16761,96,1,316.62,4.574710978503383,0.6931471805599453,5.760855699682501,0,At-Risk / Low-Engagement,0.619215405357459,1
16762,19,3,1207.24,2.995732273553991,1.3862943611198906,7.096920034258086,1,Loyal / High-Value,0.29967311224701226,0
16763,198,1,611.85,5.293304824724492,0.6931471805599453,6.418120207787174,0,At-Risk / Low-Engagement,0.6076074430976546,1
16764,3,13,2790.9500000000003,1.3862943611198906,2.639057329615259,7.934495555412452,1,Loyal / High-Value,0.06731318811121972,0
16765,294,1,34.0,5.68697535633982,0.6931471805599453,3.9740583963475986,0,At-Risk / Low-Engagement,0.7614858902906267,1
16766,273,2,1145.6,5.6131281063880705,1.0986122886681096,7.044556320474283,0,At-Risk / Low-Engagement,0.4783343403356812,0
16767,30,11,5575.56,3.4339872044851463,2.4849066497880004,8.626327377813633,1,Loyal / High-Value,0.09123980313162393,0
16768,47,3,478.09000000000003,3.8712010109078907,1.3862943611198906,6.17188847120203,0,At-Risk / Low-Engagement,0.38882874261809863,0
16769,260,1,361.54,5.564520407322694,0.6931471805599453,5.893134813034773,0,At-Risk / Low-Engagement,0.6509386139205235,1
16770,57,5,757.1,4.060443010546419,1.791759469228055,6.630815303062258,1,Loyal / High-Value,0.2779573586706445,0
16771,33,5,2242.61,3.5263605246161616,1.791759469228055,7.715841454746731,1,Loyal / High-Value,0.208459413889114,0
16773,57,1,171.59,4.060443010546419,0.6931471805599453,5.150918839543312,0,At-Risk / Low-Engagement,0.6360242439144241,1
16774,67,4,661.52,4.219507705176107,1.6094379124341003,6.496050746083953,0,At-Risk / Low-Engagement,0.330652043207501,0
16775,10,11,1691.51,2.3978952727983707,2.4849066497880004,7.433967913188473,1,Loyal / High-Value,0.10309339563948523,0
16776,60,1,371.54,4.110873864173311,0.6931471805599453,5.920344414604856,0,At-Risk / Low-Engagement,0.5898851258606574,1
16777,80,2,222.62,4.394449154672439,1.0986122886681096,5.409948182719222,0,At-Risk / Low-Engagement,0.5333910873905944,1
16778,74,2,245.94,4.31748811353631,1.0986122886681096,5.509145392139597,0,At-Risk / Low-Engagement,0.5235252837117107,1
16779,2,22,10611.720000000001,1.0986122886681096,3.1354942159291497,9.26980856067564,1,Loyal / High-Value,0.02823661512334975,0
16780,100,2,422.24,4.61512051684126,1.0986122886681096,6.047939394035961,0,At-Risk / Low-Engagement,0.5008554364271394,1
16781,372,1,311.25,5.912501651847105,0.6931471805599453,5.743804149005687,0,At-Risk / Low-Engagement,0.6628651028132715,1
16782,10,13,2267.9500000000003,2.3978952727983707,2.639057329615259,7.727072448397774,1,Loyal / High-Value,0.08331229036538079,0
16784,19,1,107.6,2.995732273553991,0.6931471805599453,4.687671407499835,0,At-Risk / Low-Engagement,0.6214463953126661,1
16788,123,2,594.39,4.820281565605037,1.0986122886681096,6.3892166530089884,0,At-Risk / Low-Engagement,0.48721037603986295,0
16789,8,1,80.8,2.1972245773362196,0.6931471805599453,4.404277243608702,0,At-Risk / Low-Engagement,0.6063325848522766,1
16790,3,6,1545.6200000000001,1.3862943611198906,1.9459101490553132,7.343827183683202,1,Loyal / High-Value,0.146170636052609,0
16791,29,7,1705.78,3.4011973816621555,2.0794415416798357,7.442363833410647,1,Loyal / High-Value,0.17117043796202816,0
16792,282,2,110.38000000000001,5.645446897643238,1.0986122886681096,4.7129477781615225,0,At-Risk / Low-Engagement,0.6305797476361635,1
16793,57,1,243.84,4.060443010546419,0.6931471805599453,5.500604935982869,0,At-Risk / Low-Engagement,0.6143656307377139,1
16794,1,10,1196.5,0.6931471805599453,2.3978952727983707,7.08799132928507,1,Loyal / High-Value,0.09286705271418427,0
16795,365,1,414.88,5.902633333401366,0.6931471805599453,6.030396757109769,0,At-Risk / Low-Engagement,0.6457295014568636,1
16796,89,1,305.62,4.499809670330265,0.6931471805599453,5.725609195882308,0,At-Risk / Low-Engagement,0.6183446764660387,1
16800,11,1,1162.65,2.4849066497880004,0.6931471805599453,7.0593168957906745,0,At-Risk / Low-Engagement,0.44521061582448435,0
16801,163,4,1594.23,5.099866427824199,1.6094379124341003,7.374773205449993,0,At-Risk / Low-Engagement,0.31332029713994575,0
16803,65,1,332.3,4.189654742026425,0.6931471805599453,5.809042985313694,0,At-Risk / Low-Engagement,0.60027221153299,1
16804,23,3,536.99,3.1780538303479458,1.3862943611198906,6.287839972628443,0,At-Risk / Low-Engagement,0.35359235466314515,0
16805,173,2,460.59,5.159055299214529,1.0986122886681096,6.134677051181064,0,At-Risk / Low-Engagement,0.5187327786443638,1
16806,103,4,762.16,4.6443908991413725,1.6094379124341003,6.63746770785911,0,At-Risk / Low-Engagement,0.3387595529842054,0
16807,142,3,1121.59,4.962844630259907,1.3862943611198906,7.02339379457603,0,At-Risk / Low-Engagement,0.380423952460525,0
16808,99,2,288.42,4.605170185988092,1.0986122886681096,5.667878920309847,0,At-Risk / Low-Engagement,0.5255209593665022,1
16809,23,5,914.69,3.1780538303479458,1.791759469228055,6.81967787944687,1,Loyal / High-Value,0.23906557950851154,0
16810,192,1,309.54,5.262690188904886,0.6931471805599453,5.738312717553024,0,At-Risk / Low-Engagement,0.6483225929874602,1
16811,4,2,547.07,1.6094379124341003,1.0986122886681096,6.3064030160165885,1,Loyal / High-Value,0.35733126136209475,0
16812,360,1,479.35,5.8888779583328805,0.6931471805599453,6.174515004855747,0,At-Risk / Low-Engagement,0.6369656874338873,1
16813,8,10,1652.18,2.1972245773362196,2.3978952727983707,7.410455984814581,1,Loyal / High-Value,0.10879302426762759,0
16814,14,21,6416.7,2.70805020110221,3.091042453358316,8.766815077043479,1,Loyal / High-Value,0.043914963413834246,0
16816,103,4,417.06,4.6443908991413725,1.6094379124341003,6.035624962893636,0,At-Risk / Low-Engagement,0.37526063395415,0
16817,2,9,1604.75,1.0986122886681096,2.302585092994046,7.381346216137902,1,Loyal / High-Value,0.10074681699084938,0
16818,10,11,3349.57,2.3978952727983707,2.4849066497880004,8.116885759599102,1,Loyal / High-Value,0.08755473173424373,0
16820,95,1,497.61,4.564348191467836,0.6931471805599453,6.211824227045576,0,At-Risk / Low-Engagement,0.5902971359847539,1
16823,227,1,358.38,5.429345628954441,0.6931471805599453,5.8843803244983075,0,At-Risk / Low-Engagement,0.6461145552828172,1
16824,15,2,460.64,2.772588722239781,1.0986122886681096,6.134785366552204,0,At-Risk / Low-Engagement,0.41591463355306013,0
16825,38,2,775.1800000000001,3.6635616461296463,1.0986122886681096,6.654384452047831,0,At-Risk / Low-Engagement,0.4201435335297517,0
16826,51,1,341.7,3.9512437185814275,0.6931471805599453,5.836855428880563,0,At-Risk / Low-Engagement,0.5885167193290113,1
16828,93,2,128.5,4.543294782270004,1.0986122886681096,4.863680881139593,0,At-Risk / Low-Engagement,0.5754290397017914,1
16829,156,1,197.22,5.056245805348308,0.6931471805599453,5.289377524978562,0,At-Risk / Low-Engagement,0.6669683052722167,1
16830,38,1,325.91,3.6635616461296463,0.6931471805599453,5.789684903656904,0,At-Risk / Low-Engagement,0.5794071889329225,1
16832,184,3,199.15,5.220355825078325,1.3862943611198906,5.299067085438582,0,At-Risk / Low-Engagement,0.5032123973113458,1
16833,1,4,1106.53,0.6931471805599453,1.6094379124341003,7.0098875895885335,1,Loyal / High-Value,0.1894517512830566,0
16834,227,1,413.46,5.429345628954441,0.6931471805599453,6.026976468109342,0,At-Risk / Low-Engagement,0.637447922204155,1
16835,128,2,180.85,4.859812404361672,1.0986122886681096,5.2031821714329975,0,At-Risk / Low-Engagement,0.5669103366107938,1
16836,39,2,251.87,3.6888794541139363,1.0986122886681096,5.5328755226775,0,At-Risk / Low-Engagement,0.49467873014334074,0
16837,31,11,3170.98,3.4657359027997265,2.4849066497880004,8.062111277564622,1,Loyal / High-Value,0.10490168589512715,0
16838,197,2,588.85,5.288267030694535,1.0986122886681096,6.3798682672878515,0,At-Risk / Low-Engagement,0.5081458034173014,1
16839,8,34,16594.35,2.1972245773362196,3.4339872044851463,9.716877814621636,1,Loyal / High-Value,0.03005426914893041,0
16841,36,6,1869.82,3.6109179126442243,1.9459101490553132,7.534132116408228,1,Loyal / High-Value,0.19327408445722485,0
16842,100,3,1264.19,4.61512051684126,1.3862943611198906,7.142977587511544,0,At-Risk / Low-Engagement,0.3589877210442392,0
16843,42,16,10196.57,3.7612001156935624,2.833213344056216,9.22990473559571,1,Loyal / High-Value,0.059698349447721594,0
16846,50,1,214.32,3.9318256327243257,0.6931471805599453,5.372125293692757,0,At-Risk / Low-Engagement,0.6171167378879158,1
16847,43,1,193.44,3.784189633918261,0.6931471805599453,5.270123632177254,0,At-Risk / Low-Engagement,0.6174295320629904,1
16848,52,1,281.42,3.970291913552122,0.6931471805599453,5.643395324641106,0,At-Risk / Low-Engagement,0.6016372758985373,1
16849,186,1,124.57,5.231108616854587,0.6931471805599453,4.8328633720008725,0,At-Risk / Low-Engagement,0.6996366996185706,1
16850,333,1,332.41,5.8111409929767,0.6931471805599453,5.809372963868082,0,At-Risk / Low-Engagement,0.6589803231449505,1
16851,4,3,342.45,1.6094379124341003,1.3862943611198906,5.83904154065989,1,Loyal / High-Value,0.31927921777019685,0
16852,10,2,144.91000000000003,2.3978952727983707,1.0986122886681096,4.982989993275932,0,At-Risk / Low-Engagement,0.47498599859264923,0
16855,23,2,328.4,3.1780538303479458,1.0986122886681096,5.79727281774354,0,At-Risk / Low-Engagement,0.4551430465328164,0
16856,14,1,35.400000000000006,2.70805020110221,0.6931471805599453,3.9740583963475986,0,At-Risk / Low-Engagement,0.6572948920900191,1
16858,368,1,375.69000000000005,5.910796644040527,0.6931471805599453,5.931422568022302,0,At-Risk / Low-Engagement,0.6516923422777826,1
16859,144,2,747.81,4.976733742420574,1.0986122886681096,6.618485279775063,0,At-Risk / Low-Engagement,0.4788604050790355,0
16861,59,2,173.76,4.0943445622221,1.0986122886681096,5.163413604083235,0,At-Risk / Low-Engagement,0.5366383047748412,1
16863,31,2,502.8,3.4657359027997265,1.0986122886681096,6.22217936391851,0,At-Risk / Low-Engagement,0.43972467438204754,0
16866,140,3,207.73999999999998,4.948759890378168,1.3862943611198906,5.341089458391906,0,At-Risk / Low-Engagement,0.4886436057509804,0
16869,22,4,817.12,3.1354942159291497,1.6094379124341003,6.707009025109966,1,Loyal / High-Value,0.2790272498299056,0
16871,22,6,2812.34,3.1354942159291497,1.9459101490553132,7.942127668587332,1,Loyal / High-Value,0.165299305656075,0
16872,77,3,680.02,4.356708826689592,1.3862943611198906,6.523591674293888,0,At-Risk / Low-Engagement,0.3867740839124751,0
16873,4,6,7123.62,1.6094379124341003,1.9459101490553132,8.871311670381246,1,Loyal / High-Value,0.10621211340940681,0
16875,67,5,2095.53,4.219507705176107,1.791759469228055,7.648038876071995,1,Loyal / High-Value,0.23220202868132453,0
16877,12,6,846.62,2.5649493574615367,1.9459101490553132,6.742432422151628,1,Loyal / High-Value,0.1976191532187218,0
16878,84,1,13.3,4.442651256490317,0.6931471805599453,3.9740583963475986,0,At-Risk / Low-Engagement,0.7216266661364591,1
16880,30,7,1491.43,3.4339872044851463,2.0794415416798357,7.308160942994333,1,Loyal / High-Value,0.17709136583051535,0
16881,66,1,432.0,4.204692619390966,0.6931471805599453,6.07073772800249,0,At-Risk / Low-Engagement,0.584196686289006,1
16882,66,3,705.12,4.204692619390966,1.3862943611198906,6.559785194721083,0,At-Risk / Low-Engagement,0.37827768180628946,0
16883,187,2,272.48,5.236441962829949,1.0986122886681096,5.611228493045593,0,At-Risk / Low-Engagement,0.5564569873370786,1
16884,37,2,429.84000000000003,3.6375861597263857,1.0986122886681096,6.0657367914825695,0,At-Risk / Low-Engagement,0.4573362151973923,0
16885,15,3,450.41,2.772588722239781,1.3862943611198906,6.112376017438897,0,At-Risk / Low-Engagement,0.3481179791051309,0
16887,35,1,192.32999999999998,3.58351893845611,0.6931471805599453,5.264398573344411,0,At-Risk / Low-Engagement,0.6095238568512504,1
16889,194,3,1578.67,5.272999558563747,1.3862943611198906,7.364971243447073,0,At-Risk / Low-Engagement,0.371874496971796,0
16891,1,5,742.43,0.6931471805599453,1.791759469228055,6.6112746121740065,1,Loyal / High-Value,0.1773632256398787,0
16892,1,5,518.19,0.6931471805599453,1.791759469228055,6.25226990480378,1,Loyal / High-Value,0.1916378898889675,0
16893,366,1,145.93,5.905361848054571,0.6931471805599453,4.989956282887855,0,At-Risk / Low-Engagement,0.70586563383326,1
16895,64,1,202.27,4.174387269895637,0.6931471805599453,5.31453514457087,0,At-Risk / Low-Engagement,0.6305749211657361,1
16897,299,2,289.78,5.703782474656201,1.0986122886681096,5.672566967503279,0,At-Risk / Low-Engagement,0.5697922882184449,1
16898,26,3,501.03,3.295836866004329,1.3862943611198906,6.218659878862289,0,At-Risk / Low-Engagement,0.36249803247149964,0
16899,7,6,1271.06,2.0794415416798357,1.9459101490553132,7.148392912598927,1,Loyal / High-Value,0.168976857033904,0
16900,16,3,887.11,2.833213344056216,1.3862943611198906,6.789095609194309,1,Loyal / High-Value,0.3109458238520909,0
16902,116,1,1706.88,4.762173934797756,0.6931471805599453,7.443008114269093,0,At-Risk / Low-Engagement,0.5185059844219763,1
16903,29,1,363.2,3.4011973816621555,0.6931471805599453,5.897703167293508,0,At-Risk / Low-Engagement,0.5612441314914216,1
16904,4,16,3653.75,1.6094379124341003,2.833213344056216,8.203782970391725,1,Loyal / High-Value,0.05419987926349039,0
16905,5,7,3037.6,1.791759469228055,2.0794415416798357,8.019152162009666,1,Loyal / High-Value,0.11822086627290943,0
16906,81,4,559.59,4.406719247264253,1.6094379124341003,6.328989800540907,0,At-Risk / Low-Engagement,0.3478385542940467,0
16907,29,5,928.76,3.4011973816621555,1.791759469228055,6.834926488326795,1,Loyal / High-Value,0.2454398828395016,0
16909,72,1,379.14,4.290459441148391,0.6931471805599453,5.940539605922692,0,At-Risk / Low-Engagement,0.5961246604970726,1
16910,4,8,1508.96,1.6094379124341003,2.1972245773362196,7.3198384393918765,1,Loyal / High-Value,0.12170198950456318,0
16912,28,11,2555.58,3.367295829986474,2.4849066497880004,7.846425706813547,1,Loyal / High-Value,0.10871003027165364,0
16913,290,1,113.44,5.673323267171493,0.6931471805599453,4.74005066818191,0,At-Risk / Low-Engagement,0.7193939595516757,1
16914,36,1,183.76,3.6109179126442243,0.6931471805599453,5.2190576855624045,0,At-Risk / Low-Engagement,0.6135020902809937,1
16915,9,6,621.6800000000001,2.302585092994046,1.9459101490553132,6.4340327431676485,1,Loyal / High-Value,0.2033838397833419,0
16916,23,2,562.41,3.1780538303479458,1.0986122886681096,6.334007604663525,0,At-Risk / Low-Engagement,0.42023427992728984,0
16917,276,1,391.52,5.6240175061873385,0.6931471805599453,5.972587491338293,0,At-Risk / Low-Engagement,0.6485099944614016,1
16918,49,6,1068.82,3.912023005428146,1.9459101490553132,6.975245689005592,1,Loyal / High-Value,0.22638815309048463,0
16919,156,11,2592.25,5.056245805348308,2.4849066497880004,7.8606671943119375,1,Loyal / High-Value,0.14010747036583104,0
16921,61,1,154.18,4.127134385045092,0.6931471805599453,5.044585733465803,0,At-Risk / Low-Engagement,0.6451631275676437,1
16923,12,19,7069.08,2.5649493574615367,2.995732273553991,8.863627074243855,1,Loyal / High-Value,0.04592447818777114,0
16924,21,3,829.89,3.091042453358316,1.3862943611198906,6.722497415455896,1,Loyal / High-Value,0.32446836953811237,0
16926,371,1,230.25,5.912501651847105,0.6931471805599453,5.443499376392535,0,At-Risk / Low-Engagement,0.6803720163863834,1
16927,115,3,543.05,4.7535901911063645,1.3862943611198906,6.299041154397021,0,At-Risk / Low-Engagement,0.4176099604058644,0
16928,80,17,2814.7,4.394449154672439,2.8903717578961645,7.942966177511865,1,Loyal / High-Value,0.0858792117760409,0
16929,3,7,1295.39,1.3862943611198906,2.0794415416798357,7.167338757569021,1,Loyal / High-Value,0.13533225146170205,0
16930,26,3,378.89,3.295836866004329,1.3862943611198906,5.9398817371306265,0,At-Risk / Low-Engagement,0.37969668016440417,0
16931,5,21,4554.87,1.791759469228055,3.091042453358316,8.424171790358395,1,Loyal / High-Value,0.04112458253912779,0
16932,53,1,150.23000000000002,3.9889840465642745,0.6931471805599453,5.018801856762649,0,At-Risk / Low-Engagement,0.6412207285890914,1
16933,1,2,563.23,0.6931471805599453,1.0986122886681096,6.335461969788099,1,Loyal / High-Value,0.31999409543129415,0
16934,54,2,931.03,4.007333185232471,1.0986122886681096,6.837365003008744,0,At-Risk / Low-Engagement,0.4229071732711791,0
16936,25,1,261.9,3.258096538021482,0.6931471805599453,5.571773731735836,0,At-Risk / Low-Engagement,0.5762812348188909,1
16938,8,4,2711.6800000000003,2.1972245773362196,1.6094379124341003,7.905692355094029,1,Loyal / High-Value,0.1932290279021969,0
16940,52,3,3049.88,3.970291913552122,1.3862943611198906,8.023185352576407,1,Loyal / High-Value,0.2840485911778431,0
16942,12,9,1904.99,2.5649493574615367,2.302585092994046,7.5527568376106675,1,Loyal / High-Value,0.12136326123036825,0
16943,211,3,816.73,5.356586274672012,1.3862943611198906,6.706532208766916,0,At-Risk / Low-Engagement,0.4168812486891364,0
16945,21,19,4345.5,3.091042453358316,2.995732273553991,8.377126202519118,1,Loyal / High-Value,0.056585760548160204,0
16947,235,1,406.48,5.4638318050256105,0.6931471805599453,6.009991851721866,0,At-Risk / Low-Engagement,0.6398664822028831,1
16948,138,3,435.02,4.9344739331306915,1.3862943611198906,6.0776881138566,0,At-Risk / Low-Engagement,0.4396323524893119,0
16949,3,6,1286.27,1.3862943611198906,1.9459101490553132,7.160278975803028,1,Loyal / High-Value,0.15233146940194744,0
16950,56,3,1178.56,4.04305126783455,1.3862943611198906,7.072896766566239,0,At-Risk / Low-Engagement,0.3406059140804164,0
16951,134,3,1277.75,4.90527477843843,1.3862943611198906,7.153638317265837,0,At-Risk / Low-Engagement,0.3700080992903158,0
16952,109,2,167.61,4.700480365792417,1.0986122886681096,5.127588355789889,0,At-Risk / Low-Engagement,0.5650215259940919,1
16953,30,1,20.8,3.4339872044851463,0.6931471805599453,3.9740583963475986,0,At-Risk / Low-Engagement,0.6851087442277994,1
16954,0,9,2085.08,0.6931471805599453,2.302585092994046,7.643041985736175,1,Loyal / High-Value,0.07951478658193618,0
16955,184,4,518.67,5.220355825078325,1.6094379124341003,6.25319399473728,0,At-Risk / Low-Engagement,0.3852804228141296,0
16956,17,1,308.74,2.8903717578961645,0.6931471805599453,5.735733235888028,0,At-Risk / Low-Engagement,0.5499104197767692,1
16957,239,2,416.64,5.480638923341991,1.0986122886681096,6.03461981742191,0,At-Risk / Low-Engagement,0.5392378468749299,1
16959,87,1,117.35000000000001,4.477336814478207,0.6931471805599453,4.773646335959993,0,At-Risk / Low-Engagement,0.6748714660886581,1
16960,38,3,507.05,3.6635616461296463,1.3862943611198906,6.2305798679318904,0,At-Risk / Low-Engagement,0.37664345181126374,0
16961,116,1,234.17,4.762173934797756,0.6931471805599453,5.46030865686874,0,At-Risk / Low-Engagement,0.6452529450558709,1
16963,187,1,110.55000000000001,5.236441962829949,0.6931471805599453,4.714472920878541,0,At-Risk / Low-Engagement,0.7063649759145226,1
16965,226,1,201.19,5.424950017481403,0.6931471805599453,5.309207849379209,0,At-Risk / Low-Engagement,0.6798978302972445,1
16966,8,7,2154.97,2.1972245773362196,2.0794415416798357,7.675996017275306,1,Loyal / High-Value,0.13607974808256748,0
16967,189,1,319.02,5.247024072160486,0.6931471805599453,5.768383493840728,0,At-Risk / Low-Engagement,0.6458857538071434,1
16968,4,2,439.43,1.6094379124341003,1.0986122886681096,6.087751522419478,1,Loyal / High-Value,0.37071287577201595,0
16969,39,3,650.41,3.6888794541139363,1.3862943611198906,6.479139244274806,0,At-Risk / Low-Engagement,0.3623600272432984,0
16971,38,1,357.21,3.6635616461296463,0.6931471805599453,5.881119406601529,0,At-Risk / Low-Engagement,0.5735052823734441,1
16976,267,1,251.51999999999998,5.5909869805108565,0.6931471805599453,5.5314904534994245,0,At-Risk / Low-Engagement,0.6733497538099599,1
16978,77,1,344.33,4.356708826689592,0.6931471805599453,5.84450048159508,0,At-Risk / Low-Engagement,0.6049756712241614,1
16979,3,6,1852.0,1.3862943611198906,1.9459101490553132,7.52456122628536,1,Loyal / High-Value,0.14030747116263445,0
16980,255,2,1028.46,5.545177444479562,1.0986122886681096,6.936789671900485,0,At-Risk / Low-Engagement,0.48250008237271363,0
16982,60,1,384.06,4.110873864173311,0.6931471805599453,5.95339916630119,0,At-Risk / Low-Engagement,0.5877693550762682,1
16983,12,7,1905.87,2.5649493574615367,2.0794415416798357,7.5532184333763785,1,Loyal / High-Value,0.1478064758776024,0
16984,88,2,4459.52,4.48863636973214,1.0986122886681096,8.40302063014605,1,Loyal / High-Value,0.34498076305013553,0
16985,17,10,5464.12,2.8903717578961645,2.3978952727983707,8.606141358283566,1,Loyal / High-Value,0.09121838505878065,0
16986,29,2,1873.2,3.4011973816621555,1.0986122886681096,7.535937180689723,1,Loyal / High-Value,0.3541569794903789,0
16987,3,7,1616.8,1.3862943611198906,2.0794415416798357,7.388822480583852,1,Loyal / High-Value,0.12862540730905814,0
16988,5,1,126.12,1.791759469228055,0.6931471805599453,4.845131522228461,0,At-Risk / Low-Engagement,0.5609320258938376,1
16989,7,6,1133.25,2.0794415416798357,1.9459101490553132,7.033726918544073,1,Loyal / High-Value,0.17327662267596275,0
16990,218,1,179.0,5.389071729816501,0.6931471805599453,5.19295685089021,0,At-Risk / Low-Engagement,0.6852067801093652,1
16992,10,5,1614.31,2.3978952727983707,1.791759469228055,7.38728216770102,1,Loyal / High-Value,0.1910230756067593,0
16996,30,6,1456.96,3.4339872044851463,1.9459101490553132,7.284793477350012,1,Loyal / High-Value,0.1988199001766782,0
16997,288,3,702.0,5.666426688112432,1.3862943611198906,6.555356891810665,0,At-Risk / Low-Engagement,0.4387922906760895,0
16998,149,4,295.0,5.0106352940962555,1.6094379124341003,5.69035945432406,0,At-Risk / Low-Engagement,0.4122139070302301,0
16999,23,2,484.82,3.1780538303479458,1.0986122886681096,6.185838184926078,0,At-Risk / Low-Engagement,0.4298068656331758,0
17001,0,11,3989.57,0.6931471805599453,2.4849066497880004,8.291689356823657,1,Loyal / High-Value,0.05697029794073164,0
17002,85,3,1493.73,4.454347296253507,1.3862943611198906,7.309700867507591,0,At-Risk / Low-Engagement,0.3425923955545333,0
17004,46,2,1312.1399999999999,3.8501476017100584,1.0986122886681096,7.180176494665863,0,At-Risk / Low-Engagement,0.3944168988651453,0
17006,4,4,781.78,1.6094379124341003,1.6094379124341003,6.6628516858853635,1,Loyal / High-Value,0.23099915848825353,0
17007,50,6,889.9300000000001,3.9318256327243257,1.9459101490553132,6.7922658609726465,1,Loyal / High-Value,0.23559129144657912,0
17010,18,1,195.36,2.9444389791664403,0.6931471805599453,5.279949709189852,0,At-Risk / Low-Engagement,0.5818076121598531,1
17011,30,1,270.9,3.4339872044851463,0.6931471805599453,5.605434351638425,0,At-Risk / Low-Engagement,0.5815591548301489,1
17014,8,3,583.4300000000001,2.1972245773362196,1.3862943611198906,6.370637013261223,1,Loyal / High-Value,0.3109813954362615,0
17015,28,3,1838.6100000000001,3.367295829986474,1.3862943611198906,7.5173088716153345,1,Loyal / High-Value,0.28998452234460853,0
17017,2,20,8694.26,1.0986122886681096,3.044522437723423,9.070533328583988,1,Loyal / High-Value,0.032516813795666004,0
17018,40,2,920.1,3.713572066704308,1.0986122886681096,6.82556860799419,0,At-Risk / Low-Engagement,0.41126097486472796,0
17019,11,4,1258.08,2.4849066497880004,1.6094379124341003,7.138136574519652,1,Loyal / High-Value,0.23572309826420587,0
17022,31,1,71.0,3.4657359027997265,0.6931471805599453,4.276666119016055,0,At-Risk / Low-Engagement,0.6650736215998581,1
17024,45,3,95.85,3.828641396489095,1.3862943611198906,4.573163389853005,0,At-Risk / Low-Engagement,0.4907598887145695,0
17025,60,3,357.77,4.110873864173311,1.3862943611198906,5.882681514648826,0,At-Risk / Low-Engagement,0.41723122929448037,0
17026,185,2,154.82999999999998,5.225746673713202,1.0986122886681096,5.048765669457523,0,At-Risk / Low-Engagement,0.5923381215273873,1
17027,78,6,877.5600000000001,4.3694478524670215,1.9459101490553132,6.778284203530562,1,Loyal / High-Value,0.25024665710200394,0
17029,110,2,716.0,4.709530201312334,1.0986122886681096,6.57507584059962,0,At-Risk / Low-Engagement,0.4701498202716954,0
17030,63,1,146.87,4.1588830833596715,0.6931471805599453,4.996333509385396,0,At-Risk / Low-Engagement,0.6493347275811151,1
17031,11,2,380.35,2.4849066497880004,1.0986122886681096,5.943717588610248,0,At-Risk / Low-Engagement,0.4160473912911272,0
17033,86,3,1030.14,4.465908118654584,1.3862943611198906,6.9384202652929305,0,At-Risk / Low-Engagement,0.36549399827087814,0
17034,16,3,745.52,2.833213344056216,1.3862943611198906,6.615422408314929,1,Loyal / High-Value,0.32086792212700144,0
17035,245,2,433.53000000000003,5.5053315359323625,1.0986122886681096,6.07426498720113,0,At-Risk / Low-Engagement,0.5376989097221789,1
17037,87,1,1267.32,4.477336814478207,0.6931471805599453,7.145448469088846,0,At-Risk / Low-Engagement,0.5257901765352763,1
17038,30,1,112.4,3.4339872044851463,0.6931471805599453,4.730921391293652,0,At-Risk / Low-Engagement,0.6365400095261515,1
17040,137,1,449.73,4.927253685157205,0.6931471805599453,6.110868490605405,0,At-Risk / Low-Engagement,0.6118076931878512,1
17041,26,3,1071.49,3.295836866004329,1.3862943611198906,6.977738326749379,1,Loyal / High-Value,0.31751380474697954,0
17042,2,5,1036.58,1.0986122886681096,1.791759469228055,6.944646357565886,1,Loyal / High-Value,0.17479389721166252,0
17043,32,4,1735.18,3.4965075614664802,1.6094379124341003,7.459442576481153,1,Loyal / High-Value,0.2524640523263055,0
17044,25,1,948.48,3.258096538021482,0.6931471805599453,6.855914466312751,0,At-Risk / Low-Engagement,0.4920079077733214,0
17045,113,3,339.44,4.736198448394496,1.3862943611198906,5.83023889860876,0,At-Risk / Low-Engagement,0.44727848871761683,0
17046,157,1,642.02,5.062595033026967,0.6931471805599453,6.466175827952961,0,At-Risk / Low-Engagement,0.5949554714092359,1
17047,85,3,1100.9,4.454347296253507,1.3862943611198906,7.004791241493732,0,At-Risk / Low-Engagement,0.36097108953260093,0
17048,117,3,925.35,4.770684624465665,1.3862943611198906,6.831252132996021,0,At-Risk / Low-Engagement,0.3845387118836529,0
17049,2,9,5655.03,1.0986122886681096,2.302585092994046,8.64047751166418,1,Loyal / High-Value,0.07434129287081423,0
17050,96,6,3185.64,4.574710978503383,1.9459101490553132,8.066722349141488,1,Loyal / High-Value,0.1974548440079542,0
17051,194,1,240.89000000000001,5.272999558563747,0.6931471805599453,5.48848307736504,0,At-Risk / Low-Engagement,0.6636301919770392,1
17052,28,1,399.09,3.367295829986474,0.6931471805599453,5.9916895217992785,0,At-Risk / Low-Engagement,0.5536617025102168,1
17053,130,1,498.48,4.875197323201151,0.6931471805599453,6.213567557246944,0,At-Risk / Low-Engagement,0.6031779348965736,1
17054,28,5,1356.33,3.367295829986474,1.791759469228055,7.213274813763555,1,Loyal / High-Value,0.2263568892488607,0
17058,81,3,1179.89,4.406719247264253,1.3862943611198906,7.074023670453844,0,At-Risk / Low-Engagement,0.3548637156563087,0
17059,29,5,3080.39,3.4011973816621555,1.791759469228055,8.033136072864288,1,Loyal / High-Value,0.1915667725633727,0
17060,266,1,234.24,5.58724865840025,0.6931471805599453,5.460606269591755,0,At-Risk / Low-Engagement,0.6773162801507354,1
17061,73,11,5232.2300000000005,4.304065093204169,2.4849066497880004,8.56278395725042,1,Loyal / High-Value,0.10615168465089773,0
17062,313,4,533.33,5.749392985908253,1.6094379124341003,6.281013625618804,0,At-Risk / Low-Engagement,0.4009927144809124,0
17063,21,7,1461.14,3.091042453358316,2.0794415416798357,7.287656394959027,1,Loyal / High-Value,0.1693382558732958,0
17064,58,3,855.45,4.07753744390572,1.3862943611198906,6.752795938943994,0,At-Risk / Low-Engagement,0.3612418730195618,0
17068,12,21,4552.14,2.5649493574615367,3.091042453358316,8.423572383818774,1,Loyal / High-Value,0.04676610995096659,0
17069,28,9,2709.7000000000003,3.367295829986474,2.302585092994046,7.904962183102404,1,Loyal / High-Value,0.12638147303664207,0
17070,114,1,304.24,4.74493212836325,0.6931471805599453,5.721098352421432,0,At-Risk / Low-Engagement,0.6286187839060532,1
17071,28,9,2429.03,3.367295829986474,2.302585092994046,7.795658881937399,1,Loyal / High-Value,0.1296065909649169,0
17073,17,4,1446.09,2.8903717578961645,1.6094379124341003,7.277309922347601,1,Loyal / High-Value,0.24183572023874012,0
17075,17,4,834.12,2.8903717578961645,1.6094379124341003,6.727575427100043,1,Loyal / High-Value,0.2694717341555406,0
17076,36,3,841.0799999999999,3.6109179126442243,1.3862943611198906,6.735875021605469,0,At-Risk / Low-Engagement,0.34376703854244384,0
17078,36,2,378.2,3.6109179126442243,1.0986122886681096,5.938063770380866,0,At-Risk / Low-Engagement,0.464572130937364,0
17079,78,1,118.80000000000001,4.3694478524670215,0.6931471805599453,4.785823685681349,0,At-Risk / Low-Engagement,0.6700349308103212,1
17080,22,2,287.62,3.1354942159291497,1.0986122886681096,5.665110944007932,0,At-Risk / Low-Engagement,0.461982724307494,0
17081,25,2,288.91,3.258096538021482,1.0986122886681096,5.669570529986012,0,At-Risk / Low-Engagement,0.4669862461400623,0
17082,33,2,2003.85,3.5263605246161616,1.0986122886681096,7.603324523974459,1,Loyal / High-Value,0.3550550059861431,0
17083,109,3,1405.78,4.700480365792417,1.3862943611198906,7.249058683836842,0,At-Risk / Low-Engagement,0.3559514708677699,0
17084,35,2,2747.9900000000002,3.58351893845611,1.0986122886681096,7.918988850472198,1,Loyal / High-Value,0.33840307385495866,0
17085,123,5,1562.4,4.820281565605037,1.791759469228055,7.35461821578623,1,Loyal / High-Value,0.26619836038118516,0
17086,7,6,2050.08,2.0794415416798357,1.9459101490553132,7.626121762674929,1,Loyal / High-Value,0.15197471738683513,0
17088,28,4,1991.01,3.367295829986474,1.6094379124341003,7.596899458212264,1,Loyal / High-Value,0.2415323602278153,0
17090,4,7,1974.65,1.6094379124341003,2.0794415416798357,7.588652737113165,1,Loyal / High-Value,0.12705634867956345,0
17091,2,9,3827.76,1.0986122886681096,2.302585092994046,8.250296269962053,1,Loyal / High-Value,0.0817589841818987,0
17092,50,4,1774.03,3.9318256327243257,1.6094379124341003,7.48157260317514,1,Loyal / High-Value,0.2658553104896799,0
17094,322,1,302.0,5.777652323222656,0.6931471805599453,5.713732805509369,0,At-Risk / Low-Engagement,0.664639458548171,1
17095,22,3,1324.16,3.1354942159291497,1.3862943611198906,7.18928848584704,1,Loyal / High-Value,0.2996427116481515,0
17096,15,4,1022.13,2.772588722239781,1.6094379124341003,6.930621835101851,1,Loyal / High-Value,0.25512878690301416,0
17097,2,8,954.42,1.0986122886681096,2.1972245773362196,6.862151034377116,1,Loyal / High-Value,0.12519441137219006,0
17100,18,2,971.74,2.9444389791664403,1.0986122886681096,6.880116831678181,0,At-Risk / Low-Engagement,0.3759517685970895,0
17101,10,4,1621.73,2.3978952727983707,1.6094379124341003,7.391865195080271,1,Loyal / High-Value,0.22123819830237182,0
17102,261,1,25.5,5.568344503761097,0.6931471805599453,3.9740583963475986,0,At-Risk / Low-Engagement,0.7591575074655472,1
17105,159,2,665.78,5.075173815233827,1.0986122886681096,6.50246015642561,0,At-Risk / Low-Engagement,0.4907919297540574,0
17107,33,6,10797.48,3.5263605246161616,1.9459101490553132,9.287160662466663,1,Loyal / High-Value,0.12931585330451456,0
17109,29,6,881.29,3.4011973816621555,1.9459101490553132,6.782520800150454,1,Loyal / High-Value,0.21984113229803787,0
17110,165,1,163.29999999999998,5.111987788356544,0.6931471805599453,5.101694025043222,0,At-Risk / Low-Engagement,0.6800074027398966,1
17111,47,1,231.61,3.8712010109078907,0.6931471805599453,5.449363231421816,0,At-Risk / Low-Engagement,0.6097777926604918,1
17114,5,8,801.12,1.791759469228055,2.1972245773362196,6.687258222608833,1,Loyal / High-Value,0.14461164615145472,0
17115,8,3,837.5,2.1972245773362196,1.3862943611198906,6.731614581263264,1,Loyal / High-Value,0.2909098472355749,0
17117,288,1,116.19999999999999,5.666426688112432,0.6931471805599453,4.763881877142913,0,At-Risk / Low-Engagement,0.718120361421029,1
17118,317,1,157.02,5.762051382780177,0.6931471805599453,5.062721607294587,0,At-Risk / Low-Engagement,0.7018558086283065,1
17119,3,2,606.91,1.3862943611198906,1.0986122886681096,6.410026844693401,1,Loyal / High-Value,0.3422868818158851,0
17120,233,1,307.46,5.455321115357702,0.6931471805599453,5.731592175295468,0,At-Risk / Low-Engagement,0.6563135453672337,1
17122,119,1,138.32,4.787491742782046,0.6931471805599453,4.9367734454978,0,At-Risk / Low-Engagement,0.6772244063464417,1
17123,161,1,345.29999999999995,5.087596335232384,0.6931471805599453,5.847305451408376,0,At-Risk / Low-Engagement,0.6347031176269785,1
17124,185,1,294.24,5.225746673713202,0.6931471805599453,5.687788584901852,0,At-Risk / Low-Engagement,0.6499034410076686,1
17125,50,1,230.5,3.9318256327243257,0.6931471805599453,5.444579873526289,0,At-Risk / Low-Engagement,0.612580614289663,1
17126,152,5,989.45,5.030437921392435,1.791759469228055,6.89815938530869,0,At-Risk / Low-Engagement,0.2980046048587889,0
17128,334,1,157.09,5.814130531825066,0.6931471805599453,5.063164491108096,0,At-Risk / Low-Engagement,0.7018313068521164,1
17131,5,5,2463.17,1.791759469228055,1.791759469228055,7.8096103157799615,1,Loyal / High-Value,0.159720461592574,0
17133,15,7,4892.240000000001,2.772588722239781,2.0794415416798357,8.495609939749013,1,Loyal / High-Value,0.12292787868289037,0
17134,106,2,413.2,4.672828834461906,1.0986122886681096,6.026348948961484,0,At-Risk / Low-Engagement,0.5047881289813586,1
17135,16,7,1139.73,2.833213344056216,2.0794415416798357,7.039423687328594,1,Loyal / High-Value,0.17229057083694216,0
17138,275,1,380.5,5.62040086571715,0.6931471805599453,5.9441108507245115,0,At-Risk / Low-Engagement,0.650081285490064,1
17139,15,12,10650.77,2.772588722239781,2.5649493574615367,9.273481354511448,1,Loyal / High-Value,0.0649931495384817,0
17140,247,1,454.12,5.5134287461649825,0.6931471805599453,6.1205611204423915,0,At-Risk / Low-Engagement,0.6351018770379695,1
17142,239,1,579.0,5.480638923341991,0.6931471805599453,6.363028103540465,0,At-Risk / Low-Engagement,0.6187790979418339,1
17144,1,2,984.57,0.6931471805599453,1.0986122886681096,6.893220154004312,1,Loyal / High-Value,0.28879220503106395,0
17146,105,3,749.78,4.663439094112067,1.3862943611198906,6.621112666105018,0,At-Risk / Low-Engagement,0.39331496471787153,0
17147,22,4,1714.59,3.1354942159291497,1.6094379124341003,7.447512323761201,1,Loyal / High-Value,0.24139186492990447,0
17148,51,1,124.88,3.9512437185814275,0.6931471805599453,4.835329072196206,0,At-Risk / Low-Engagement,0.6508135605487959,1
17152,194,3,1689.5,5.272999558563747,1.3862943611198906,7.43277962214794,0,At-Risk / Low-Engagement,0.36769675669785584,0
17153,24,1,213.78,3.2188758248682006,0.6931471805599453,5.369614248430071,0,At-Risk / Low-Engagement,0.5876259747022285,1
17154,75,1,329.34,4.330733340286331,0.6931471805599453,5.800122427092944,0,At-Risk / Low-Engagement,0.6066999963722508,1
17155,17,2,251.70000000000002,2.8903717578961645,1.0986122886681096,5.532203014394149,0,At-Risk / Low-Engagement,0.4601346341440676,0
17157,7,2,319.0,2.0794415416798357,1.0986122886681096,5.768320995793772,0,At-Risk / Low-Engagement,0.41021540151573316,0
17158,32,3,1266.97,3.4965075614664802,1.3862943611198906,7.145172475411292,1,Loyal / High-Value,0.3154779076236149,0
17159,21,3,1538.88,3.091042453358316,1.3862943611198906,7.33945977029367,1,Loyal / High-Value,0.2897862453246803,0
17160,31,6,3518.03,3.4657359027997265,1.9459101490553132,8.165940662434437,1,Loyal / High-Value,0.16504953288659455,0
17162,28,10,1715.46,3.367295829986474,2.3978952727983707,7.448019309392898,1,Loyal / High-Value,0.12899983802770149,0
17163,21,2,293.1,3.091042453358316,1.0986122886681096,5.68391984555995,0,At-Risk / Low-Engagement,0.4588292719783858,0
17164,32,7,2467.35,3.4965075614664802,2.0794415416798357,7.811305190205457,1,Loyal / High-Value,0.15998497388074323,0
17165,284,1,158.68,5.652489180268651,0.6931471805599453,5.073171812563154,0,At-Risk / Low-Engagement,0.7012773606488354,1
17166,38,2,206.34,3.6635616461296463,1.0986122886681096,5.334359957894966,0,At-Risk / Low-Engagement,0.5066994921182001,1
17169,57,2,835.78,4.060443010546419,1.0986122886681096,6.729561192451421,0,At-Risk / Low-Engagement,0.43214007963297013,0
17171,289,1,224.91,5.66988092298052,0.6931471805599453,5.420136689869131,0,At-Risk / Low-Engagement,0.6817137068025005,1
17172,78,1,317.76,4.3694478524670215,0.6931471805599453,5.764438468529548,0,At-Risk / Low-Engagement,0.6105488963273936,1
17173,5,8,3766.6,1.791759469228055,2.1972245773362196,8.234193472948663,1,Loyal / High-Value,0.10097140945978164,0
17174,217,1,59.9,5.384495062789089,0.6931471805599453,4.109233174715851,0,At-Risk / Low-Engagement,0.7433628563185919,1
17175,44,4,1443.69,3.8066624897703196,1.6094379124341003,7.275650044659092,1,Loyal / High-Value,0.2722865540148427,0
17176,201,1,306.13,5.308267697401205,0.6931471805599453,5.7272711107251055,0,At-Risk / Low-Engagement,0.6507891005458778,1
17179,178,3,711.79,5.187385805840755,1.3862943611198906,6.569186846877494,0,At-Risk / Low-Engagement,0.4185650196465579,0
17180,56,4,783.97,4.04305126783455,1.6094379124341003,6.665645500491627,0,At-Risk / Low-Engagement,0.31416407921448464,0
17181,57,2,239.92000000000002,4.060443010546419,1.0986122886681096,5.4844649281755204,0,At-Risk / Low-Engagement,0.5140087122404369,1
17183,7,6,3347.31,2.0794415416798357,1.9459101490553132,8.116211019915529,1,Loyal / High-Value,0.13601802688963133,0
17186,46,2,144.0,3.8501476017100584,1.0986122886681096,4.976733742420574,0,At-Risk / Low-Engagement,0.5383633728307892,1
17187,226,1,203.95,5.424950017481403,0.6931471805599453,5.322766046950346,0,At-Risk / Low-Engagement,0.6791172148312495,1
17188,11,7,2474.23,2.4849066497880004,2.0794415416798357,7.814088599978061,1,Loyal / High-Value,0.13766977354879842,0
17189,106,2,383.75,4.672828834461906,1.0986122886681096,5.952593772718989,0,At-Risk / Low-Engagement,0.5096618607731339,1
17190,58,2,444.74,4.07753744390572,1.0986122886681096,6.09973582239177,0,At-Risk / Low-Engagement,0.47411200313293933,0
17191,28,7,2093.68,3.367295829986474,2.0794415416798357,7.647156076059518,1,Loyal / High-Value,0.16282114263100703,0
17193,35,7,1699.3000000000002,3.58351893845611,2.0794415416798357,7.43855998506344,1,Loyal / High-Value,0.17585571805794256,0
17194,273,2,262.62,5.6131281063880705,1.0986122886681096,5.57450867228432,0,At-Risk / Low-Engagement,0.5749141233341455,1
17197,29,1,1013.01,3.4011973816621555,0.6931471805599453,6.921668046035439,0,At-Risk / Low-Engagement,0.4938753900351918,0
17198,23,3,692.22,3.1780538303479458,1.3862943611198906,6.541347409127499,0,At-Risk / Low-Engagement,0.3384280803726773,0
17201,53,1,289.78,3.9889840465642745,0.6931471805599453,5.672566967503279,0,At-Risk / Low-Engagement,0.6005665044965439,1
17203,35,6,3560.08,3.58351893845611,1.9459101490553132,8.17781914862498,1,Loyal / High-Value,0.16744986231868636,0
17204,175,4,1564.56,5.170483995038151,1.6094379124341003,7.355998866445309,0,At-Risk / Low-Engagement,0.31703900619463976,0
17205,53,1,384.08,3.9889840465642745,0.6931471805599453,5.953451104909766,0,At-Risk / Low-Engagement,0.5826269970652596,1
17206,53,1,204.24,3.9889840465642745,0.6931471805599453,5.324180026073764,0,At-Risk / Low-Engagement,0.6224432347715514,1
17211,26,8,2317.2200000000003,3.295836866004329,2.1972245773362196,7.748554928800743,1,Loyal / High-Value,0.1422357827303985,0
17212,253,1,226.85,5.537334267018537,0.6931471805599453,5.428687517709892,0,At-Risk / Low-Engagement,0.6772657821226356,1
17213,40,7,2781.23,3.713572066704308,2.0794415416798357,7.931008043401064,1,Loyal / High-Value,0.16080041000526743,0
17214,60,6,1059.1200000000001,4.110873864173311,1.9459101490553132,6.966137388245792,1,Loyal / High-Value,0.23292414183650376,0
17217,234,1,113.5,5.459585514144159,0.6931471805599453,4.740574822994295,0,At-Risk / Low-Engagement,0.7129288411269676,1
17218,4,10,1951.97,1.6094379124341003,2.3978952727983707,7.577106569775595,1,Loyal / High-Value,0.09541154450059211,0
17219,31,1,114.23,3.4657359027997265,0.6931471805599453,4.746930131025923,0,At-Risk / Low-Engagement,0.6368365763866083,1
17220,24,14,3187.55,3.2188758248682006,2.70805020110221,8.067321546987245,1,Loyal / High-Value,0.08196373075513813,0
17221,7,2,334.48,2.0794415416798357,1.0986122886681096,5.815562342116211,0,At-Risk / Low-Engagement,0.40719712842889105,0
17222,65,1,328.65,4.189654742026425,0.6931471805599453,5.798031485559308,0,At-Risk / Low-Engagement,0.6009705327463024,1
17223,310,2,416.89,5.739792912179234,1.0986122886681096,6.035218239997905,0,At-Risk / Low-Engagement,0.5461500662025317,1
17226,308,1,393.49,5.733341276897746,0.6931471805599453,5.977593791422191,0,At-Risk / Low-Engagement,0.6489164681363215,1
17227,18,6,939.32,2.9444389791664403,1.9459101490553132,6.84622024286434,1,Loyal / High-Value,0.20379091150553966,0
17228,15,8,1906.09,2.772588722239781,2.1972245773362196,7.553333799033199,1,Loyal / High-Value,0.13751152844593,0
17229,96,2,318.76,4.574710978503383,1.0986122886681096,5.767570714403068,0,At-Risk / Low-Engagement,0.5176241920075124,1
17230,264,8,3638.41,5.579729825986222,2.1972245773362196,8.199576859581033,1,Loyal / High-Value,0.1795507526145801,0
17231,12,10,3124.72,2.5649493574615367,2.3978952727983707,8.047419935632497,1,Loyal / High-Value,0.09906490980440119,0
17232,2,2,417.77,1.0986122886681096,1.0986122886681096,6.037321843192776,1,Loyal / High-Value,0.35330284413939306,0
17233,35,1,190.88,3.58351893845611,0.6931471805599453,5.256870176633863,0,At-Risk / Low-Engagement,0.6099974617117028,1
17234,182,1,149.89000000000001,5.209486152841421,0.6931471805599453,5.0165510945255605,0,At-Risk / Low-Engagement,0.6885287627433074,1
17235,25,2,550.06,3.258096538021482,1.0986122886681096,6.311843696146471,0,At-Risk / Low-Engagement,0.4250565401706476,0
17236,12,6,916.13,2.5649493574615367,1.9459101490553132,6.821249228838842,1,Loyal / High-Value,0.19433587088069523,0
17237,11,2,314.69,2.4849066497880004,1.0986122886681096,5.754760719420831,0,At-Risk / Low-Engagement,0.4282328217916721,0
17238,2,17,3719.1,1.0986122886681096,2.8903717578961645,8.221505828626315,1,Loyal / High-Value,0.04692633036208445,0
17239,312,1,382.5,5.746203190540153,0.6931471805599453,5.949339620807311,0,At-Risk / Low-Engagement,0.6506163557879809,1
17242,108,2,1135.04,4.6913478822291435,1.0986122886681096,7.0353038099288,0,At-Risk / Low-Engagement,0.43920860010270346,0
17243,1,26,8540.05,0.6931471805599453,3.295836866004329,9.052639230044456,1,Loyal / High-Value,0.026728041901444108,0
17244,53,1,954.9,3.9889840465642745,0.6931471805599453,6.862653305069717,0,At-Risk / Low-Engagement,0.5232818901030181,1
17245,204,1,171.45,5.3230099791384085,0.6931471805599453,5.15010733938285,0,At-Risk / Low-Engagement,0.6851753235265241,1
17247,15,1,280.09000000000003,2.772588722239781,0.6931471805599453,5.6386749027510605,0,At-Risk / Low-Engagement,0.5511976897173683,1
17248,120,1,318.65,4.795790545596741,0.6931471805599453,5.767226647212736,0,At-Risk / Low-Engagement,0.627833640335992,1
17250,3,2,381.97,1.3862943611198906,1.0986122886681096,5.947956657131048,1,Loyal / High-Value,0.370293241023564,0
17251,362,1,269.83,5.8944028342648505,0.6931471805599453,5.601491317767735,0,At-Risk / Low-Engagement,0.6712209821676953,1
17252,116,2,348.91,4.762173934797756,1.0986122886681096,5.857675978559423,0,At-Risk / Low-Engagement,0.5198057903237833,1
17253,18,1,178.26,2.9444389791664403,0.6931471805599453,5.188837265929216,0,At-Risk / Low-Engagement,0.5876565974897661,1
17254,4,2,271.19,1.6094379124341003,1.0986122886681096,5.606500351849647,0,At-Risk / Low-Engagement,0.40084916451247526,0
17255,40,2,291.48,3.713572066704308,1.0986122886681096,5.678396288265786,0,At-Risk / Low-Engagement,0.4861362204913885,0
17256,107,2,240.0,4.68213122712422,1.0986122886681096,5.484796933490655,0,At-Risk / Low-Engagement,0.5408940949684458,1
17259,148,2,581.23,5.003946305945459,1.0986122886681096,6.366865558668267,0,At-Risk / Low-Engagement,0.4966600813806467,0
17262,52,5,1253.3600000000001,3.970291913552122,1.791759469228055,7.134380761332616,1,Loyal / High-Value,0.24910229526292688,0
17263,208,1,63.440000000000005,5.342334251964811,0.6931471805599453,4.165734558308774,0,At-Risk / Low-Engagement,0.7390931561339988,1
17265,138,2,550.01,4.9344739331306915,1.0986122886681096,6.311752957808554,0,At-Risk / Low-Engagement,0.49728602177028713,0
17266,2,3,296.58,1.0986122886681096,1.3862943611198906,5.695683096399551,1,Loyal / High-Value,0.30833588823706387,0
17267,127,2,317.2,4.852030263919617,1.0986122886681096,5.762680115903686,0,At-Risk / Low-Engagement,0.5299606770048417,1
17268,107,4,763.64,4.68213122712422,1.6094379124341003,6.639405134829848,0,At-Risk / Low-Engagement,0.34011448691656027,0
17272,42,4,2148.63,3.7612001156935624,1.6094379124341003,7.673051013288749,1,Loyal / High-Value,0.250487823504113,0
17274,35,1,107.82,3.58351893845611,0.6931471805599453,4.689695141057779,0,At-Risk / Low-Engagement,0.6450267687516693,1
17277,227,2,1065.3500000000001,5.429345628954441,1.0986122886681096,6.9719968810436015,0,At-Risk / Low-Engagement,0.47515671534569265,0
17278,241,1,246.04,5.488937726156687,0.6931471805599453,5.509550266836412,0,At-Risk / Low-Engagement,0.6707215754718795,1
17279,57,1,187.82999999999998,4.060443010546419,0.6931471805599453,5.240847139393487,0,At-Risk / Low-Engagement,0.630502808406673,1
17282,130,3,1685.46,4.875197323201151,1.3862943611198906,7.430386936461763,0,At-Risk / Low-Engagement,0.35192870283795896,0
17284,60,6,1647.48,4.110873864173311,1.9459101490553132,7.407608930196758,1,Loyal / High-Value,0.21272327274255734,0
17286,21,1,151.37,3.091042453358316,0.6931471805599453,5.026311773481264,0,At-Risk / Low-Engagement,0.6041333957173144,1
17287,26,7,1049.06,3.295836866004329,2.0794415416798357,6.956602584376121,1,Loyal / High-Value,0.18736387952781816,0
17288,9,7,1417.63,2.302585092994046,2.0794415416798357,7.257446896154699,1,Loyal / High-Value,0.15196332475890617,0
17289,31,3,931.02,3.4657359027997265,1.3862943611198906,6.837354273682813,1,Loyal / High-Value,0.332123362013598,0
17290,3,2,513.01,1.3862943611198906,1.0986122886681096,6.242242720518832,1,Loyal / High-Value,0.3523417900439636,0
17291,308,1,550.8000000000001,5.733341276897746,0.6931471805599453,6.313185661783185,0,At-Risk / Low-Engagement,0.6284462899716177,1
17293,8,9,1854.06,2.1972245773362196,2.302585092994046,7.525672319531924,1,Loyal / High-Value,0.11544475856334414,0
17295,28,3,547.0,3.367295829986474,1.3862943611198906,6.306275286948016,0,At-Risk / Low-Engagement,0.3600170586937483,0
17297,17,1,128.18,2.8903717578961645,0.6931471805599453,4.861206780604327,0,At-Risk / Low-Engagement,0.6062349525339662,1
17298,101,2,498.42,4.624972813284271,1.0986122886681096,6.21344742510144,0,At-Risk / Low-Engagement,0.4903453295907906,0
17299,11,4,656.61,2.4849066497880004,1.6094379124341003,6.4886120504389995,1,Loyal / High-Value,0.2680471543038737,0
17301,21,1,163.24,3.091042453358316,0.6931471805599453,5.101328772710678,0,At-Risk / Low-Engagement,0.5993806100155289,1
17302,14,5,1135.63,2.70805020110221,1.791759469228055,7.035823023024634,1,Loyal / High-Value,0.21473984215920802,0
17303,361,1,250.04,5.891644211825771,0.6931471805599453,5.525612288984722,0,At-Risk / Low-Engagement,0.6756327327502745,1
17306,10,19,8631.31,2.3978952727983707,2.995732273553991,9.063267419175418,1,Loyal / High-Value,0.04247076070549521,0
17309,95,1,82.75,4.564348191467836,0.6931471805599453,4.427836170705175,0,At-Risk / Low-Engagement,0.6977990142465653,1
17311,78,2,1384.85,4.3694478524670215,1.0986122886681096,7.234068948784864,0,At-Risk / Low-Engagement,0.4126953208607188,0
17312,138,3,644.3,4.9344739331306915,1.3862943611198906,6.469715324941794,0,At-Risk / Low-Engagement,0.41428064127127207,0
17313,31,1,2328.84,3.4657359027997265,0.6931471805599453,7.7535548746739895,0,At-Risk / Low-Engagement,0.4419574712641018,0
17314,24,8,2527.92,3.2188758248682006,2.1972245773362196,7.835547613113086,1,Loyal / High-Value,0.13785639583310974,0
17315,1,38,6281.23,0.6931471805599453,3.4339872044851463,8.745480291972145,1,Loyal / High-Value,0.028923675276527134,0
17317,46,3,2600.34,3.8501476017100584,1.3862943611198906,7.863781975859922,1,Loyal / High-Value,0.2883949277840941,0
17320,100,3,1200.6200000000001,4.61512051684126,1.3862943611198906,7.091425925345387,0,At-Risk / Low-Engagement,0.36212996995029545,0
17321,8,2,657.16,2.1972245773362196,1.0986122886681096,6.489448062860675,1,Loyal / High-Value,0.36975534813585065,0
17323,15,7,906.52,2.772588722239781,2.0794415416798357,6.810715604463653,1,Loyal / High-Value,0.1795286009047299,0
17324,17,4,986.48,2.8903717578961645,1.6094379124341003,6.895156243405622,1,Loyal / High-Value,0.26083967641794426,0
17325,280,1,96.8,5.638354669333745,0.6931471805599453,4.582924577040772,0,At-Risk / Low-Engagement,0.7275803851409455,1
17329,14,2,523.11,2.70805020110221,1.0986122886681096,6.261701585954275,0,At-Risk / Low-Engagement,0.40508286168155033,0
17330,22,2,363.9,3.1354942159291497,1.0986122886681096,5.899623343442402,0,At-Risk / Low-Engagement,0.44661357602422935,0
17331,123,1,175.2,4.820281565605037,0.6931471805599453,5.171619713502079,0,At-Risk / Low-Engagement,0.6647763457302718,1
17333,85,1,494.25,4.454347296253507,0.6931471805599453,6.20506268557866,0,At-Risk / Low-Engagement,0.5861022806918481,1
17334,302,2,307.02,5.713732805509369,1.0986122886681096,5.73016471593032,0,At-Risk / Low-Engagement,0.5660556856616371,1
17337,151,4,1981.06,5.0238805208462765,1.6094379124341003,7.591891986883801,1,Loyal / High-Value,0.2983345736339581,0
17338,17,8,6493.54,2.8903717578961645,2.1972245773362196,8.778717102886036,1,Loyal / High-Value,0.10530526449666942,0
17339,94,2,243.36,4.553876891600541,1.0986122886681096,5.498642547781566,0,At-Risk / Low-Engagement,0.5344467638104271,1
17340,29,11,12353.29,3.4011973816621555,2.4849066497880004,9.421758650158734,1,Loyal / High-Value,0.0748424512195681,0
17341,156,3,682.29,5.056245805348308,1.3862943611198906,6.5269193668194045,0,At-Risk / Low-Engagement,0.4157438825093545,0
17343,355,1,193.64,5.87493073085203,0.6931471805599453,5.271151698475267,0,At-Risk / Low-Engagement,0.690198331739235,1
17344,46,1,157.62,3.8501476017100584,0.6931471805599453,5.066511404655174,0,At-Risk / Low-Engagement,0.6327281680308018,1
17345,15,4,519.6899999999999,2.772588722239781,1.6094379124341003,6.255154855067978,1,Loyal / High-Value,0.29051892301423105,0
17346,3,15,2622.88,1.3862943611198906,2.772588722239781,7.872409417310936,1,Loyal / High-Value,0.060164953822070884,0
17347,86,1,228.96,4.465908118654584,0.6931471805599453,5.43790538075509,0,At-Risk / Low-Engagement,0.6347622413221934,1
17348,14,5,1156.6,2.70805020110221,1.791759469228055,7.054104175317274,1,Loyal / High-Value,0.2139259744586023,0
17349,179,1,98.25,5.19295685089021,0.6931471805599453,4.5976419195673,0,At-Risk / Low-Engagement,0.7111814507346759,1
17350,8,4,1281.32,2.1972245773362196,1.6094379124341003,7.156426216317626,1,Loyal / High-Value,0.22599330862321432,0
17351,36,3,587.15,3.6109179126442243,1.3862943611198906,6.37698201740645,0,At-Risk / Low-Engagement,0.36547735089069294,0
17353,129,2,1740.0,4.867534450455582,1.0986122886681096,7.462214939768189,0,At-Risk / Low-Engagement,0.4190588472559172,0
17354,50,1,1393.06,3.9318256327243257,0.6931471805599453,7.239975632001093,0,At-Risk / Low-Engagement,0.495878063029257,0
17356,311,1,178.22,5.7430031878094825,0.6931471805599453,5.188614101456073,0,At-Risk / Low-Engagement,0.6948447342631133,1
17357,24,2,384.39,3.2188758248682006,1.0986122886681096,5.954255808575653,0,At-Risk / Low-Engagement,0.44662320852174664,0
17358,303,2,360.81,5.717027701406222,1.0986122886681096,5.891119212159107,0,At-Risk / Low-Engagement,0.5555753242330407,1
17359,11,1,127.86,2.4849066497880004,0.6931471805599453,4.858726543710496,0,At-Risk / Low-Engagement,0.5894624972829033,1
17360,17,3,568.24,2.8903717578961645,1.3862943611198906,6.344302137815459,0,At-Risk / Low-Engagement,0.3389044163412221,0
17361,49,3,488.2,3.912023005428146,1.3862943611198906,6.192771403813017,0,At-Risk / Low-Engagement,0.38920176101094583,0
17362,239,2,312.23,5.480638923341991,1.0986122886681096,5.746937744970129,0,At-Risk / Low-Engagement,0.5580695855925607,1
17364,0,11,4462.68,0.6931471805599453,2.4849066497880004,8.40372881690387,1,Loyal / High-Value,0.05539966508684729,0
17365,12,8,4767.36,2.5649493574615367,2.1972245773362196,8.469757709250656,1,Loyal / High-Value,0.10769930820087216,0
17367,238,1,167.55,5.476463551931511,0.6931471805599453,5.12723244168007,0,At-Risk / Low-Engagement,0.6921861591704732,1
17368,23,8,1878.87,3.1780538303479458,2.1972245773362196,7.538957904496927,1,Loyal / High-Value,0.14655400662517998,0
17370,72,4,446.18,4.290459441148391,1.6094379124341003,6.102961198121657,0,At-Risk / Low-Engagement,0.3568665997909465,0
17371,17,3,418.4,2.8903717578961645,1.3862943611198906,6.03882511846782,0,At-Risk / Low-Engagement,0.35722720436522815,0
17372,40,8,1337.18,3.713572066704308,2.1972245773362196,7.199065760787922,1,Loyal / High-Value,0.17093507355057896,0
17373,40,4,646.92,3.713572066704308,1.6094379124341003,6.473767231940735,0,At-Risk / Low-Engagement,0.3127654672860855,0
17374,218,2,495.77,5.389071729816501,1.0986122886681096,6.208127142322502,0,At-Risk / Low-Engagement,0.5238566701446161,1
17375,199,3,400.1,5.298317366548036,1.3862943611198906,5.9942107727760074,0,At-Risk / Low-Engagement,0.4607337878996562,0
17376,70,2,203.2,4.2626798770413155,1.0986122886681096,5.319099905730565,0,At-Risk / Low-Engagement,0.5336726164810757,1
17377,23,20,4058.32,3.1780538303479458,3.044522437723423,8.30877075088342,1,Loyal / High-Value,0.05570488783335242,0
17379,11,1,389.71999999999997,2.4849066497880004,0.6931471805599453,5.96799119092234,0,At-Risk / Low-Engagement,0.5171133237648563,1
17381,8,29,20275.61,2.1972245773362196,3.4011973816621555,9.892501674765558,1,Loyal / High-Value,0.03005426914893041,0
17382,65,1,65.4,4.189654742026425,0.6931471805599453,4.1956970564823886,0,At-Risk / Low-Engagement,0.697016469623553,1
17383,4,1,193.39000000000001,1.6094379124341003,0.6931471805599453,5.269866450374021,0,At-Risk / Low-Engagement,0.5252255844447044,1
17384,19,2,336.4,2.995732273553991,1.0986122886681096,5.821269170111868,0,At-Risk / Low-Engagement,0.44573384359671464,0
17385,14,1,256.11,2.70805020110221,0.6931471805599453,5.549504008886889,0,At-Risk / Low-Engagement,0.5542545626713337,1
17386,7,6,2686.42,2.0794415416798357,1.9459101490553132,7.896336904550998,1,Loyal / High-Value,0.1429949036630926,0
17387,19,2,746.81,2.995732273553991,1.0986122886681096,6.617148935013109,0,At-Risk / Low-Engagement,0.39452396760977293,0
17388,77,4,1259.56,4.356708826689592,1.6094379124341003,7.13931134565379,1,Loyal / High-Value,0.29912454791397974,0
17389,0,34,31833.68,0.6931471805599453,3.4339872044851463,9.892501674765558,1,Loyal / High-Value,0.02071690571681293,0
17391,163,2,508.8,5.099866427824199,1.0986122886681096,6.234018491942015,0,At-Risk / Low-Engagement,0.5096043533361472,1
17392,306,2,417.27,5.726847747587197,1.0986122886681096,6.036127157014171,0,At-Risk / Low-Engagement,0.5460905032029538,1
17394,219,1,203.86999999999998,5.393627546352361,0.6931471805599453,5.3223756316411075,0,At-Risk / Low-Engagement,0.677953043567228,1
17396,39,8,7330.8,3.6888794541139363,2.1972245773362196,8.899976330900701,1,Loyal / High-Value,0.1157830038970033,0
17397,22,2,681.41,3.1354942159291497,1.0986122886681096,6.52563065023188,0,At-Risk / Low-Engagement,0.4061595617217518,0
17398,114,3,653.38,4.74493212836325,1.3862943611198906,6.483688222474311,0,At-Risk / Low-Engagement,0.4054245786086985,0
17400,126,5,2097.84,4.844187086458591,1.791759469228055,7.649140090140571,1,Loyal / High-Value,0.25204982280752286,0
17402,4,13,2633.85,1.6094379124341003,2.639057329615259,7.8765815333589115,1,Loyal / High-Value,0.07078819671935183,0
17403,36,1,263.92,3.6109179126442243,0.6931471805599453,5.579427893616779,0,At-Risk / Low-Engagement,0.5906815814225553,1
17404,4,15,31906.82,1.6094379124341003,2.772588722239781,9.892501674765558,1,Loyal / High-Value,0.04060507179234185,0
17405,1,3,1031.41,0.6931471805599453,1.3862943611198906,6.9396511539657,1,Loyal / High-Value,0.23019471776063444,0
17406,333,3,2184.42,5.8111409929767,1.3862943611198906,7.689563308737489,0,At-Risk / Low-Engagement,0.3668108848028442,0
17408,163,1,32.65,5.099866427824199,0.6931471805599453,3.9740583963475986,0,At-Risk / Low-Engagement,0.7439681346394617,1
17409,184,2,771.85,5.220355825078325,1.0986122886681096,6.6500849805983275,0,At-Risk / Low-Engagement,0.48734060740758,0
17410,16,5,1214.72,2.833213344056216,1.791759469228055,7.1030917728535865,1,Loyal / High-Value,0.21540755634941633,0
17411,12,3,778.94,2.5649493574615367,1.3862943611198906,6.659216993647982,1,Loyal / High-Value,0.30832558889028394,0
17412,2,7,1258.06,1.0986122886681096,2.0794415416798357,7.138120689779327,1,Loyal / High-Value,0.13046480783833472,0
17414,43,2,778.0,3.784189633918261,1.0986122886681096,6.658011045870748,0,At-Risk / Low-Engagement,0.42502192618500567,0
17415,79,1,507.84,4.382026634673881,0.6931471805599453,6.23213362528801,0,At-Risk / Low-Engagement,0.5813109143510808,1
17416,29,7,6893.42,3.4011973816621555,2.0794415416798357,8.838467667762448,1,Loyal / High-Value,0.12494073087812502,0
17418,42,2,463.46000000000004,3.7612001156935624,1.0986122886681096,6.1408754404446775,0,At-Risk / Low-Engagement,0.4577347101680439,0
17419,11,12,4226.57,2.4849066497880004,2.5649493574615367,8.349382638885205,1,Loyal / High-Value,0.07784962744134057,0
17420,50,3,598.83,3.9318256327243257,1.3862943611198906,6.3966462817363405,0,At-Risk / Low-Engagement,0.3772753678621553,0
17422,16,6,1979.37,2.833213344056216,1.9459101490553132,7.591038974917671,1,Loyal / High-Value,0.17093732336398065,0
17423,46,2,698.41,3.8501476017100584,1.0986122886681096,6.550237122496749,0,At-Risk / Low-Engagement,0.43481265254028456,0
17425,19,2,759.17,2.995732273553991,1.0986122886681096,6.63354209247732,0,At-Risk / Low-Engagement,0.39348916613000406,0
17426,8,6,5037.26,2.1972245773362196,1.9459101490553132,8.524816063361785,1,Loyal / High-Value,0.1260513293072676,0
17427,71,1,100.8,4.276666119016055,0.6931471805599453,4.623010104116422,0,At-Risk / Low-Engagement,0.6759610958100927,1
17428,0,28,17256.85,0.6931471805599453,3.367295829986474,9.756022391409203,1,Loyal / High-Value,0.02071690571681293,0
17429,128,3,524.9200000000001,4.859812404361672,1.3862943611198906,6.265149109915909,0,At-Risk / Low-Engagement,0.42429106133130673,0
17430,32,2,265.76,3.4965075614664802,1.0986122886681096,5.586349377764106,0,At-Risk / Low-Engagement,0.48279775593484003,0
17431,313,1,403.3,5.749392985908253,0.6931471805599453,6.002157176646725,0,At-Risk / Low-Engagement,0.6474355556870527,1
17432,18,2,365.76,2.9444389791664403,1.0986122886681096,5.9047076831817,0,At-Risk / Low-Engagement,0.43809640503834274,0
17433,88,1,303.15999999999997,4.48863636973214,0.6931471805599453,5.7175538787401186,0,At-Risk / Low-Engagement,0.618389266913862,1
17434,2,7,2373.82,1.0986122886681096,2.0794415416798357,7.77267692412289,1,Loyal / High-Value,0.11258370641924613,0
17436,1,2,216.29999999999998,0.6931471805599453,1.0986122886681096,5.381278887262384,1,Loyal / High-Value,0.3771799769623794,0
17438,253,1,388.45000000000005,5.537334267018537,0.6931471805599453,5.9647354873659575,0,At-Risk / Low-Engagement,0.6455455757475244,1
17440,156,3,186.42000000000002,5.056245805348308,1.3862943611198906,5.233352087695677,0,At-Risk / Low-Engagement,0.5004297652818288,1
17442,36,6,2248.56,3.6109179126442243,1.9459101490553132,7.7184899205194295,1,Loyal / High-Value,0.18578799266894636,0
17443,219,1,534.24,5.393627546352361,0.6931471805599453,6.282715244436788,0,At-Risk / Low-Engagement,0.6202216705911359,1
17444,147,3,2940.04,4.997212273764115,1.3862943611198906,7.9865185392775535,1,Loyal / High-Value,0.32379019508163476,0
17446,176,2,120.9,5.176149732573829,1.0986122886681096,4.803201036487226,0,At-Risk / Low-Engagement,0.6058609218753339,1
17447,40,2,541.53,3.713572066704308,1.0986122886681096,6.296243383424822,0,At-Risk / Low-Engagement,0.44551378973484507,0
17449,2,7,2519.21,1.0986122886681096,2.0794415416798357,7.832097510366773,1,Loyal / High-Value,0.11102372617628743,0
17450,8,46,194390.79,2.1972245773362196,3.4339872044851463,9.892501674765558,1,Loyal / High-Value,0.03005426914893041,0
17451,1,7,1721.4,0.6931471805599453,2.0794415416798357,7.451473946050154,1,Loyal / High-Value,0.1140398809126277,0
17453,17,2,486.71999999999997,2.8903717578961645,1.0986122886681096,6.189741470692064,0,At-Risk / Low-Engagement,0.41735557683147523,0
17454,192,4,517.53,5.262690188904886,1.6094379124341003,6.25099788520506,0,At-Risk / Low-Engagement,0.387161124193664,0
17455,203,1,131.7,5.318119993844216,0.6931471805599453,4.888090941338162,0,At-Risk / Low-Engagement,0.6997443031000429,1
17456,365,1,249.86,5.902633333401366,0.6931471805599453,5.524895014596528,0,At-Risk / Low-Engagement,0.675674289522455,1
17457,126,5,1737.7,4.844187086458591,1.791759469228055,7.460892986533744,1,Loyal / High-Value,0.261547390795679,0
17458,15,1,316.5,2.772588722239781,0.6931471805599453,5.760477818332746,0,At-Risk / Low-Engagement,0.5432191684244744,1
17459,43,2,657.3,3.784189633918261,1.0986122886681096,6.489660754473831,0,At-Risk / Low-Engagement,0.43593330231378596,0
17460,94,6,622.4300000000001,4.553876891600541,1.9459101490553132,6.435236489370733,0,At-Risk / Low-Engagement,0.27397055124584735,0
17461,22,3,735.82,3.1354942159291497,1.3862943611198906,6.602343628980947,1,Loyal / High-Value,0.33318266950733805,0
17462,60,2,675.69,4.110873864173311,1.0986122886681096,6.517213265531828,0,At-Risk / Low-Engagement,0.4481308261302888,0
17463,16,5,1875.86,2.833213344056216,1.791759469228055,7.537355446697666,1,Loyal / High-Value,0.196637869469356,0
17464,158,1,289.96000000000004,5.0689042022202315,0.6931471805599453,5.673185800678734,0,At-Risk / Low-Engagement,0.6445650537141685,1
17466,10,2,763.28,2.3978952727983707,1.0986122886681096,6.638934214171274,1,Loyal / High-Value,0.36866861015719127,0
17468,10,2,137.0,2.3978952727983707,1.0986122886681096,4.927253685157205,0,At-Risk / Low-Engagement,0.4786619129338449,0
17469,16,5,1870.97,2.833213344056216,1.791759469228055,7.5347466312681,1,Loyal / High-Value,0.19674684675238752,0
17470,44,5,1125.07,3.8066624897703196,1.791759469228055,7.02648897373005,1,Loyal / High-Value,0.24912162411222116,0
17472,191,3,697.54,5.2574953720277815,1.3862943611198906,6.548992442626483,0,At-Risk / Low-Engagement,0.4228338983148172,0
17475,79,1,194.37,4.382026634673881,0.6931471805599453,5.274895196603544,0,At-Risk / Low-Engagement,0.6413500860599056,1
17480,77,1,511.82,4.356708826689592,0.6931471805599453,6.239924906405982,0,At-Risk / Low-Engagement,0.5797384672110396,1
17481,3,4,1255.59,1.3862943611198906,1.6094379124341003,7.136156981955326,1,Loyal / High-Value,0.2031751227594165,0
17483,65,3,414.04,4.189654742026425,1.3862943611198906,6.028374901128079,0,At-Risk / Low-Engagement,0.4112054294479713,0
17486,261,1,396.87,5.568344503761097,0.6931471805599453,5.986125318762377,0,At-Risk / Low-Engagement,0.6454840640497856,1
17489,58,2,376.64,4.07753744390572,1.0986122886681096,5.933941360864316,0,At-Risk / Low-Engagement,0.4850513389513346,0
17490,0,7,2092.32,0.6931471805599453,2.0794415416798357,7.646506601347098,1,Loyal / High-Value,0.09778529226903233,0
17491,1,10,3558.87,0.6931471805599453,2.3978952727983707,8.177479306325386,1,Loyal / High-Value,0.07128239253531146,0
17492,248,1,374.57,5.517452896464707,0.6931471805599453,5.92844487193968,0,At-Risk / Low-Engagement,0.646949525438183,1
17495,7,2,497.56,2.0794415416798357,1.0986122886681096,6.211723943242329,0,At-Risk / Low-Engagement,0.38218118840804594,0
17496,358,1,271.05,5.883322388488279,0.6931471805599453,5.605985872931934,0,At-Risk / Low-Engagement,0.670958700524975,1
17498,75,1,272.22,4.330733340286331,0.6931471805599453,5.610277331459341,0,At-Risk / Low-Engagement,0.6186099565949024,1
17499,289,1,622.88,5.66988092298052,0.6931471805599453,6.435958042183625,0,At-Risk / Low-Engagement,0.6208361994995663,1
17500,17,3,1138.0,2.8903717578961645,1.3862943611198906,7.037905963447182,1,Loyal / High-Value,0.299107172762836,0
17501,220,2,288.6,5.3981627015177525,1.0986122886681096,5.668500660511562,0,At-Risk / Low-Engagement,0.5596502884715062,1
17502,9,4,689.1,2.302585092994046,1.6094379124341003,6.536836514626557,1,Loyal / High-Value,0.2594229411651807,0
17503,2,2,558.96,1.0986122886681096,1.0986122886681096,6.327865352606625,1,Loyal / High-Value,0.33595661597780807,0
17504,206,9,2997.0299999999997,5.332718793265369,2.302585092994046,8.00571068528359,1,Loyal / High-Value,0.16539793635771508,0
17505,161,2,1145.84,5.087596335232384,1.0986122886681096,7.0447656130660885,0,At-Risk / Low-Engagement,0.4556042928492544,0
17506,75,1,302.2,4.330733340286331,0.6931471805599453,5.714392653768217,0,At-Risk / Low-Engagement,0.6120949200971849,1
17507,261,2,605.58,5.568344503761097,1.0986122886681096,6.407836624054821,0,At-Risk / Low-Engagement,0.5184512396654977,1
17508,280,1,387.31,5.638354669333745,0.6931471805599453,5.961803989689555,0,At-Risk / Low-Engagement,0.6497265081236622,1
17509,57,8,6083.64,4.060443010546419,2.1972245773362196,8.713522841798035,1,Loyal / High-Value,0.1279559373013195,0
17510,24,1,308.48,3.2188758248682006,0.6931471805599453,5.7348934696812535,0,At-Risk / Low-Engagement,0.5640434123350023,1
17511,2,31,91062.38,1.0986122886681096,3.4339872044851463,9.892501674765558,1,Loyal / High-Value,0.02496367274118546,0
17512,28,10,2924.9900000000002,3.367295829986474,2.3978952727983707,7.981388163939233,1,Loyal / High-Value,0.11396739678577461,0
17513,72,1,513.2,4.290459441148391,0.6931471805599453,6.2426122948317895,0,At-Risk / Low-Engagement,0.5767589522388675,1
17514,128,1,208.65,4.859812404361672,0.6931471805599453,5.345439473616771,0,At-Risk / Low-Engagement,0.6560103341300595,1
17515,31,4,639.02,3.4657359027997265,1.6094379124341003,6.461499425865447,1,Loyal / High-Value,0.30427442510070146,0
17516,15,5,764.88,2.772588722239781,1.791759469228055,6.641025499505004,1,Loyal / High-Value,0.23487192806299503,0
17517,308,1,153.94,5.733341276897746,0.6931471805599453,5.043037945203756,0,At-Risk / Low-Engagement,0.7029436021254133,1
17519,17,6,1844.02,2.8903717578961645,1.9459101490553132,7.520245396524275,1,Loyal / High-Value,0.17503503074962792,0
17520,53,1,546.81,3.9889840465642745,0.6931471805599453,6.305928511499892,0,At-Risk / Low-Engagement,0.559807302223136,1
17521,29,3,723.2099999999999,3.4011973816621555,1.3862943611198906,6.585081405576444,0,At-Risk / Low-Engagement,0.3445434951031397,0
17522,1,5,1070.71,0.6931471805599453,1.791759469228055,6.977010782644906,1,Loyal / High-Value,0.16369243920980248,0
17523,11,4,652.74,2.4849066497880004,1.6094379124341003,6.48270971889503,1,Loyal / High-Value,0.26835341994893946,0
17524,361,1,145.0,5.891644211825771,0.6931471805599453,4.983606621708336,0,At-Risk / Low-Engagement,0.7062140444996594,1
17525,359,1,422.70000000000005,5.886104031450156,0.6931471805599453,6.049025657632514,0,At-Risk / Low-Engagement,0.6446020261912461,1
17526,4,4,1195.8999999999999,1.6094379124341003,1.6094379124341003,7.087490159879325,1,Loyal / High-Value,0.2116609549446632,0
17527,53,4,939.37,3.9889840465642745,1.6094379124341003,6.8462734148384685,1,Loyal / High-Value,0.30198404808560225,0
17528,1,8,3628.5,0.6931471805599453,2.1972245773362196,8.196850176724896,1,Loyal / High-Value,0.08569087485075355,0
17530,1,10,2367.12,0.6931471805599453,2.3978952727983707,7.769851670395603,1,Loyal / High-Value,0.07875472026975322,0
17531,190,1,296.7,5.25227342804663,0.6931471805599453,5.69608626802173,0,At-Risk / Low-Engagement,0.6504524309801619,1
17534,53,1,223.36,3.9889840465642745,0.6931471805599453,5.413251904640136,0,At-Risk / Low-Engagement,0.6168934035779571,1
17535,280,1,164.4,5.638354669333745,0.6931471805599453,5.108366782589591,0,At-Risk / Low-Engagement,0.6991947374473378,1
17536,177,1,76.5,5.181783550292085,0.6931471805599453,4.350277936359301,0,At-Risk / Low-Engagement,0.724038971634239,1
17537,29,2,887.67,3.4011973816621555,1.0986122886681096,6.789725963001244,0,At-Risk / Low-Engagement,0.400463237887207,0
17538,25,1,98.42,3.258096538021482,0.6931471805599453,4.599353300666527,0,At-Risk / Low-Engagement,0.637518809201226,1
17540,24,2,578.9,3.2188758248682006,1.0986122886681096,6.362855674882395,0,At-Risk / Low-Engagement,0.42010359877548675,0
17542,269,1,170.75,5.598421958998375,0.6931471805599453,5.146039931102459,0,At-Risk / Low-Engagement,0.6956292721663427,1
17545,43,3,642.32,3.784189633918261,1.3862943611198906,6.466642267627447,0,At-Risk / Low-Engagement,0.36696081729117824,0
17548,233,1,103.3,5.455321115357702,0.6931471805599453,4.647271362006727,0,At-Risk / Low-Engagement,0.7178006343286297,1
17549,23,2,148.86,3.1780538303479458,1.0986122886681096,5.0097015249361645,0,At-Risk / Low-Engagement,0.5070755276436135,1
17550,197,3,267.16,5.288267030694535,1.3862943611198906,5.591583817293718,0,At-Risk / Low-Engagement,0.4868307023409579,0
17551,359,1,290.34,5.886104031450156,0.6931471805599453,5.674490970020802,0,At-Risk / Low-Engagement,0.6669479356898959,1
17552,60,4,930.41,4.110873864173311,1.6094379124341003,6.836699567016301,0,At-Risk / Low-Engagement,0.3070035316749732,0
17553,129,1,1487.6,4.867534450455582,0.6931471805599453,7.305591359925811,0,At-Risk / Low-Engagement,0.5321275743223237,1
17554,1,5,1952.45,0.6931471805599453,1.791759469228055,7.577352319081822,1,Loyal / High-Value,0.14310662852354214,0
17555,19,2,480.31,2.995732273553991,1.0986122886681096,6.176511553155347,0,At-Risk / Low-Engagement,0.4226654814779351,0
17556,205,1,157.9,5.327876168789581,0.6931471805599453,5.0682750735426705,0,At-Risk / Low-Engagement,0.690004129483621,1
17557,14,3,541.46,2.70805020110221,1.3862943611198906,6.29611434997733,1,Loyal / High-Value,0.3346767278149273,0
17560,94,4,854.95,4.553876891600541,1.6094379124341003,6.7522119632207875,0,At-Risk / Low-Engagement,0.328520548170663,0
17561,19,1,165.12,2.995732273553991,0.6931471805599453,5.1127104187625525,0,At-Risk / Low-Engagement,0.5946739678168046,1
17562,14,7,1122.38,2.70805020110221,2.0794415416798357,7.024097276842117,1,Loyal / High-Value,0.16978280448324715,0
17564,24,3,454.01,3.2188758248682006,1.3862943611198906,6.120319396731415,0,At-Risk / Low-Engagement,0.365422148317662,0
17566,8,2,869.77,2.1972245773362196,1.0986122886681096,6.769377877687473,1,Loyal / High-Value,0.35268141214607707,0
17567,7,8,4331.48,2.0794415416798357,2.1972245773362196,8.373895405306746,1,Loyal / High-Value,0.10216070683571986,0
17569,332,1,344.14,5.808142489980444,0.6931471805599453,5.843950131819433,0,At-Risk / Low-Engagement,0.656923044387246,1
17571,50,4,1425.67,3.9318256327243257,1.6094379124341003,7.263098336353601,1,Loyal / High-Value,0.2772799282725059,0
17572,71,4,226.75000000000003,4.276666119016055,1.6094379124341003,5.428248536140067,0,At-Risk / Low-Engagement,0.39819118696742234,0
17573,29,3,380.6,3.4011973816621555,1.3862943611198906,5.944372939574132,0,At-Risk / Low-Engagement,0.383735393352854,0
17574,242,1,185.65,5.493061443340548,0.6931471805599453,5.229235205360593,0,At-Risk / Low-Engagement,0.6870310434443611,1
17576,8,19,3564.83,2.1972245773362196,2.995732273553991,8.179152124824576,1,Loyal / High-Value,0.05133634589961115,0
17578,218,1,143.45999999999998,5.389071729816501,0.6931471805599453,4.973002652622701,0,At-Risk / Low-Engagement,0.6976127053899609,1
17579,4,3,448.90000000000003,1.6094379124341003,1.3862943611198906,6.109025335847127,1,Loyal / High-Value,0.30397002425331293,0
17580,252,3,215.72,5.53338948872752,1.3862943611198906,5.37860619777684,0,At-Risk / Low-Engagement,0.511545997194888,1
17581,0,25,11025.24,0.6931471805599453,3.258096538021482,9.308033165645913,1,Loyal / High-Value,0.0222510656217323,0
17582,236,1,175.27,5.4680601411351315,0.6931471805599453,5.1720169104318625,0,At-Risk / Low-Engagement,0.6893452763865472,1
17584,7,2,1242.3,2.0794415416798357,1.0986122886681096,7.125524413958892,1,Loyal / High-Value,0.3269773661157651,0
17585,109,4,1116.68,4.700480365792417,1.6094379124341003,7.019010387342232,0,At-Risk / Low-Engagement,0.3186558602180178,0
17588,100,3,1240.2,4.61512051684126,1.3862943611198906,7.123833932574225,0,At-Risk / Low-Engagement,0.3601531966207187,0
17589,60,4,2404.17,4.110873864173311,1.6094379124341003,7.785375866112405,1,Loyal / High-Value,0.2563601410653252,0
17590,2,3,1468.02,1.0986122886681096,1.3862943611198906,7.292350790785078,1,Loyal / High-Value,0.22617573450548362,0
17591,73,7,2203.67,4.304065093204169,2.0794415416798357,7.698333116816846,1,Loyal / High-Value,0.1841908098683193,0
17593,3,5,3923.86,1.3862943611198906,1.791759469228055,8.275085960790554,1,Loyal / High-Value,0.13542787756689398,0
17594,85,2,993.18,4.454347296253507,1.0986122886681096,6.901918276781504,0,At-Risk / Low-Engagement,0.437755798890785,0
17595,12,2,386.69,2.5649493574615367,1.0986122886681096,5.960206051205209,0,At-Risk / Low-Engagement,0.4183678274670923,0
17596,23,7,2806.69,3.1780538303479458,2.0794415416798357,7.9401173601909,1,Loyal / High-Value,0.14833665089428372,0
17597,213,1,2044.3700000000001,5.365976015021851,0.6931471805599453,7.623333981206562,0,At-Risk / Low-Engagement,0.5327674707894636,1
17600,17,1,161.67000000000002,2.8903717578961645,0.6931471805599453,5.091723608778362,0,At-Risk / Low-Engagement,0.5915966860274955,1
17601,239,1,116.00999999999999,5.480638923341991,0.6931471805599453,4.7622594012308666,0,At-Risk / Low-Engagement,0.7125037483151038,1
17602,2,6,5054.42,1.0986122886681096,1.9459101490553132,8.52821621405653,1,Loyal / High-Value,0.1064003476853645,0
17603,78,1,394.72,4.3694478524670215,0.6931471805599453,5.980706890455022,0,At-Risk / Low-Engagement,0.59687083662499,1
17604,217,2,309.36,5.384495062789089,1.0986122886681096,5.737732914025749,0,At-Risk / Low-Engagement,0.5545484192862153,1
17608,33,2,191.99,3.5263605246161616,1.0986122886681096,5.2626383740910185,0,At-Risk / Low-Engagement,0.5054824473133349,1
17609,40,5,1105.78,3.713572066704308,1.791759469228055,7.00921017763747,1,Loyal / High-Value,0.24695791132784262,0
17611,7,15,3961.12,2.0794415416798357,2.772588722239781,8.2845345145333,1,Loyal / High-Value,0.060814879685413235,0
17612,53,6,2048.45,3.9889840465642745,1.9459101490553132,7.625326743452606,1,Loyal / High-Value,0.1998362344309152,0
17613,22,14,4544.55,3.1354942159291497,2.70805020110221,8.421904011391415,1,Loyal / High-Value,0.0741799531727757,0
17614,57,1,386.32,4.060443010546419,0.6931471805599453,5.959251224743331,0,At-Risk / Low-Engagement,0.5852698945733006,1
17615,130,3,329.6,4.875197323201151,1.3862943611198906,5.8009091853869235,0,At-Risk / Low-Engagement,0.45517663407726205,0
17616,173,3,571.1999999999999,5.159055299214529,1.3862943611198906,6.3494885806160095,0,At-Risk / Low-Engagement,0.4315562465947249,0
17618,5,3,930.28,1.791759469228055,1.3862943611198906,6.836559983939986,1,Loyal / High-Value,0.27108207653685756,0
17619,312,1,214.37,5.746203190540153,0.6931471805599453,5.372357479256501,0,At-Risk / Low-Engagement,0.6844482242512526,1
17620,59,1,81.44,4.0943445622221,0.6931471805599453,4.412070756022258,0,At-Risk / Low-Engagement,0.6812173770127193,1
17621,21,3,1379.9,3.091042453358316,1.3862943611198906,7.230490739491305,1,Loyal / High-Value,0.2957511163161865,0
17623,32,1,527.0500000000001,3.4965075614664802,0.6931471805599453,6.269190976192483,0,At-Risk / Low-Engagement,0.5410460441583601,1
17624,14,2,843.48,2.70805020110221,1.0986122886681096,6.7387210533149595,0,At-Risk / Low-Engagement,0.37508960158475896,0
17625,18,4,2020.4,2.9444389791664403,1.6094379124341003,7.611545619640562,1,Loyal / High-Value,0.22765242505601344,0
17628,81,1,75.75,4.406719247264253,0.6931471805599453,4.340553386467307,0,At-Risk / Low-Engagement,0.69689084787594,1
17629,5,8,1814.12,1.791759469228055,2.1972245773362196,7.503906860215884,1,Loyal / High-Value,0.119896922513021,0
17630,169,2,503.59999999999997,5.135798437050262,1.0986122886681096,6.223766036206957,0,At-Risk / Low-Engagement,0.5118412031280841,1
17631,1,3,528.33,0.6931471805599453,1.3862943611198906,6.271612055889925,1,Loyal / High-Value,0.2629681755287388,0
17633,31,4,1324.84,3.4657359027997265,1.6094379124341003,7.189801499815289,1,Loyal / High-Value,0.26511089223487067,0
17634,36,9,2358.59,3.6109179126442243,2.302585092994046,7.766243154113498,1,Loyal / High-Value,0.13536294438165875,0
17636,19,1,285.56,2.995732273553991,0.6931471805599453,5.657947938312402,0,At-Risk / Low-Engagement,0.5595099421795159,1
17637,31,2,547.0600000000001,3.4657359027997265,1.0986122886681096,6.3063847700056215,0,At-Risk / Low-Engagement,0.4342476424229062,0
17639,276,1,108.5,5.6240175061873385,0.6931471805599453,4.695924549256556,0,At-Risk / Low-Engagement,0.7211184212061392,1
17640,86,1,621.66,4.465908118654584,0.6931471805599453,6.434000623425246,0,At-Risk / Low-Engagement,0.5718388447770932,1
17642,119,2,712.29,4.787491742782046,1.0986122886681096,6.569888069839022,0,At-Risk / Low-Engagement,0.4738662789321485,0
17643,373,1,101.55,5.912501651847105,0.6931471805599453,4.63035048451839,0,At-Risk / Low-Engagement,0.7252110998198622,1
17644,1,11,2895.64,0.6931471805599453,2.4849066497880004,7.971306723565063,1,Loyal / High-Value,0.06904364933998486,0
17646,219,3,1008.39,5.393627546352361,1.3862943611198906,6.917101466981717,0,At-Risk / Low-Engagement,0.4049636041490433,0
17647,65,1,133.06,4.189654742026425,0.6931471805599453,4.8982874609298115,0,At-Risk / Low-Engagement,0.656420266699978,1
17648,60,4,1797.5,4.110873864173311,1.6094379124341003,7.494708263135679,1,Loyal / High-Value,0.27128202158180637,0
17649,138,1,868.49,4.9344739331306915,0.6931471805599453,6.767906832865638,0,At-Risk / Low-Engagement,0.570150589850647,1
17650,21,1,166.08,3.091042453358316,0.6931471805599453,5.118472739628975,0,At-Risk / Low-Engagement,0.5982917698233873,1
17651,11,10,3945.0,2.4849066497880004,2.3978952727983707,8.28045768658256,1,Loyal / High-Value,0.09252641567357506,0
17652,25,12,4867.72,3.258096538021482,2.5649493574615367,8.490586347854247,1,Loyal / High-Value,0.08510176679901366,0
17653,36,4,1207.56,3.6109179126442243,1.6094379124341003,7.09718484723547,1,Loyal / High-Value,0.27490659321417227,0
17654,277,1,117.55,5.627621113690637,0.6931471805599453,4.775334812511415,0,At-Risk / Low-Engagement,0.7170038282203607,1
17655,10,7,2638.94,2.3978952727983707,2.0794415416798357,7.878511468609366,1,Loyal / High-Value,0.13389789113482978,0
17656,73,5,1674.69,4.304065093204169,1.791759469228055,7.4239802997335635,1,Loyal / High-Value,0.2456411948557535,0
17658,25,2,595.42,3.258096538021482,1.0986122886681096,6.39094511686889,0,At-Risk / Low-Engagement,0.41995403506869106,0
17659,17,12,2999.46,2.8903717578961645,2.5649493574615367,8.006520889229225,1,Loyal / High-Value,0.0902275744206672,0
17660,141,1,178.75,4.955827057601261,0.6931471805599453,5.191566996601156,0,At-Risk / Low-Engagement,0.6688352957078387,1
17663,25,7,1802.91,3.258096538021482,2.0794415416798357,7.4977118102428095,1,Loyal / High-Value,0.16564077085331969,0
17664,18,2,604.64,2.9444389791664403,1.0986122886681096,6.406285750140171,0,At-Risk / Low-Engagement,0.40576591815460267,0
17666,3,2,728.16,1.3862943611198906,1.0986122886681096,6.591893186664721,1,Loyal / High-Value,0.33154603653658254,0
17667,66,5,2055.51,4.204692619390966,1.791759469228055,7.628765650289339,1,Loyal / High-Value,0.23265199459654426,0
17668,1,2,347.75,0.6931471805599453,1.0986122886681096,5.854355333135575,1,Loyal / High-Value,0.3482806208476822,0
17669,42,7,3406.7200000000003,3.7612001156935624,2.0794415416798357,8.133798724949507,1,Loyal / High-Value,0.1547756691545564,0
17670,227,1,205.7,5.429345628954441,0.6931471805599453,5.331268466687723,0,At-Risk / Low-Engagement,0.6787936594713267,1
17671,15,4,1572.71,2.772588722239781,1.6094379124341003,7.361191168037922,1,Loyal / High-Value,0.23410499355077644,0
17672,50,2,3178.17,3.9318256327243257,1.0986122886681096,8.064375435416844,1,Loyal / High-Value,0.3433595792429381,0
17673,1,6,1594.97,0.6931471805599453,1.9459101490553132,7.375236980840607,1,Loyal / High-Value,0.1308284904460873,0
17674,74,2,551.04,4.31748811353631,1.0986122886681096,6.313620507419839,0,At-Risk / Low-Engagement,0.4704061694989683,0
17675,1,31,20374.28,0.6931471805599453,3.4339872044851463,9.892501674765558,1,Loyal / High-Value,0.023305644754665837,0
17676,4,6,1371.18,1.6094379124341003,1.9459101490553132,7.224155995015752,1,Loyal / High-Value,0.1551770088958862,0
17677,1,30,16345.38,0.6931471805599453,3.4339872044851463,9.701761745083482,1,Loyal / High-Value,0.023305644754665837,0
17678,263,1,298.11,5.575949103146316,0.6931471805599453,5.700811398711247,0,At-Risk / Low-Engagement,0.6628450038596797,1
17679,52,2,1992.1100000000001,3.970291913552122,1.0986122886681096,7.597451511865824,0,At-Risk / Low-Engagement,0.3732654382205145,0
17680,23,1,184.4,3.1780538303479458,0.6931471805599453,5.2225156531317545,0,At-Risk / Low-Engagement,0.5953095260570551,1
17682,10,6,2474.33,2.3978952727983707,1.9459101490553132,7.814128999448025,1,Loyal / High-Value,0.1526988006686145,0
17684,43,1,239.41,3.784189633918261,0.6931471805599453,5.482345799133678,0,At-Risk / Low-Engagement,0.6040921983984261,1
17685,16,7,3155.83,2.833213344056216,2.0794415416798357,8.057323638517671,1,Loyal / High-Value,0.137218276177525,0
17686,7,7,5739.46,2.0794415416798357,2.0794415416798357,8.655294625475447,1,Loyal / High-Value,0.106442967033035,0
17690,30,15,4726.8,3.4339872044851463,2.772588722239781,8.461215257006781,1,Loyal / High-Value,0.07251940083267694,0
17691,358,2,290.40000000000003,5.883322388488279,1.0986122886681096,5.674696893761104,0,At-Risk / Low-Engagement,0.5696542499102915,1
17692,127,4,740.9399999999999,4.852030263919617,1.6094379124341003,6.6092683773641365,0,At-Risk / Low-Engagement,0.3485754450558302,0
17693,137,1,200.47,4.927253685157205,0.6931471805599453,5.305640486927818,0,At-Risk / Low-Engagement,0.6610105263788368,1
17694,141,1,283.12,4.955827057601261,0.6931471805599453,5.649396684129609,0,At-Risk / Low-Engagement,0.641500446730853,1
17695,131,2,765.34,4.882801922586371,1.0986122886681096,6.641625935491769,0,At-Risk / Low-Engagement,0.47326510758855733,0
17696,38,8,2285.71,3.6635616461296463,2.1972245773362196,7.734869382309582,1,Loyal / High-Value,0.15067010291609312,0
17697,236,1,338.95,5.4680601411351315,0.6931471805599453,5.828798547972468,0,At-Risk / Low-Engagement,0.6509965195828441,1
17698,260,1,154.95,5.564520407322694,0.6931471805599453,5.049535443053812,0,At-Risk / Low-Engagement,0.6997684736861708,1
17700,16,4,2534.64,2.833213344056216,1.6094379124341003,7.838201349644471,1,Loyal / High-Value,0.21402100353433282,0
17701,252,1,417.95,5.53338948872752,0.6931471805599453,6.037751581059295,0,At-Risk / Low-Engagement,0.6409585881494873,1
17702,30,4,1824.37,3.4339872044851463,1.6094379124341003,7.509537985193698,1,Loyal / High-Value,0.24794234948041136,0
17703,35,3,798.74,3.58351893845611,1.3862943611198906,6.684286674843982,0,At-Risk / Low-Engagement,0.34577302243316577,0
17704,168,2,885.19,5.1298987149230735,1.0986122886681096,6.7869313745672155,0,At-Risk / Low-Engagement,0.4743877202706564,0
17705,3,9,1823.52,1.3862943611198906,2.302585092994046,7.5090722177237925,1,Loyal / High-Value,0.10222397487959416,0
17706,4,17,10504.49,1.6094379124341003,2.8903717578961645,9.259653256646303,1,Loyal / High-Value,0.039284429393824934,0
17707,185,2,152.4,5.225746673713202,1.0986122886681096,5.0330488889331555,0,At-Risk / Low-Engagement,0.5933410948845081,1
17708,187,2,263.33,5.236441962829949,1.0986122886681096,5.577198322546748,0,At-Risk / Low-Engagement,0.5586763651941223,1
17709,169,1,137.45,5.135798437050262,0.6931471805599453,4.9305092496169705,0,At-Risk / Low-Engagement,0.6906583108277079,1
17711,10,2,385.1,2.3978952727983707,1.0986122886681096,5.956096403270191,0,At-Risk / Low-Engagement,0.41158757073048685,0
17712,44,1,522.91,3.8066624897703196,0.6931471805599453,6.261319913844147,0,At-Risk / Low-Engagement,0.5549042474529141,1
17714,320,1,153.0,5.771441123130016,0.6931471805599453,5.0369526024136295,0,At-Risk / Low-Engagement,0.7032794370189487,1
17715,200,1,326.4,5.303304908059076,0.6931471805599453,5.791182664937034,0,At-Risk / Low-Engagement,0.6467424784426611,1
17716,22,11,5655.99,3.1354942159291497,2.4849066497880004,8.640647227620185,1,Loyal / High-Value,0.0867308487453495,0
17718,232,1,139.35,5.4510384535657,0.6931471805599453,4.9441393028078915,0,At-Risk / Low-Engagement,0.7014786977437257,1
17719,37,15,5396.04,3.6375861597263857,2.772588722239781,8.593605934116098,1,Loyal / High-Value,0.0725437546833639,0
17720,26,4,1195.94,3.295836866004329,1.6094379124341003,7.087523578988375,1,Loyal / High-Value,0.2646299853896423,0
17722,96,4,2424.04,4.574710978503383,1.6094379124341003,7.793603298080906,1,Loyal / High-Value,0.2715871298303681,0
17723,127,6,3276.4000000000005,4.852030263919617,1.9459101490553132,8.094805704112124,1,Loyal / High-Value,0.20399089197124756,0
17724,71,3,1033.0,4.276666119016055,1.3862943611198906,6.9411900550683745,0,At-Risk / Low-Engagement,0.3577372881692456,0
17725,16,11,3439.08,2.833213344056216,2.4849066497880004,8.143250005910986,1,Loyal / High-Value,0.09319580582900185,0
17727,15,1,1060.25,2.772588722239781,0.6931471805599453,6.967202737625557,0,At-Risk / Low-Engagement,0.46363412002771176,0
17728,3,3,2876.01,1.3862943611198906,1.3862943611198906,7.964506839388399,1,Loyal / High-Value,0.20460337709172652,0
17730,3,13,5298.4800000000005,1.3862943611198906,2.639057329615259,8.575363981519251,1,Loyal / High-Value,0.05742455337675741,0
17731,79,4,1240.11,4.382026634673881,1.6094379124341003,7.123761419471479,1,Loyal / High-Value,0.3009113861862179,0
17732,372,1,303.97,5.912501651847105,0.6931471805599453,5.7202134111139475,0,At-Risk / Low-Engagement,0.6642574620888972,1
17733,38,2,692.19,3.6635616461296463,1.0986122886681096,6.541304131886272,0,At-Risk / Low-Engagement,0.42744372252682483,0
17734,53,3,700.63,3.9889840465642745,1.3862943611198906,6.553406199550885,0,At-Risk / Low-Engagement,0.36990021246107424,0
17735,2,19,13110.02,1.0986122886681096,2.995732273553991,9.481208376934894,1,Loyal / High-Value,0.03071801298855142,0
17736,9,3,377.44,2.302585092994046,1.3862943611198906,5.936057539836243,0,At-Risk / Low-Engagement,0.34021361091533286,0
17737,9,2,168.24,2.302585092994046,1.0986122886681096,5.131317825851867,0,At-Risk / Low-Engagement,0.4611016536146512,0
17738,19,4,1879.05,2.995732273553991,1.6094379124341003,7.539053651215015,1,Loyal / High-Value,0.2326263444528836,0
17739,11,7,2791.35,2.4849066497880004,2.0794415416798357,7.934638814191774,1,Loyal / High-Value,0.13392969494618048,0
17742,113,2,355.11,4.736198448394496,1.0986122886681096,5.875239671888878,0,At-Risk / Low-Engagement,0.5175202064574225,1
17744,3,6,2322.4,1.3862943611198906,1.9459101490553132,7.750786909079374,1,Loyal / High-Value,0.13324724536715338,0
17746,240,1,110.25,5.484796933490655,0.6931471805599453,4.711779921046349,0,At-Risk / Low-Engagement,0.7153767914071174,1
17747,112,1,71.4,4.727387818712341,0.6931471805599453,4.282206299391671,0,At-Risk / Low-Engagement,0.7117006957341737,1
17749,178,2,674.52,5.187385805840755,1.0986122886681096,6.515482764659955,0,At-Risk / Low-Engagement,0.49480287403349277,0
17750,5,9,1710.45,1.791759469228055,2.302585092994046,7.445096243403855,1,Loyal / High-Value,0.11052245907286064,0
17752,359,1,80.64,5.886104031450156,0.6931471805599453,4.402319337941644,0,At-Risk / Low-Engagement,0.7370604492704659,1
17754,0,5,1664.65,0.6931471805599453,1.791759469228055,7.417970716622433,1,Loyal / High-Value,0.13377571603784338,0
17757,1,30,5593.39,0.6931471805599453,3.4339872044851463,8.629519588886271,1,Loyal / High-Value,0.0297972985598265,0
17758,19,8,3408.2000000000003,2.995732273553991,2.1972245773362196,8.134232938648143,1,Loyal / High-Value,0.12445171317890306,0
17759,17,3,819.96,2.8903717578961645,1.3862943611198906,6.7104743871936545,1,Loyal / High-Value,0.3175643525522229,0
17760,21,2,287.59,3.091042453358316,1.0986122886681096,5.665006995704794,0,At-Risk / Low-Engagement,0.46007107908769324,0
17761,32,1,712.78,3.4965075614664802,0.6931471805599453,6.570574791610563,0,At-Risk / Low-Engagement,0.5212061766311145,1
17763,263,1,15.0,5.575949103146316,0.6931471805599453,3.9740583963475986,0,At-Risk / Low-Engagement,0.7593989238442858,1
17764,50,2,772.55,3.9318256327243257,1.0986122886681096,6.650990309165078,0,At-Risk / Low-Engagement,0.4317555373301995,0
17765,158,3,367.63,5.0689042022202315,1.3862943611198906,5.909793430963424,0,At-Risk / Low-Engagement,0.45638174023043077,0
17767,15,1,271.2,2.772588722239781,0.6931471805599453,5.6065370902173655,0,At-Risk / Low-Engagement,0.5532986146835449,1
17768,8,3,2081.9,2.1972245773362196,1.3862943611198906,7.641516432427338,1,Loyal / High-Value,0.2438795664582419,0
17769,12,10,3957.43,2.5649493574615367,2.3978952727983707,8.283602760989174,1,Loyal / High-Value,0.0936297961019564,0
17770,198,5,1143.27,5.293304824724492,1.791759469228055,7.042522158078838,0,At-Risk / Low-Engagement,0.29957409793921475,0
17771,56,2,245.81,4.04305126783455,1.0986122886681096,5.508618809848949,0,At-Risk / Low-Engagement,0.5116586430493241,1
17772,10,2,173.45,2.3978952727983707,1.0986122886681096,5.161638167632783,0,At-Risk / Low-Engagement,0.46322402736767754,0
17774,96,4,1213.73,4.574710978503383,1.6094379124341003,7.10227710885741,0,At-Risk / Low-Engagement,0.30921016423219777,0
17775,254,1,56.4,5.541263545158426,0.6931471805599453,4.050044303325521,0,At-Risk / Low-Engagement,0.7514570392457788,1
17777,24,3,647.56,3.2188758248682006,1.3862943611198906,6.4747545206794515,0,At-Risk / Low-Engagement,0.3439792408278859,0
17779,21,3,650.32,3.091042453358316,1.3862943611198906,6.479001072896019,0,At-Risk / Low-Engagement,0.3387348703980913,0
17781,159,2,188.02,5.075173815233827,1.0986122886681096,5.24185282956691,0,At-Risk / Low-Engagement,0.5735717247348552,1
17783,72,2,283.47,4.290459441148391,1.0986122886681096,5.650627799851681,0,At-Risk / Low-Engagement,0.5130149108980606,1
17785,53,1,131.94,3.9889840465642745,0.6931471805599453,4.889897898613436,0,At-Risk / Low-Engagement,0.6490225760634507,1
17786,85,2,266.85,4.454347296253507,1.0986122886681096,5.590427122326969,0,At-Risk / Low-Engagement,0.5240944980831393,1
17787,152,4,1817.54,5.030437921392435,1.6094379124341003,7.505789260335805,0,At-Risk / Low-Engagement,0.30336210645591694,0
17788,73,2,1117.9,4.304065093204169,1.0986122886681096,7.020101338813675,0,At-Risk / Low-Engagement,0.42369519385147797,0
17789,281,1,225.9,5.641907070938114,0.6931471805599453,5.424509391785796,0,At-Risk / Low-Engagement,0.6814628162698751,1
17790,26,14,1964.3,3.295836866004329,2.70805020110221,7.58340018440594,1,Loyal / High-Value,0.09324387472457542,0
17791,29,1,106.1,3.4011973816621555,0.6931471805599453,4.673762977453703,0,At-Risk / Low-Engagement,0.6387156753598485,1
17793,25,1,300.34,3.258096538021482,0.6931471805599453,5.708239195373142,0,At-Risk / Low-Engagement,0.5674482433681782,1
17795,179,2,342.83,5.19295685089021,1.0986122886681096,5.840147349176718,0,At-Risk / Low-Engagement,0.5395972447869859,1
17796,40,4,690.0,3.713572066704308,1.6094379124341003,6.53813982376767,0,At-Risk / Low-Engagement,0.30911913792070583,0
17797,22,3,780.43,3.1354942159291497,1.3862943611198906,6.6611255745126075,1,Loyal / High-Value,0.3297389851258304,0
17799,22,10,3039.17,3.1354942159291497,2.3978952727983707,8.019668713889375,1,Loyal / High-Value,0.1089779724214891,0
17800,37,9,1187.21,3.6375861597263857,2.302585092994046,7.080203251977793,1,Loyal / High-Value,0.15864493292643805,0
17802,82,3,1285.04,4.418840607796598,1.3862943611198906,7.159323008512906,0,At-Risk / Low-Engagement,0.3501969566415468,0
17805,73,1,512.31,4.304065093204169,0.6931471805599453,6.240879951161022,0,At-Risk / Low-Engagement,0.5774474689070586,1
17806,11,1,546.04,2.4849066497880004,0.6931471805599453,6.304521925890991,0,At-Risk / Low-Engagement,0.49487746547530703,0
17809,16,12,5411.91,2.833213344056216,2.5649493574615367,8.596542120019182,1,Loyal / High-Value,0.07750245355887965,0
17811,4,39,7761.82,1.6094379124341003,3.4339872044851463,8.957100949224584,1,Loyal / High-Value,0.031967623584843445,0
17812,12,4,699.81,2.5649493574615367,1.6094379124341003,6.552236808926767,1,Loyal / High-Value,0.2674749754495704,0
17813,14,5,1698.07,2.70805020110221,1.791759469228055,7.437836321529504,1,Loyal / High-Value,0.1973609570127532,0
17816,36,4,36.56,3.6109179126442243,1.6094379124341003,3.9740583963475986,0,At-Risk / Low-Engagement,0.46821494097845673,0
17817,4,3,387.68,1.6094379124341003,1.3862943611198906,5.9627563829712384,1,Loyal / High-Value,0.31221300494227167,0
17819,71,7,3704.87,4.276666119016055,2.0794415416798357,8.217673327978565,1,Loyal / High-Value,0.163793561632666,0
17824,51,1,298.4,3.9512437185814275,0.6931471805599453,5.701780471985528,0,At-Risk / Low-Engagement,0.5971364250993593,1
17827,5,5,1987.33,1.791759469228055,1.791759469228055,7.595050369416567,1,Loyal / High-Value,0.16748118736371112,0
17828,22,4,1820.09,3.1354942159291497,1.6094379124341003,7.507190501900052,1,Loyal / High-Value,0.23851445622024925,0
17829,298,1,889.24,5.700443573390686,0.6931471805599453,6.7914910892950235,0,At-Risk / Low-Engagement,0.5984724411799431,1
17830,1,3,398.7,0.6931471805599453,1.3862943611198906,5.990714265717278,1,Loyal / High-Value,0.27761254640686084,0
17831,33,1,35.400000000000006,3.5263605246161616,0.6931471805599453,3.9740583963475986,0,At-Risk / Low-Engagement,0.6885597329943055,1
17832,49,1,155.37,3.912023005428146,0.6931471805599453,5.052224993855419,0,At-Risk / Low-Engagement,0.6360967758845192,1
17835,2,3,342.24,1.0986122886681096,1.3862943611198906,5.83842991093892,1,Loyal / High-Value,0.30034623764189056,0
17836,47,1,110.21000000000001,3.8712010109078907,0.6931471805599453,4.71142030583075,0,At-Risk / Low-Engagement,0.6550864087483727,1
17837,42,8,1541.23,3.7612001156935624,2.1972245773362196,7.340984699939525,1,Loyal / High-Value,0.16683001874758482,0
17838,26,5,2720.8,3.295836866004329,1.791759469228055,7.909048705126217,1,Loyal / High-Value,0.19382332326760307,0
17839,42,1,318.15,3.7612001156935624,0.6931471805599453,5.765661211702066,0,At-Risk / Low-Engagement,0.5850769812619516,1
17841,1,124,40519.84,0.6931471805599453,3.4339872044851463,9.892501674765558,1,Loyal / High-Value,0.023305644754665837,0
17843,303,1,205.48,5.717027701406222,0.6931471805599453,5.330203555410359,0,At-Risk / Low-Engagement,0.6868502418345259,1
17844,106,1,51.559999999999995,4.672828834461906,0.6931471805599453,3.9740583963475986,0,At-Risk / Low-Engagement,0.7268797378383313,1
17846,85,1,2033.1,4.454347296253507,0.6931471805599453,7.617808739608441,0,At-Risk / Low-Engagement,0.4935949074362458,0
17848,81,9,901.1999999999999,4.406719247264253,2.302585092994046,6.804836224974295,1,Loyal / High-Value,0.18816864037141653,0
17849,218,4,605.8000000000001,5.389071729816501,1.6094379124341003,6.408199247474378,0,At-Risk / Low-Engagement,0.38251891841083624,0
17850,372,34,5391.21,5.912501651847105,3.4339872044851463,8.59271059842128,1,Loyal / High-Value,0.06825508270091235,0
17852,11,2,114.34,2.4849066497880004,1.0986122886681096,4.747884288187267,0,At-Risk / Low-Engagement,0.49428271325826717,0
17854,185,2,311.26,5.225746673713202,1.0986122886681096,5.743836174113374,0,At-Risk / Low-Engagement,0.5473276508527765,1
17855,372,1,208.97,5.912501651847105,0.6931471805599453,5.346964663369558,0,At-Risk / Low-Engagement,0.6858963500036952,1
17856,1,4,1418.03,0.6931471805599453,1.6094379124341003,7.25772881858561,1,Loyal / High-Value,0.17959409546611615,0
17857,4,23,26879.04,1.6094379124341003,3.1780538303479458,9.892501674765558,1,Loyal / High-Value,0.02721677124592653,0
17858,5,12,5140.66,1.791759469228055,2.5649493574615367,8.545131263508203,1,Loyal / High-Value,0.06635525139188875,0
17859,304,1,141.92000000000002,5.720311776607412,0.6931471805599453,4.962285033155209,0,At-Risk / Low-Engagement,0.707382210329682,1
17860,368,1,226.45000000000002,5.910796644040527,0.6931471805599453,5.426930434016013,0,At-Risk / Low-Engagement,0.681323859938189,1
17861,3,8,2097.88,1.3862943611198906,2.1972245773362196,7.649159148105371,1,Loyal / High-Value,0.10887996679309568,0
17862,323,1,330.9,5.780743515792329,0.6931471805599453,5.804833718725929,0,At-Risk / Low-Engagement,0.6592499578971169,1
17863,59,6,3160.0,4.0943445622221,1.9459101490553132,8.058643712215618,1,Loyal / High-Value,0.18488772713964316,0
17864,12,3,554.85,2.5649493574615367,1.3862943611198906,6.320498473679624,1,Loyal / High-Value,0.32774327154391475,0
17865,30,20,10526.32,3.4339872044851463,3.044522437723423,9.261729061813442,1,Loyal / High-Value,0.045744588588123435,0
17866,142,1,329.65,4.962844630259907,0.6931471805599453,5.801060414120672,0,At-Risk / Low-Engagement,0.632511176288249,1
17867,30,6,1157.8700000000001,3.4339872044851463,1.9459101490553132,7.055200671388662,1,Loyal / High-Value,0.2086656473744799,0
17869,107,5,428.18,4.68213122712422,1.791759469228055,6.061876411348347,0,At-Risk / Low-Engagement,0.3326505180567918,0
17870,2,12,1865.89,1.0986122886681096,2.5649493574615367,7.532029223755638,1,Loyal / High-Value,0.07609511744536678,0
17871,204,1,155.9,5.3230099791384085,0.6931471805599453,5.055608659738987,0,At-Risk / Low-Engagement,0.690539368928684,1
17873,80,5,1848.96,4.394449154672439,1.791759469228055,7.522919296216998,1,Loyal / High-Value,0.24370839801633237,0
17874,185,6,683.46,5.225746673713202,1.9459101490553132,6.528630206205813,0,At-Risk / Low-Engagement,0.2926466927853163,0
17877,170,1,237.61,5.14166355650266,0.6931471805599453,5.474830419933934,0,At-Risk / Low-Engagement,0.6593303847132994,1
17878,43,1,379.45,3.784189633918261,0.6931471805599453,5.941354762622532,0,At-Risk / Low-Engagement,0.5747344177400742,1
17879,173,1,178.51999999999998,5.159055299214529,0.6931471805599453,5.190286622334331,0,At-Risk / Low-Engagement,0.6766807000742052,1
17880,364,1,458.92,5.8998973535824915,0.6931471805599453,6.131052561315036,0,At-Risk / Low-Engagement,0.639618541573188,1
17881,304,1,133.35000000000002,5.720311776607412,0.6931471805599453,4.9004483350615,0,At-Risk / Low-Engagement,0.7107546551152564,1
17883,3,4,664.34,1.3862943611198906,1.6094379124341003,6.500298188193179,1,Loyal / High-Value,0.23174922125318767,0
17884,3,4,695.0699999999999,1.3862943611198906,1.6094379124341003,6.545450229989766,1,Loyal / High-Value,0.2296307218924741,0
17885,12,1,156.34,2.5649493574615367,0.6931471805599453,5.0584090689010965,0,At-Risk / Low-Engagement,0.5800198785406603,1
17886,31,3,869.28,3.4657359027997265,1.3862943611198906,6.768814998950002,0,At-Risk / Low-Engagement,0.33615488951714645,0
17887,129,1,111.35,4.867534450455582,0.6931471805599453,4.721618998631338,0,At-Risk / Low-Engagement,0.6924992844454537,1
17888,21,8,716.0,3.091042453358316,2.1972245773362196,6.57507584059962,1,Loyal / High-Value,0.1791417218564557,0
17889,212,2,201.37,5.3612921657094255,1.0986122886681096,5.310097705083568,0,At-Risk / Low-Engagement,0.5812951236144052,1
17890,322,2,586.89,5.777652323222656,1.0986122886681096,6.376539855568017,0,At-Risk / Low-Engagement,0.5237046379159441,1
17891,162,1,203.85999999999999,5.093750200806762,0.6931471805599453,5.3223268190083886,0,At-Risk / Low-Engagement,0.6664801476122105,1
17892,56,3,244.1,4.04305126783455,1.3862943611198906,5.501666290534067,0,At-Risk / Low-Engagement,0.43900567813910807,0
17893,225,1,107.21,5.420534999272286,0.6931471805599453,4.684073783583557,0,At-Risk / Low-Engagement,0.7145949289598645,1
17894,71,8,1118.96,4.276666119016055,2.1972245773362196,7.021048249365656,1,Loyal / High-Value,0.1924533026624296,0
17895,44,1,95.45,3.8066624897703196,0.6931471805599453,4.569024739351738,0,At-Risk / Low-Engagement,0.661034930715899,1
17896,23,1,256.32,3.1780538303479458,0.6931471805599453,5.550320446542799,0,At-Risk / Low-Engagement,0.5742701661358737,1
17897,172,3,541.8100000000001,5.153291594497779,1.3862943611198906,6.2967593507829065,0,At-Risk / Low-Engagement,0.43473322258578784,0
17898,85,2,152.06,4.454347296253507,1.0986122886681096,5.030830001381775,0,At-Risk / Low-Engagement,0.5607969745443593,1
17899,159,1,154.55,5.075173815233827,0.6931471805599453,5.046967223343646,0,At-Risk / Low-Engagement,0.6817617862836688,1
17900,190,2,112.19999999999999,5.25227342804663,1.0986122886681096,4.729156165769083,0,At-Risk / Low-Engagement,0.6136649897762987,1
17901,29,1,110.38,3.4011973816621555,0.6931471805599453,4.7129477781615225,0,At-Risk / Low-Engagement,0.6363217079411866,1
17904,21,1,181.07,3.091042453358316,0.6931471805599453,5.204391228515873,0,At-Risk / Low-Engagement,0.592820531345561,1
17905,71,4,798.99,4.276666119016055,1.6094379124341003,6.684599227589802,0,At-Risk / Low-Engagement,0.3218773822584977,0
17906,247,1,72.9,5.5134287461649825,0.6931471805599453,4.302712827954156,0,At-Risk / Low-Engagement,0.7378384595334724,1
17908,373,1,232.03,5.912501651847105,0.6931471805599453,5.451167200642247,0,At-Risk / Low-Engagement,0.6799310095591181,1
17911,9,1,366.23,2.302585092994046,0.6931471805599453,5.9059883547555305,0,At-Risk / Low-Engagement,0.5132980566433929,1
17912,310,5,310.06,5.739792912179234,1.791759469228055,5.739985819616414,0,At-Risk / Low-Engagement,0.39068878802452695,0
17913,58,2,408.65,4.07753744390572,1.0986122886681096,6.015303136587824,0,At-Risk / Low-Engagement,0.4796805394330484,0
17914,3,1,329.36,1.3862943611198906,0.6931471805599453,5.800182968942516,0,At-Risk / Low-Engagement,0.4805166169772695,0
17917,45,3,335.03,3.828641396489095,1.3862943611198906,5.8172004416917575,0,At-Risk / Low-Engagement,0.4095419829177424,0
17919,88,1,1304.04,4.48863636973214,0.6931471805599453,7.173988970628047,0,At-Risk / Low-Engagement,0.5243979859409349,1
17920,4,17,4119.5,1.6094379124341003,2.8903717578961645,8.323729794203437,1,Loyal / High-Value,0.04976422640318233,0
17921,64,4,820.23,4.174387269895637,1.6094379124341003,6.710803216382034,0,At-Risk / Low-Engagement,0.31651156387158635,0
17923,282,1,207.50000000000003,5.645446897643238,0.6931471805599453,5.339939041238856,0,At-Risk / Low-Engagement,0.6862963771399956,1
17924,11,7,2962.5,2.4849066497880004,2.0794415416798357,7.994126281227893,1,Loyal / High-Value,0.13211594802248994,0
17925,372,1,244.08,5.912501651847105,0.6931471805599453,5.501584687857454,0,At-Risk / Low-Engagement,0.6770233116690051,1
17926,133,2,397.29,4.897839799950911,1.0986122886681096,5.98718038316893,0,At-Risk / Low-Engagement,0.5171408924122163,1
17928,45,2,212.54,3.828641396489095,1.0986122886681096,5.363824168750156,0,At-Risk / Low-Engagement,0.5119183854186169,1
17929,11,4,843.0,2.4849066497880004,1.6094379124341003,6.738152494595957,1,Loyal / High-Value,0.25530309129913864,0
17930,35,5,1740.48,3.58351893845611,1.791759469228055,7.462490605387541,1,Loyal / High-Value,0.22143405151879741,0
17931,134,2,408.36,4.90527477843843,1.0986122886681096,6.014594964496837,0,At-Risk / Low-Engagement,0.5156533953822123,1
17932,29,3,1331.57,3.4011973816621555,1.3862943611198906,7.19486468749322,1,Loyal / High-Value,0.30910130711317446,0
17934,51,2,704.25,3.9512437185814275,1.0986122886681096,6.558552349882106,0,At-Risk / Low-Engagement,0.4385913376883731,0
17935,138,2,145.79,4.9344739331306915,1.0986122886681096,4.989002993969142,0,At-Risk / Low-Engagement,0.5839107354802908,1
17936,5,1,380.13,1.791759469228055,0.6931471805599453,5.943140524277792,0,At-Risk / Low-Engagement,0.4886663043936147,0
17937,8,7,4301.22,2.1972245773362196,2.0794415416798357,8.366886447525236,1,Loyal / High-Value,0.11599714359257259,0
17939,159,1,99.14,5.075173815233827,0.6931471805599453,4.606569206901799,0,At-Risk / Low-Engagement,0.7064721173636737,1
17940,49,10,4020.04,3.912023005428146,2.3978952727983707,8.299295854621981,1,Loyal / High-Value,0.11503870945808345,0
17941,130,1,304.56,4.875197323201151,0.6931471805599453,5.722146158673159,0,At-Risk / Low-Engagement,0.6338210805687242,1
17942,7,1,77.50000000000001,2.0794415416798357,0.6931471805599453,4.363098624788363,0,At-Risk / Low-Engagement,0.6040457329472705,1
17946,233,2,149.57999999999998,5.455321115357702,1.0986122886681096,5.014494504421976,0,At-Risk / Low-Engagement,0.6040991976540628,1
17947,37,1,176.68,3.6375861597263857,0.6931471805599453,5.179984179586172,0,At-Risk / Low-Engagement,0.6170437881923604,1
17948,147,1,358.56000000000006,4.997212273764115,0.6931471805599453,5.884881061705198,0,At-Risk / Low-Engagement,0.6287397360700988,1
17949,1,45,58510.48,0.6931471805599453,3.4339872044851463,9.892501674765558,1,Loyal / High-Value,0.023305644754665837,0
17950,72,3,482.2,4.290459441148391,1.3862943611198906,6.180430646620605,0,At-Risk / Low-Engagement,0.4057228042129029,0
17951,39,3,1008.5400000000001,3.6888794541139363,1.3862943611198906,6.917250060543926,0,At-Risk / Low-Engagement,0.33604665922841576,0
17954,5,12,2314.13,1.791759469228055,2.5649493574615367,7.747221120451233,1,Loyal / High-Value,0.08068143374296835,0
17955,198,4,557.3,5.293304824724492,1.6094379124341003,6.324896452316315,0,At-Risk / Low-Engagement,0.38379273465898867,0
17956,249,1,12.75,5.521460917862246,0.6931471805599453,3.9740583963475986,0,At-Risk / Low-Engagement,0.757665486254013,1
17957,66,1,111.68,4.204692619390966,0.6931471805599453,4.724551943008172,0,At-Risk / Low-Engagement,0.6672838034652309,1
17958,116,1,508.4599999999999,4.762173934797756,0.6931471805599453,6.233351341239327,0,At-Risk / Low-Engagement,0.5972122627906029,1
17960,171,1,73.78,5.147494476813453,0.6931471805599453,4.314550469548967,0,At-Risk / Low-Engagement,0.7247357214307619,1
17961,21,39,1296.44,3.091042453358316,3.4339872044851463,7.1681483711962475,1,Loyal / High-Value,0.06414916696104712,0
17962,142,1,102.41,4.962844630259907,0.6931471805599453,4.638701669196884,0,At-Risk / Low-Engagement,0.7006312453719286,1
17964,31,2,463.21,3.4657359027997265,1.0986122886681096,6.140337036046906,0,At-Risk / Low-Engagement,0.44506211871317414,0
17965,37,14,2599.19,3.6375861597263857,2.70805020110221,7.863339798262662,1,Loyal / High-Value,0.09201248523698494,0
17966,37,5,1098.43,3.6375861597263857,1.791759469228055,7.0025471426656845,1,Loyal / High-Value,0.24483724408853916,0
17967,371,1,112.27,5.912501651847105,0.6931471805599453,4.729774349212622,0,At-Risk / Low-Engagement,0.7199420668323979,1
17968,373,1,265.1,5.912501651847105,0.6931471805599453,5.583872177983643,0,At-Risk / Low-Engagement,0.6722481242915864,1
17969,166,2,228.2,5.117993812416755,1.0986122886681096,5.434594984840585,0,At-Risk / Low-Engagement,0.5628949981029504,1
17970,211,1,562.79,5.356586274672012,0.6931471805599453,6.334681841736619,0,At-Risk / Low-Engagement,0.6154587267723461,1
17972,241,1,135.19,5.488937726156687,0.6931471805599453,4.914050969580866,0,At-Risk / Low-Engagement,0.7045139712364232,1
17973,51,1,337.04,3.9512437185814275,0.6931471805599453,5.823164231676282,0,At-Risk / Low-Engagement,0.5893929855518739,1
17974,24,3,703.99,3.2188758248682006,1.3862943611198906,6.558183618314506,0,At-Risk / Low-Engagement,0.3390192475551216,0
17975,15,13,4483.26,2.772588722239781,2.639057329615259,8.408328766453955,1,Loyal / High-Value,0.07493806598480549,0
17976,372,1,321.79,5.912501651847105,0.6931471805599453,5.7770019569816125,0,At-Risk / Low-Engagement,0.6609009287976552,1
17977,29,1,288.14,3.4011973816621555,0.6931471805599453,5.6669109998802965,0,At-Risk / Low-Engagement,0.5762087267182359,1
17978,365,1,300.91999999999996,5.902633333401366,0.6931471805599453,5.71016208162024,0,At-Risk / Low-Engagement,0.6648498412709727,1
17979,35,4,732.41,3.58351893845611,1.6094379124341003,6.597704890668348,1,Loyal / High-Value,0.30099228606391504,0
17980,165,3,811.45,5.111987788356544,1.3862943611198906,6.700054373848785,0,At-Risk / Low-Engagement,0.4070048542854347,0
17984,145,1,152.68,4.983606621708336,0.6931471805599453,5.034872518460301,0,At-Risk / Low-Engagement,0.6789985577356773,1
17985,22,1,631.35,3.1354942159291497,0.6931471805599453,6.4494430383259855,0,At-Risk / Low-Engagement,0.5135456192001132,1
17986,56,1,20.8,4.04305126783455,0.6931471805599453,3.9740583963475986,0,At-Risk / Low-Engagement,0.707472147404392,1
17987,185,1,198.57,5.225746673713202,0.6931471805599453,5.2961650519798935,0,At-Risk / Low-Engagement,0.6730804957790552,1
17988,11,7,201.12,2.4849066497880004,2.0794415416798357,5.308861580423708,1,Loyal / High-Value,0.23641121804692894,0
17990,236,3,630.84,5.4680601411351315,1.3862943611198906,6.448636197538339,0,At-Risk / Low-Engagement,0.43830453309998396,0
17991,225,2,93.35,5.420534999272286,1.0986122886681096,4.547011271814559,0,At-Risk / Low-Engagement,0.6318413655359754,1
17994,121,4,674.89,4.804021044733257,1.6094379124341003,6.516030340908829,0,At-Risk / Low-Engagement,0.35228834119563646,0
17995,281,1,76.1,5.641907070938114,0.6931471805599453,4.345103280569283,0,At-Risk / Low-Engagement,0.7399814884875577,1
17997,74,8,1962.46,4.31748811353631,2.1972245773362196,7.582463502025479,1,Loyal / High-Value,0.17143627640247253,0
17999,37,2,380.39,3.6375861597263857,1.0986122886681096,5.94382247363014,0,At-Risk / Low-Engagement,0.4653456958675529,0
18001,12,2,415.13,2.5649493574615367,1.0986122886681096,6.030997711443308,0,At-Risk / Low-Engagement,0.4138207078639556,0
18004,362,1,157.92,5.8944028342648505,0.6931471805599453,5.068400930946398,0,At-Risk / Low-Engagement,0.7015415221614955,1
18005,3,2,226.47,1.3862943611198906,1.0986122886681096,5.42701836156377,0,At-Risk / Low-Engagement,0.4029387726513914,0
18006,23,1,444.68,3.1780538303479458,0.6931471805599453,6.09960120571256,0,At-Risk / Low-Engagement,0.5384434632508982,1
18008,70,9,2116.19,4.2626798770413155,2.302585092994046,7.657845016753332,1,Loyal / High-Value,0.15284130333865859,0
18009,235,1,247.39,5.4638318050256105,0.6931471805599453,5.515000091600009,0,At-Risk / Low-Engagement,0.6694390351838883,1
18010,256,1,174.8,5.54907608489522,0.6931471805599453,5.169346985251076,0,At-Risk / Low-Engagement,0.6925009670394626,1
18011,373,1,102.78999999999999,5.912501651847105,0.6931471805599453,4.642369626977198,0,At-Risk / Low-Engagement,0.7245774185146862,1
18013,155,2,187.29,5.049856007249537,1.0986122886681096,5.237983327508337,0,At-Risk / Low-Engagement,0.5727461766247496,1
18014,28,1,162.22,3.367295829986474,0.6931471805599453,5.095098984041097,0,At-Risk / Low-Engagement,0.6112368791366466,1
18015,4,1,120.03,1.6094379124341003,0.6931471805599453,4.7960384487505126,0,At-Risk / Low-Engagement,0.5563242195194313,1
18016,32,5,1477.66,3.4965075614664802,1.791759469228055,7.298891551225709,1,Loyal / High-Value,0.22632321098079053,0
18017,81,3,523.0,4.406719247264253,1.3862943611198906,6.261491684321042,0,At-Risk / Low-Engagement,0.405424458086427,0
18018,108,2,122.14,4.6913478822291435,1.0986122886681096,4.813321919483064,0,At-Risk / Low-Engagement,0.5849350502978866,1
18019,51,1,38.45,3.9512437185814275,0.6931471805599453,3.9740583963475986,0,At-Risk / Low-Engagement,0.7041611487829287,1
18022,35,1,612.72,3.58351893845611,0.6931471805599453,6.419538798077005,0,At-Risk / Low-Engagement,0.5349227957665481,1
18024,152,2,389.78,5.030437921392435,1.0986122886681096,5.968144741786365,0,At-Risk / Low-Engagement,0.5241446958175858,1
18027,98,1,115.31,4.59511985013459,0.6931471805599453,4.7562590403509475,0,At-Risk / Low-Engagement,0.6803446571364392,1
18030,4,2,230.64999999999998,1.6094379124341003,1.0986122886681096,5.4452276118626575,0,At-Risk / Low-Engagement,0.41113110667650243,0
18032,334,1,73.5,5.814130531825066,0.6931471805599453,4.310799125385514,0,At-Risk / Low-Engagement,0.7417226855894583,1
18033,65,1,93.82000000000001,4.189654742026425,0.6931471805599453,4.551980357473973,0,At-Risk / Low-Engagement,0.676763488994902,1
18034,21,2,418.68,3.091042453358316,1.0986122886681096,6.039492516118564,0,At-Risk / Low-Engagement,0.4355943605661345,0
18035,35,3,713.89,3.58351893845611,1.3862943611198906,6.572128684704628,0,At-Risk / Low-Engagement,0.3525110331052741,0
18036,32,3,403.12,3.4965075614664802,1.3862943611198906,6.001711863559532,0,At-Risk / Low-Engagement,0.38406541552834617,0
18037,154,6,70.02,5.043425116919247,1.9459101490553132,4.262961527514942,0,At-Risk / Low-Engagement,0.42183586906224585,0
18040,19,2,357.20000000000005,2.995732273553991,1.0986122886681096,5.881091489626612,0,At-Risk / Low-Engagement,0.4418299421505359,0
18041,11,21,4097.37,2.4849066497880004,3.091042453358316,8.318344612668472,1,Loyal / High-Value,0.04739045263087467,0
18042,53,1,165.04999999999998,3.9889840465642745,0.6931471805599453,5.112288947822756,0,At-Risk / Low-Engagement,0.6355150656741173,1
18043,24,3,529.29,3.2188758248682006,1.3862943611198906,6.273424026714671,0,At-Risk / Low-Engagement,0.35608803554352425,0
18044,4,10,2088.6,1.6094379124341003,2.3978952727983707,7.644727939082112,1,Loyal / High-Value,0.09387968925745277,0
18045,45,1,178.34,3.828641396489095,0.6931471805599453,5.189283445523902,0,At-Risk / Low-Engagement,0.6242777379351038,1
18048,203,2,172.29000000000002,5.318119993844216,1.0986122886681096,5.1549664916521545,0,At-Risk / Low-Engagement,0.5894293366941508,1
18050,359,1,74.4,5.886104031450156,0.6931471805599453,4.32280727501391,0,At-Risk / Low-Engagement,0.74111404600173,1
18053,70,1,300.02,4.2626798770413155,0.6931471805599453,5.707176707724217,0,At-Risk / Low-Engagement,0.609738759624732,1
18055,7,10,6761.34,2.0794415416798357,2.3978952727983707,8.819124262985744,1,Loyal / High-Value,0.0761386272460317,0
18056,288,1,363.65,5.666426688112432,0.6931471805599453,5.898937989430242,0,At-Risk / Low-Engagement,0.6536392171701307,1
18058,9,1,170.16,2.302585092994046,0.6931471805599453,5.142598791548616,0,At-Risk / Low-Engagement,0.5634134815438707,1
18059,23,3,306.46,3.1780538303479458,1.3862943611198906,5.728344997484453,0,At-Risk / Low-Engagement,0.3880851968464727,0
18061,21,10,2119.41,3.091042453358316,2.3978952727983707,7.659364745193834,1,Loyal / High-Value,0.11777322334034156,0
18062,173,3,720.52,5.159055299214529,1.3862943611198906,6.581360097857453,0,At-Risk / Low-Engagement,0.416585557428088,0
18064,133,2,814.0,4.897839799950911,1.0986122886681096,6.703188113240863,0,At-Risk / Low-Engagement,0.4698602496722366,0
18065,5,14,2392.83,1.791759469228055,2.70805020110221,7.780649872736044,1,Loyal / High-Value,0.06991172294728235,0
18066,75,1,318.0,4.330733340286331,0.6931471805599453,5.765191102784844,0,At-Risk / Low-Engagement,0.6089014291166445,1
18067,40,1,396.33,3.713572066704308,0.6931471805599453,5.98476716966025,0,At-Risk / Low-Engagement,0.5689212910892856,1
18068,289,1,101.69999999999999,5.66988092298052,0.6931471805599453,4.631812116934513,0,At-Risk / Low-Engagement,0.7251340870344466,1
18069,26,5,2009.24,3.295836866004329,1.791759469228055,7.606009396910227,1,Loyal / High-Value,0.2066497719443831,0
18071,257,2,453.0,5.552959584921617,1.0986122886681096,6.118097198041348,0,At-Risk / Low-Engagement,0.5368745909760467,1
18072,185,1,247.44,5.225746673713202,0.6931471805599453,5.515201367691102,0,At-Risk / Low-Engagement,0.6602128400184342,1
18073,114,12,3859.82,4.74493212836325,2.5649493574615367,8.258634875130868,1,Loyal / High-Value,0.11350843821863704,0
18074,373,1,489.6,5.912501651847105,0.6931471805599453,6.195629131824389,0,At-Risk / Low-Engagement,0.6356738997876838,1
18075,23,10,2611.75,3.1780538303479458,2.3978952727983707,7.868158585474613,1,Loyal / High-Value,0.11367144813160827,0
18077,8,11,2584.41,2.1972245773362196,2.4849066497880004,7.85763938171581,1,Loyal / High-Value,0.09028338261134466,0
18078,217,2,336.13,5.384495062789089,1.0986122886681096,5.820468612643942,0,At-Risk / Low-Engagement,0.5491389169105944,1
18079,45,4,3613.15,3.828641396489095,1.6094379124341003,8.192611975548187,1,Loyal / High-Value,0.22764476442459702,0
18080,18,2,1231.5,2.9444389791664403,1.0986122886681096,7.116799905916845,1,Loyal / High-Value,0.3613890613346727,0
18081,36,3,343.45,3.6109179126442243,1.3862943611198906,5.841948942039205,0,At-Risk / Low-Engagement,0.3988597608632022,0
18082,25,1,680.84,3.258096538021482,0.6931471805599453,6.524795026214043,0,At-Risk / Low-Engagement,0.5138887228958043,1
18084,16,1,90.47999999999999,2.833213344056216,0.6931471805599453,4.516120369154581,0,At-Risk / Low-Engagement,0.625466895694953,1
18085,330,2,689.95,5.802118375377063,1.0986122886681096,6.538067462249494,0,At-Risk / Low-Engagement,0.5130434261619652,1
18086,274,1,101.34,5.616771097666572,0.6931471805599453,4.628300603376946,0,At-Risk / Low-Engagement,0.7244484135108056,1
18087,98,2,4055.7199999999993,4.59511985013459,1.0986122886681096,8.308130044310031,1,Loyal / High-Value,0.35489434139493636,0
18088,61,1,166.03,4.127134385045092,0.6931471805599453,5.118173437001857,0,At-Risk / Low-Engagement,0.6406968955606506,1
18092,2,11,9068.26,1.0986122886681096,2.4849066497880004,9.11264595212913,1,Loyal / High-Value,0.05557767157159368,0
18093,93,4,2106.52,4.543294782270004,1.6094379124341003,7.653267179747945,1,Loyal / High-Value,0.27789241943113474,0
18094,81,7,3017.3,4.406719247264253,2.0794415416798357,8.012449037966114,1,Loyal / High-Value,0.17459239645770083,0
18095,312,2,580.0500000000001,5.746203190540153,1.0986122886681096,6.364836811668883,0,At-Risk / Low-Engagement,0.5244763452977057,1
18096,11,3,849.06,2.4849066497880004,1.3862943611198906,6.745306935228424,1,Loyal / High-Value,0.30056227705029387,0
18097,7,6,2662.4,2.0794415416798357,1.9459101490553132,7.887358781068045,1,Loyal / High-Value,0.14328602950148717,0
18099,127,1,168.31,4.852030263919617,0.6931471805599453,5.131731354140141,0,At-Risk / Low-Engagement,0.6683457690393558,1
18101,11,2,222.4,2.4849066497880004,1.0986122886681096,5.4089638866351,0,At-Risk / Low-Engagement,0.4507491670150888,0
18102,0,60,259657.3,0.6931471805599453,3.4339872044851463,9.892501674765558,1,Loyal / High-Value,0.02071690571681293,0
18104,37,1,754.64,3.6375861597263857,0.6931471805599453,6.627565072288651,0,At-Risk / Low-Engagement,0.523560693102591,1
18105,37,1,113.48000000000002,3.6375861597263857,0.6931471805599453,4.740400135248196,0,At-Risk / Low-Engagement,0.6441070911066402,1
18106,329,1,421.9,5.799092654460526,0.6931471805599453,6.047135744478443,0,At-Risk / Low-Engagement,0.6447164826542672,1
18108,254,1,271.0,5.541263545158426,0.6931471805599453,5.605802066295998,0,At-Risk / Low-Engagement,0.6670987446284848,1
18109,1,26,8004.92,0.6931471805599453,3.295836866004329,8.987936546996973,1,Loyal / High-Value,0.0271766493248027,0
18110,19,1,198.8,2.995732273553991,0.6931471805599453,5.297316866214453,0,At-Risk / Low-Engagement,0.5828577550653153,1
18112,12,2,352.69,2.5649493574615367,1.0986122886681096,5.868420823264403,0,At-Risk / Low-Engagement,0.4242840230361302,0
18113,368,1,76.32000000000001,5.910796644040527,0.6931471805599453,4.34795265434013,0,At-Risk / Low-Engagement,0.7398365191050389,1
18114,290,1,220.1,5.673323267171493,0.6931471805599453,5.3986150878634005,0,At-Risk / Low-Engagement,0.6829470042733885,1
18116,67,8,1403.1100000000001,4.219507705176107,2.1972245773362196,7.247158929095093,1,Loyal / High-Value,0.18185147997041598,0
18117,25,1,315.65,3.258096538021482,0.6931471805599453,5.757797062962439,0,At-Risk / Low-Engagement,0.5642295624054063,1
18118,10,26,5625.08,2.3978952727983707,3.295836866004329,8.63516820864298,1,Loyal / High-Value,0.039601418541784145,0
18119,367,1,180.7,5.908082938168931,0.6931471805599453,5.202356975402125,0,At-Risk / Low-Engagement,0.6940738014555766,1
18120,214,1,111.15,5.3706380281276624,0.6931471805599453,4.719837260966218,0,At-Risk / Low-Engagement,0.7108847152052902,1
18121,149,2,653.3,5.0106352940962555,1.0986122886681096,6.483565961875693,0,At-Risk / Low-Engagement,0.48923892770622585,0
18122,8,6,1793.06,2.1972245773362196,1.9459101490553132,7.492236486875529,1,Loyal / High-Value,0.15931382668872876,0
18123,24,2,574.4399999999999,3.2188758248682006,1.0986122886681096,6.355134965559101,0,At-Risk / Low-Engagement,0.4206009439901237,0
18125,29,4,1131.75,3.4011973816621555,1.6094379124341003,7.032403583547247,1,Loyal / High-Value,0.2710762977284331,0
18126,60,1,200.92000000000002,4.110873864173311,0.6931471805599453,5.307871579352849,0,At-Risk / Low-Engagement,0.6284128869635911,1
18127,19,3,347.08,2.995732273553991,1.3862943611198906,5.852432338412425,0,At-Risk / Low-Engagement,0.3728893316135846,0
18129,243,1,112.55000000000001,5.497168225293202,0.6931471805599453,4.732243268551567,0,At-Risk / Low-Engagement,0.7147122894072491,1
18130,15,3,1059.39,2.772588722239781,1.3862943611198906,6.966392043966783,1,Loyal / High-Value,0.2987821016327045,0
18133,212,1,931.4999999999999,5.3612921657094255,0.6931471805599453,6.83786915151797,0,At-Risk / Low-Engagement,0.5837296709443247,1
18135,29,5,681.9100000000001,3.4011973816621555,1.791759469228055,6.52636307929225,1,Loyal / High-Value,0.2608595294407688,0
18136,63,3,784.33,4.1588830833596715,1.3862943611198906,6.666104011612187,0,At-Risk / Low-Engagement,0.3698337967075617,0
18138,295,1,152.65,5.69035945432406,0.6931471805599453,5.034677288576494,0,At-Risk / Low-Engagement,0.7034049495250635,1
18139,17,6,8438.34,2.8903717578961645,1.9459101490553132,9.040659385480165,1,Loyal / High-Value,0.1243009445765661,0
18142,157,2,1019.52,5.062595033026967,1.0986122886681096,6.928067580294015,0,At-Risk / Low-Engagement,0.46218684847232305,0
18143,116,2,1000.16,4.762173934797756,1.0986122886681096,6.908914606701983,0,At-Risk / Low-Engagement,0.45049809139441477,0
18144,7,12,2888.75,2.0794415416798357,2.5649493574615367,7.968925272174377,1,Loyal / High-Value,0.08004246323458906,0
18145,12,4,2861.55,2.5649493574615367,1.6094379124341003,7.959468114958852,1,Loyal / High-Value,0.2010875920324354,0
18146,140,2,160.35000000000002,4.948759890378168,1.0986122886681096,5.083575918497971,0,At-Risk / Low-Engagement,0.5784287924963948,1
18147,45,2,179.33999999999997,3.828641396489095,1.0986122886681096,5.19484395807176,0,At-Risk / Low-Engagement,0.5230728545881789,1
18149,50,3,612.0799999999999,3.9318256327243257,1.3862943611198906,6.4184954331307065,0,At-Risk / Low-Engagement,0.3759192315560123,0
18150,32,3,566.58,3.4965075614664802,1.3862943611198906,6.341381708583334,0,At-Risk / Low-Engagement,0.3630550675415486,0
18151,134,2,653.35,4.90527477843843,1.0986122886681096,6.483642376501489,0,At-Risk / Low-Engagement,0.48466201965973515,0
18154,3,2,399.19,1.3862943611198906,1.0986122886681096,5.991939434331194,1,Loyal / High-Value,0.36758597692787764,0
18155,75,3,371.62,4.330733340286331,1.3862943611198906,5.920559133592207,0,At-Risk / Low-Engagement,0.42409712083892387,0
18156,12,2,675.64,2.5649493574615367,1.0986122886681096,6.517139373724178,0,At-Risk / Low-Engagement,0.38302755220344853,0
18158,9,2,453.4,2.302585092994046,1.0986122886681096,6.118977867406942,0,At-Risk / Low-Engagement,0.39722939312111005,0
18159,301,1,530.15,5.71042701737487,0.6931471805599453,6.275044467226023,0,At-Risk / Low-Engagement,0.63079777107225,1
18160,57,2,638.0600000000001,4.060443010546419,1.0986122886681096,6.459998346683129,0,At-Risk / Low-Engagement,0.4497059546039799,0
18161,15,5,1618.69,2.772588722239781,1.791759469228055,7.3899900518904555,1,Loyal / High-Value,0.2011677778716585,0
18164,37,1,399.65000000000003,3.6375861597263857,0.6931471805599453,5.99308822822408,0,At-Risk / Low-Engagement,0.5651410299985179,1
18165,177,1,302.46000000000004,5.181783550292085,0.6931471805599453,5.715249806097095,0,At-Risk / Low-Engagement,0.646506636058033,1
18167,23,3,1384.8600000000001,3.1780538303479458,1.3862943611198906,7.234076164546975,1,Loyal / High-Value,0.29870996367052416,0
18168,176,6,1160.04,5.176149732573829,1.9459101490553132,7.057071434162108,0,At-Risk / Low-Engagement,0.2629123199259883,0
18169,60,1,202.65,4.110873864173311,0.6931471805599453,5.316402834094422,0,At-Risk / Low-Engagement,0.6278860605987369,1
18170,33,3,980.31,3.5263605246161616,1.3862943611198906,6.888888413724063,1,Loyal / High-Value,0.3314372926966664,0
18171,58,5,1231.31,4.07753744390572,1.791759469228055,7.116645735818236,1,Loyal / High-Value,0.2534890571270805,0
18172,14,20,7561.68,2.70805020110221,3.044522437723423,8.930980903708734,1,Loyal / High-Value,0.0440869335908692,0
18173,86,4,2106.84,4.465908118654584,1.6094379124341003,7.653419005452328,1,Loyal / High-Value,0.2751952466621886,0
18174,7,1,104.0,2.0794415416798357,0.6931471805599453,4.653960350157523,0,At-Risk / Low-Engagement,0.5855147823801203,1
18176,358,1,476.35,5.883322388488279,0.6931471805599453,6.168249974444042,0,At-Risk / Low-Engagement,0.6373486105014683,1
18177,31,6,1340.8700000000001,3.4657359027997265,1.9459101490553132,7.20181944249662,1,Loyal / High-Value,0.2032287312428479,0
18178,128,4,1590.81,4.859812404361672,1.6094379124341003,7.372627012548272,0,At-Risk / Low-Engagement,0.30454033231906236,0
18179,9,6,1793.17,2.302585092994046,1.9459101490553132,7.4922977984414185,1,Loyal / High-Value,0.1617779136222747,0
18180,4,6,1843.75,1.6094379124341003,1.9459101490553132,7.520099045938476,1,Loyal / High-Value,0.14519432700536186,0
18181,24,1,366.85,3.2188758248682006,0.6931471805599453,5.907675246378274,0,At-Risk / Low-Engagement,0.5527799060754613,1
18183,227,2,632.07,5.429345628954441,1.0986122886681096,6.450581000548326,0,At-Risk / Low-Engagement,0.5095976198255996,1
18184,15,1,49.8,2.772588722239781,0.6931471805599453,3.9740583963475986,0,At-Risk / Low-Engagement,0.6587662596680708,1
18185,249,1,304.25,5.521460917862246,0.6931471805599453,5.721131112990814,0,At-Risk / Low-Engagement,0.6595214418989231,1
18188,15,3,2001.04,2.772588722239781,1.3862943611198906,7.601921939695548,1,Loyal / High-Value,0.26480862381244064,0
18189,77,2,1090.24,4.356708826689592,1.0986122886681096,6.995069943308846,0,At-Risk / Low-Engagement,0.4275483269985027,0
18190,192,2,284.46000000000004,5.262690188904886,1.0986122886681096,5.654101914201623,0,At-Risk / Low-Engagement,0.5547840283829559,1
18191,261,1,207.79999999999998,5.568344503761097,0.6931471805599453,5.341376856008484,0,At-Risk / Low-Engagement,0.6834567992660869,1
18192,71,1,957.97,4.276666119016055,0.6931471805599453,6.865859791808101,0,At-Risk / Low-Engagement,0.5355187343218584,1
18193,165,1,243.76,5.111987788356544,0.6931471805599453,5.500278138594339,0,At-Risk / Low-Engagement,0.6566564563718228,1
18194,82,1,973.8399999999999,4.418840607796598,0.6931471805599453,6.882273354967445,0,At-Risk / Low-Engagement,0.5405779429061682,1
18196,95,2,686.63,4.564348191467836,1.0986122886681096,6.533250902574385,0,At-Risk / Low-Engagement,0.46662421545325933,0
18198,4,17,5425.56,1.6094379124341003,2.8903717578961645,8.599060694675584,1,Loyal / High-Value,0.046432753574907476,0
18200,106,1,150.35,4.672828834461906,0.6931471805599453,5.019595035467727,0,At-Risk / Low-Engagement,0.6680178062936569,1
18202,199,3,1396.99,5.298317366548036,1.3862943611198906,7.242790769692349,0,At-Risk / Low-Engagement,0.38048634567204626,0
18203,157,1,160.42000000000002,5.062595033026967,0.6931471805599453,5.084009663896226,0,At-Risk / Low-Engagement,0.6791573762587323,1
18204,71,3,1975.35,4.276666119016055,1.3862943611198906,7.589006988129015,1,Loyal / High-Value,0.3194139677501505,0
18205,36,2,517.36,3.6109179126442243,1.0986122886681096,6.2506699815672135,0,At-Risk / Low-Engagement,0.4440860513913291,0
18209,28,1,139.10000000000002,3.367295829986474,0.6931471805599453,4.942356453342962,0,At-Risk / Low-Engagement,0.6207884025017353,1
18210,1,6,2621.38,0.6931471805599453,1.9459101490553132,7.871837581358896,1,Loyal / High-Value,0.11660885237309843,0
18211,25,5,600.07,3.258096538021482,1.791759469228055,6.3987114002985646,1,Loyal / High-Value,0.2625778463569731,0
18212,326,1,216.07,5.7899601708972535,0.6931471805599453,5.380219882167671,0,At-Risk / Low-Engagement,0.683999110704743,1
18213,236,1,232.48000000000002,5.4680601411351315,0.6931471805599453,5.453096420335591,0,At-Risk / Low-Engagement,0.6732121453293797,1
18215,89,1,299.34000000000003,4.499809670330265,0.6931471805599453,5.7049151662521345,0,At-Risk / Low-Engagement,0.6196349686900624,1
18216,31,1,481.75,3.4657359027997265,0.6931471805599453,6.179498921308624,0,At-Risk / Low-Engagement,0.545603477647705,1
18217,29,2,621.75,3.4011973816621555,1.0986122886681096,6.43414515414229,0,At-Risk / Low-Engagement,0.4232299464015287,0
18218,211,2,641.92,5.356586274672012,1.0986122886681096,6.46602029970094,0,At-Risk / Low-Engagement,0.5054187510396941,1
18219,2,10,2069.77,1.0986122886681096,2.3978952727983707,7.635675797768084,1,Loyal / High-Value,0.08678876754615646,0
18220,226,1,305.28000000000003,5.424950017481403,0.6931471805599453,5.724499716244923,0,At-Risk / Low-Engagement,0.6555461987537468,1
18221,22,5,1041.61,3.1354942159291497,1.791759469228055,6.949482463694109,1,Loyal / High-Value,0.23156083869805588,0
18222,92,1,443.0,4.532599493153256,0.6931471805599453,6.095824562432225,0,At-Risk / Low-Engagement,0.5963662409009809,1
18223,4,14,6484.54,1.6094379124341003,2.70805020110221,8.777330362366365,1,Loyal / High-Value,0.05298968688910278,0
18224,263,1,158.95000000000002,5.575949103146316,0.6931471805599453,5.074861266395527,0,At-Risk / Low-Engagement,0.6987778999071855,1
18225,3,12,5504.96,1.3862943611198906,2.5649493574615367,8.61358642087413,1,Loyal / High-Value,0.06107711102828866,0
18226,44,11,5228.05,3.8066624897703196,2.4849066497880004,8.561984896200169,1,Loyal / High-Value,0.09824757038217152,0
18227,217,1,93.75,5.384495062789089,0.6931471805599453,4.5512418439625355,0,At-Risk / Low-Engagement,0.7204438443425246,1
18228,56,2,779.9,4.04305126783455,1.0986122886681096,6.660447100668629,0,At-Risk / Low-Engagement,0.4358865001316737,0
18229,11,20,7276.900000000001,2.4849066497880004,3.044522437723423,8.892597638039238,1,Loyal / High-Value,0.04289681518288328,0
18230,9,7,2810.2000000000003,2.302585092994046,2.0794415416798357,7.941366717432833,1,Loyal / High-Value,0.1300974769867055,0
18231,192,5,2071.77,5.262690188904886,1.791759469228055,7.636641155966783,1,Loyal / High-Value,0.26664426261538027,0
18232,81,4,592.97,4.406719247264253,1.6094379124341003,6.386828813036717,0,At-Risk / Low-Engagement,0.3443778922347312,0
18233,325,1,440.0,5.786897381366708,0.6931471805599453,6.089044875446846,0,At-Risk / Low-Engagement,0.6421745256333338,1
18235,71,3,1796.48,4.276666119016055,1.3862943611198906,7.494140962968628,1,Loyal / High-Value,0.3248906743590658,0
18236,29,6,882.24,3.4011973816621555,1.9459101490553132,6.783596964352348,1,Loyal / High-Value,0.21979233911285168,0
18237,2,5,987.1,1.0986122886681096,1.791759469228055,6.895783907200917,1,Loyal / High-Value,0.17666505086733625,0
18239,218,5,1561.6100000000001,5.389071729816501,1.791759469228055,7.354112779132593,0,At-Risk / Low-Engagement,0.2859634029813579,0
18240,46,1,422.58,3.8501476017100584,0.6931471805599453,6.0487423982594555,0,At-Risk / Low-Engagement,0.5705902121848889,1
18241,9,17,2073.09,2.302585092994046,2.8903717578961645,7.637277782254905,1,Loyal / High-Value,0.06614083681551403,0
18242,72,4,2232.4900000000002,4.290459441148391,1.6094379124341003,7.711320663504336,1,Loyal / High-Value,0.26615813059866184,0
18245,7,7,2567.06,2.0794415416798357,2.0794415416798357,7.850906029022887,1,Loyal / High-Value,0.12842697412399076,0
18246,23,2,596.1,3.1780538303479458,1.0986122886681096,6.392084603552947,0,At-Risk / Low-Engagement,0.4164980695071754,0
18248,122,2,804.02,4.812184355372417,1.0986122886681096,6.690867121830435,0,At-Risk / Low-Engagement,0.4669668299136321,0
18249,17,1,95.34,2.8903717578961645,0.6931471805599453,4.567883601202075,0,At-Risk / Low-Engagement,0.624586335134088,1
18250,310,1,349.27,5.739792912179234,0.6931471805599453,5.858704285656805,0,At-Risk / Low-Engagement,0.6560433963047081,1
18251,87,1,4314.72,4.477336814478207,0.6931471805599453,8.370019449389407,0,At-Risk / Low-Engagement,0.44509831949070044,0
18252,50,2,518.27,3.9318256327243257,1.0986122886681096,6.252423979106417,0,At-Risk / Low-Engagement,0.4577707155487266,0
18255,89,1,103.3,4.499809670330265,0.6931471805599453,4.647271362006727,0,At-Risk / Low-Engagement,0.6830048673453982,1
18257,39,8,2337.63,3.6888794541139363,2.1972245773362196,7.757320566811742,1,Loyal / High-Value,0.15047337649647996,0
18259,24,3,2338.6000000000004,3.2188758248682006,1.3862943611198906,7.757735253568871,1,Loyal / High-Value,0.27194012253083405,0
18260,172,6,2628.35,5.153291594497779,1.9459101490553132,7.874491946336665,1,Loyal / High-Value,0.22253340447222764,0
18261,43,2,324.24,3.784189633918261,1.0986122886681096,5.784563371339637,0,At-Risk / Low-Engagement,0.48218956388722783,0
18262,140,1,149.48,4.948759890378168,0.6931471805599453,5.013830184992775,0,At-Risk / Low-Engagement,0.678891875724685,1
18263,25,3,1213.1599999999999,3.258096538021482,1.3862943611198906,7.10180775865179,1,Loyal / High-Value,0.3090472676294181,0
18265,72,2,801.51,4.290459441148391,1.0986122886681096,6.687744315985722,0,At-Risk / Low-Engagement,0.4446976619226117,0
18268,134,1,25.5,4.90527477843843,0.6931471805599453,3.9740583963475986,0,At-Risk / Low-Engagement,0.7374772947552318,1
18269,366,1,168.6,5.905361848054571,0.6931471805599453,5.133442723357803,0,At-Risk / Low-Engagement,0.6979286714199812,1
18270,38,2,283.15,3.6635616461296463,1.0986122886681096,5.649502267743131,0,At-Risk / Low-Engagement,0.48587457853391053,0
18272,2,6,3078.58,1.0986122886681096,1.9459101490553132,8.03254850303289,1,Loyal / High-Value,0.11951763140323643,0
18273,2,3,204.0,1.0986122886681096,1.3862943611198906,5.3230099791384085,1,Loyal / High-Value,0.3297348329564181,0
18274,30,1,175.92,3.4339872044851463,0.6931471805599453,5.175697653000126,0,At-Risk / Low-Engagement,0.6089235241677268,1
18276,43,1,335.86,3.784189633918261,0.6931471805599453,5.81966741377024,0,At-Risk / Low-Engagement,0.5825780247807044,1
18277,58,1,110.38,4.07753744390572,0.6931471805599453,4.7129477781615225,0,At-Risk / Low-Engagement,0.6630482258938999,1
18278,73,1,173.9,4.304065093204169,0.6931471805599453,5.164214382024556,0,At-Risk / Low-Engagement,0.6449579841868693,1
18280,277,1,180.60000000000002,5.627621113690637,0.6931471805599453,5.201806466167193,0,At-Risk / Low-Engagement,0.6935776076577613,1
18281,180,1,80.82,5.198497031265826,0.6931471805599453,4.404521712501253,0,At-Risk / Low-Engagement,0.7217477715104628,1
18282,7,2,178.05,2.0794415416798357,1.0986122886681096,5.187665096444442,0,At-Risk / Low-Engagement,0.44780012814132275,0
18283,3,16,2045.53,1.3862943611198906,2.833213344056216,7.623900954999213,1,Loyal / High-Value,0.06038082924184826,0
18287,42,3,1837.28,3.7612001156935624,1.3862943611198906,7.516585630812605,1,Loyal / High-Value,0.3043113442689498,0
