CustomerID,Recency,Frequency,Monetary,Cluster,Segment,Churn_Probability
12346,325,1,77183.6,1,Loyal / High-Value,0.4159993099520994
12347,2,7,4310.0,1,Loyal / High-Value,0.09777002890150731
12348,75,4,1797.24,1,Loyal / High-Value,0.2789044714991422
12349,18,1,1757.55,0,At-Risk / Low-Engagement,0.4379727581165693
12350,310,1,334.4,0,At-Risk / Low-Engagement,0.6586266799739356
12352,36,8,2506.04,1,Loyal / High-Value,0.14643771586856824
12353,204,1,89.0,0,At-Risk / Low-Engagement,0.7210311935026064
12354,232,1,1079.4,0,At-Risk / Low-Engagement,0.5780491925948715
12355,214,1,459.4,0,At-Risk / Low-Engagement,0.6286235795477186
12356,22,3,2811.43,1,Loyal / High-Value,0.25961944071934256
12357,33,1,6207.67,1,Loyal / High-Value,0.38182251171720344
12358,1,2,1168.06,1,Loyal / High-Value,0.27961026797991423
12359,57,4,6310.03,1,Loyal / High-Value,0.2093626580041791
12360,52,3,2662.06,1,Loyal / High-Value,0.291414548374572
12361,287,1,189.9,0,At-Risk / Low-Engagement,0.6912940584142762
12362,3,10,5226.23,1,Loyal / High-Value,0.07253908459590923
12363,109,2,552.0,0,At-Risk / Low-Engagement,0.48689015952728515
12364,7,4,1313.1,1,Loyal / High-Value,0.22131750154351526
12365,291,2,641.38,0,At-Risk / Low-Engagement,0.5178562247211331
12367,4,1,168.9,0,At-Risk / Low-Engagement,0.5340940368110826
12370,51,4,3541.94,1,Loyal / High-Value,0.232347613713732
12371,44,2,1887.96,0,At-Risk / Low-Engagement,0.3699421491384536
12372,71,3,1298.04,0,At-Risk / Low-Engagement,0.3439982534188155
12373,311,1,364.6,0,At-Risk / Low-Engagement,0.6534834706964475
12374,25,1,742.9300000000001,0,At-Risk / Low-Engagement,0.5081313446755651
12375,10,2,457.5,0,At-Risk / Low-Engagement,0.4006294415674431
12377,315,2,1628.12,0,At-Risk / Low-Engagement,0.4564660759805762
12378,129,1,4008.62,0,At-Risk / Low-Engagement,0.4667310171309113
12379,81,2,852.24,0,At-Risk / Low-Engagement,0.4456826192008395
12380,21,4,2724.81,1,Loyal / High-Value,0.2183695479367143
12381,4,5,1845.31,1,Loyal / High-Value,0.16580424412109473
12383,184,5,1850.56,1,Loyal / High-Value,0.2710638647522711
12384,28,2,585.27,0,At-Risk / Low-Engagement,0.42569014401928684
12386,337,2,401.9,0,At-Risk / Low-Engagement,0.5485428225597544
12388,15,6,2780.66,1,Loyal / High-Value,0.15718097368980183
12390,79,1,549.84,0,At-Risk / Low-Engagement,0.5761990348474457
12391,21,1,439.66,0,At-Risk / Low-Engagement,0.5354304494830302
12393,72,4,1582.6000000000001,1,Loyal / High-Value,0.28428736868163634
12394,63,2,1272.48,0,At-Risk / Low-Engagement,0.4092537299055888
12395,19,12,3018.63,1,Loyal / High-Value,0.09160086849509823
12397,35,2,2409.9,1,Loyal / High-Value,0.3462138382007186
12398,45,1,1635.6599999999999,0,At-Risk / Low-Engagement,0.48080293308259014
12399,119,4,1108.65,0,At-Risk / Low-Engagement,0.322362334561413
12401,303,1,84.3,0,At-Risk / Low-Engagement,0.7348072843492687
12402,323,1,225.6,0,At-Risk / Low-Engagement,0.6815387390317267
12403,49,1,427.7,0,At-Risk / Low-Engagement,0.5724441484242487
12405,148,1,1710.39,0,At-Risk / Low-Engagement,0.5288450247057906
12406,22,2,3415.3,1,Loyal / High-Value,0.3088093446869482
12407,49,5,1708.1200000000001,1,Loyal / High-Value,0.23231018575992649
12408,32,5,2888.55,1,Loyal / High-Value,0.19681622546759256
12409,78,3,11072.67,1,Loyal / High-Value,0.23219533625531036
12410,308,2,693.3299999999999,0,At-Risk / Low-Engagement,0.5127211079484881
12412,74,3,1226.88,0,At-Risk / Low-Engagement,0.34897620116313094
12413,66,3,758.1,0,At-Risk / Low-Engagement,0.3737898585178377
12414,217,3,562.41,0,At-Risk / Low-Engagement,0.4421958233694183
12415,24,21,124914.53,1,Loyal / High-Value,0.03886727991247324
12417,3,9,3649.1,1,Loyal / High-Value,0.08658346322976299
12418,112,1,668.58,0,At-Risk / Low-Engagement,0.578243496277629
12420,63,1,600.39,0,At-Risk / Low-Engagement,0.5609994858286766
12421,15,4,807.04,1,Loyal / High-Value,0.26716634805364137
12422,95,3,803.5600000000001,0,At-Risk / Low-Engagement,0.38487652418775514
12423,0,8,1859.31,1,Loyal / High-Value,0.09020632836639868
12424,162,2,1760.96,0,At-Risk / Low-Engagement,0.42787886809237075
12425,78,1,777.2,0,At-Risk / Low-Engagement,0.5532107186865413
12426,194,1,582.73,0,At-Risk / Low-Engagement,0.6098328685921571
12427,21,3,825.8,1,Loyal / High-Value,0.3247543863554587
12428,25,9,7956.46,1,Loyal / High-Value,0.09647552921756063
12429,9,4,3750.4,1,Loyal / High-Value,0.1829372854115688
12430,43,1,256.4,0,At-Risk / Low-Engagement,0.5997665215558484
12431,35,15,6419.95,1,Loyal / High-Value,0.06890882414509007
12432,42,5,5059.32,1,Loyal / High-Value,0.18116465776605997
12433,0,7,13375.87,1,Loyal / High-Value,0.06224339996839333
12434,84,2,806.14,0,At-Risk / Low-Engagement,0.4508579474260359
12435,79,2,7829.89,1,Loyal / High-Value,0.3082129893799852
12436,99,1,509.01,0,At-Risk / Low-Engagement,0.5905664850592882
12437,1,18,4951.41,1,Loyal / High-Value,0.03870259249437691
12438,14,2,2906.85,1,Loyal / High-Value,0.3020971008412319
12441,366,1,173.55,0,At-Risk / Low-Engagement,0.696322790486443
12442,3,1,172.06,0,At-Risk / Low-Engagement,0.5232228657854326
12444,21,5,5005.46,1,Loyal / High-Value,0.16492273324986803
12445,22,1,133.4,0,At-Risk / Low-Engagement,0.613871530851116
12446,57,1,1002.3100000000001,0,At-Risk / Low-Engagement,0.5231856313448843
12447,243,1,476.49,0,At-Risk / Low-Engagement,0.631500083113207
12448,44,1,449.45,0,At-Risk / Low-Engagement,0.5647459944325441
12449,22,4,4067.29,1,Loyal / High-Value,0.20208011056588307
12450,156,2,197.88,0,At-Risk / Low-Engagement,0.5694746277689511
12451,10,5,9035.52,1,Loyal / High-Value,0.13027085115895737
12452,16,2,430.57,0,At-Risk / Low-Engagement,0.4228145437353047
12453,134,1,707.09,0,At-Risk / Low-Engagement,0.5821680788033003
12454,56,1,3528.34,0,At-Risk / Low-Engagement,0.4396096488432597
12455,73,6,2466.86,1,Loyal / High-Value,0.20073486548357813
12456,44,3,3181.04,1,Loyal / High-Value,0.2760748484479514
12457,66,7,2363.23,1,Loyal / High-Value,0.1788818549378981
12458,71,2,947.4,0,At-Risk / Low-Engagement,0.43323284582232874
12461,94,2,826.88,0,At-Risk / Low-Engagement,0.45398219297084447
12462,18,2,1189.59,1,Loyal / High-Value,0.36350256950504506
12463,53,4,1344.78,1,Loyal / High-Value,0.28239041703513335
12464,10,8,1212.05,1,Loyal / High-Value,0.14410819118855575
12465,17,2,742.1899999999999,0,At-Risk / Low-Engagement,0.3905509953854518
12468,187,2,729.5400000000001,0,At-Risk / Low-Engagement,0.49175831532007575
12471,2,30,19788.65,1,Loyal / High-Value,0.02496367274118546
12472,32,7,6572.11,1,Loyal / High-Value,0.12816515632543085
12473,29,5,3928.0499999999997,1,Loyal / High-Value,0.18181338139668302
12474,17,18,7324.09,1,Loyal / High-Value,0.05048729274380162
12475,53,1,723.38,0,At-Risk / Low-Engagement,0.5415331899475818
12476,15,11,6816.42,1,Loyal / High-Value,0.0782342360224892
12477,22,6,13219.74,1,Loyal / High-Value,0.11625158057328726
12478,3,1,680.99,0,At-Risk / Low-Engagement,0.43300486937363203
12479,11,1,527.2,0,At-Risk / Low-Engagement,0.4971937137330273
12480,28,4,3281.63,1,Loyal / High-Value,0.21817165383621956
12481,22,10,5579.82,1,Loyal / High-Value,0.09433547025655298
12483,17,8,2484.98,1,Loyal / High-Value,0.1317310080837898
12484,32,6,4527.32,1,Loyal / High-Value,0.15677148223006462
12488,9,3,1298.66,1,Loyal / High-Value,0.2712024134128104
12489,336,1,334.93,0,At-Risk / Low-Engagement,0.6585328177601167
12490,5,10,5417.93,1,Loyal / High-Value,0.07674465874484862
12491,38,1,460.40000000000003,0,At-Risk / Low-Engagement,0.557060649923887
12492,63,2,263.21000000000004,0,At-Risk / Low-Engagement,0.5121853470388624
12493,165,2,433.74,0,At-Risk / Low-Engagement,0.5206469694759488
12494,15,7,1246.1000000000001,1,Loyal / High-Value,0.16748193152753002
12497,81,1,1043.1,0,At-Risk / Low-Engagement,0.5355444656694605
12498,21,3,403.70000000000005,0,At-Risk / Low-Engagement,0.36745926441377424
12500,23,11,4257.82,1,Loyal / High-Value,0.09348790285118719
12501,336,1,2169.39,0,At-Risk / Low-Engagement,0.5407840382043627
12502,95,5,3723.87,1,Loyal / High-Value,0.21619598262114897
12504,18,2,482.04999999999995,0,At-Risk / Low-Engagement,0.42026053542015435
12506,232,1,73.5,0,At-Risk / Low-Engagement,0.7353210549669034
12507,134,3,1304.81,0,At-Risk / Low-Engagement,0.3687185351704089
12508,26,2,397.88,0,At-Risk / Low-Engagement,0.44767915502191935
12509,284,1,176.5,0,At-Risk / Low-Engagement,0.6953850533530408
12510,142,2,982.5699999999999,0,At-Risk / Low-Engagement,0.4603042965038814
12512,66,2,132.18,0,At-Risk / Low-Engagement,0.5591756202966556
12513,112,1,612.29,0,At-Risk / Low-Engagement,0.583894761562421
12514,267,1,1017.68,0,At-Risk / Low-Engagement,0.5877397602784472
12515,353,1,383.7,0,At-Risk / Low-Engagement,0.6504285789200014
12516,77,2,1312.06,0,At-Risk / Low-Engagement,0.41561935024165797
12517,28,5,2481.6,1,Loyal / High-Value,0.1996273642891621
12518,0,5,2056.89,1,Loyal / High-Value,0.1274288695961049
12519,63,1,330.84,0,At-Risk / Low-Engagement,0.5992678379753816
12520,79,5,2634.26,1,Loyal / High-Value,0.22650477551404324
12521,142,1,599.68,0,At-Risk / Low-Engagement,0.5951198119181899
12522,39,2,192.72,0,At-Risk / Low-Engagement,0.5122876239817616
12523,19,11,1789.77,1,Loyal / High-Value,0.11161023045275831
12524,9,8,4485.72,1,Loyal / High-Value,0.10489937396802744
12526,0,3,1316.66,1,Loyal / High-Value,0.19907234119482417
12527,81,3,348.71000000000004,0,At-Risk / Low-Engagement,0.431434068490556
12528,9,6,1933.48,1,Loyal / High-Value,0.15909661478319018
12530,59,4,1662.28,1,Loyal / High-Value,0.27481378395338557
12531,14,1,125.22,0,At-Risk / Low-Engagement,0.6001221728025463
12532,30,1,349.83000000000004,0,At-Risk / Low-Engagement,0.5650777727680737
12534,130,1,1089.18,0,At-Risk / Low-Engagement,0.5528938850035716
12535,91,2,716.35,0,At-Risk / Low-Engagement,0.4620032267624959
12536,43,3,12601.830000000002,1,Loyal / High-Value,0.20886059956542335
12538,29,1,363.95,0,At-Risk / Low-Engagement,0.5611101986803744
12539,22,4,5568.35,1,Loyal / High-Value,0.18902269383643047
12540,19,17,13400.24,1,Loyal / High-Value,0.04651151595547546
12541,29,3,981.18,1,Loyal / High-Value,0.3265863480695827
12544,36,1,372.7,0,At-Risk / Low-Engagement,0.5685239374663609
12545,75,2,1000.39,0,At-Risk / Low-Engagement,0.4320097913742455
12546,46,2,1161.5,0,At-Risk / Low-Engagement,0.4021368430476504
12547,197,2,207.79999999999998,0,At-Risk / Low-Engagement,0.5761867879148495
12548,166,1,95.19999999999999,0,At-Risk / Low-Engagement,0.7102010177575435
12550,79,1,964.83,0,At-Risk / Low-Engagement,0.5395994409380817
12551,357,1,168.0,0,At-Risk / Low-Engagement,0.6981261672696467
12552,38,2,437.82,0,At-Risk / Low-Engagement,0.4572517599983607
12553,8,10,3692.28,1,Loyal / High-Value,0.08983597929846909
12556,50,2,599.56,0,At-Risk / Low-Engagement,0.448243284726428
12557,16,5,11990.960000000001,1,Loyal / High-Value,0.13036170226767096
12558,7,1,269.96,0,At-Risk / Low-Engagement,0.5236877786093483
12559,310,2,561.71,0,At-Risk / Low-Engagement,0.5265906140890667
12560,5,3,2134.01,1,Loyal / High-Value,0.22996938964063468
12561,302,1,238.85,0,At-Risk / Low-Engagement,0.6782690537208222
12562,8,7,3781.7400000000002,1,Loyal / High-Value,0.11953151727905031
12564,261,1,456.9,0,At-Risk / Low-Engagement,0.6369372713192464
12565,288,1,145.92,0,At-Risk / Low-Engagement,0.7058693697203761
12566,86,1,351.65,0,At-Risk / Low-Engagement,0.6081785431802611
12567,22,10,9401.28,1,Loyal / High-Value,0.0831944341478061
12569,2,32,4124.69,1,Loyal / High-Value,0.03448453205625846
12571,39,2,519.61,0,At-Risk / Low-Engagement,0.4471483910375389
12572,8,2,1020.42,1,Loyal / High-Value,0.3431111530723147
12573,227,1,160.54000000000002,0,At-Risk / Low-Engagement,0.6928349294946198
12574,315,1,218.45,0,At-Risk / Low-Engagement,0.6833756568286948
12576,35,5,1315.83,1,Loyal / High-Value,0.2344354094190142
12577,35,3,626.6,0,At-Risk / Low-Engagement,0.3604085887640548
12578,21,2,2794.51,1,Loyal / High-Value,0.3185608639070448
12579,78,1,440.42,0,At-Risk / Low-Engagement,0.589899518843509
12580,246,1,415.7,0,At-Risk / Low-Engagement,0.6403266184850458
12581,39,1,197.71,0,At-Risk / Low-Engagement,0.6121490460960579
12582,238,2,511.36,0,At-Risk / Low-Engagement,0.5256048119884966
12583,2,15,7281.38,1,Loyal / High-Value,0.044427223654758305
12584,3,9,2338.15,1,Loyal / High-Value,0.09635091165605583
12585,234,2,2040.1,0,At-Risk / Low-Engagement,0.43392655040478006
12586,17,1,196.94000000000003,0,At-Risk / Low-Engagement,0.5790046073599954
12587,7,1,144.0,0,At-Risk / Low-Engagement,0.5646658742396324
12588,39,1,214.89999999999998,0,At-Risk / Low-Engagement,0.6069285395785299
12589,28,2,646.68,0,At-Risk / Low-Engagement,0.4192644592082041
12590,211,2,9864.26,1,Loyal / High-Value,0.33175189885901113
12591,317,1,452.84999999999997,0,At-Risk / Low-Engagement,0.6404277893849615
12592,92,2,437.6,0,At-Risk / Low-Engagement,0.49491619459802616
12593,108,3,418.09999999999997,0,At-Risk / Low-Engagement,0.43182253353212735
12594,37,10,3338.2200000000003,1,Loyal / High-Value,0.1151869411581952
12596,51,2,618.27,0,At-Risk / Low-Engagement,0.4470717556241125
12597,19,4,3811.22,1,Loyal / High-Value,0.20093966062824287
12598,9,8,3023.08,1,Loyal / High-Value,0.11510400543105496
12599,29,7,1032.58,1,Loyal / High-Value,0.19081106723137964
12600,28,10,2599.04,1,Loyal / High-Value,0.11715861628224648
12601,189,5,577.0600000000001,0,At-Risk / Low-Engagement,0.3369675990357349
12602,58,1,153.12,0,At-Risk / Low-Engagement,0.6436043405524637
12603,21,1,739.1999999999999,0,At-Risk / Low-Engagement,0.5012103894980537
12604,79,2,254.18,0,At-Risk / Low-Engagement,0.5241568023551845
12607,60,1,1579.51,0,At-Risk / Low-Engagement,0.49535619216453775
12609,78,3,1126.85,0,At-Risk / Low-Engagement,0.35616418338656053
12610,22,5,2099.54,1,Loyal / High-Value,0.2002542576976902
12611,52,1,1193.32,0,At-Risk / Low-Engagement,0.5077686710659629
12612,74,1,704.0400000000001,0,At-Risk / Low-Engagement,0.5574276298474138
12613,57,5,3344.38,1,Loyal / High-Value,0.2063466739005159
12614,277,1,315.6,0,At-Risk / Low-Engagement,0.6614918267851925
12615,2,4,2291.19,1,Loyal / High-Value,0.17144048279134927
12616,95,2,713.3,0,At-Risk / Low-Engagement,0.46412125817732935
12617,29,1,352.98,0,At-Risk / Low-Engagement,0.5630962669673983
12618,21,1,177.31,0,At-Risk / Low-Engagement,0.5941515429229196
12619,16,9,3641.24,1,Loyal / High-Value,0.10868943648725614
12620,14,3,1339.41,1,Loyal / High-Value,0.2836825658505024
12621,1,20,13689.67,1,Loyal / High-Value,0.02703078292082651
12622,232,1,180.1,0,At-Risk / Low-Engagement,0.687177554737571
12623,276,1,305.1,0,At-Risk / Low-Engagement,0.6633458140493244
12624,106,2,641.13,0,At-Risk / Low-Engagement,0.47582867601954226
12625,211,2,2683.82,0,At-Risk / Low-Engagement,0.411877159601812
12626,23,9,6620.48,1,Loyal / High-Value,0.09954177700724756
12627,10,7,4478.53,1,Loyal / High-Value,0.11849941245248367
12628,4,3,786.46,1,Loyal / High-Value,0.27359508696189544
12630,9,2,1270.88,1,Loyal / High-Value,0.33422468846416015
12631,57,1,640.5,0,At-Risk / Low-Engagement,0.5525679549547378
12633,58,4,2163.98,1,Loyal / High-Value,0.2605814106339604
12635,89,2,1689.18,0,At-Risk / Low-Engagement,0.40548162747320193
12637,67,8,6002.9,1,Loyal / High-Value,0.13147330865077075
12638,33,1,671.69,0,At-Risk / Low-Engagement,0.5264093305106483
12639,238,1,486.1,0,At-Risk / Low-Engagement,0.6294349171844358
12640,23,3,1174.58,1,Loyal / High-Value,0.30790267836737756
12641,115,1,185.9,0,At-Risk / Low-Engagement,0.658694765481988
12642,25,3,1013.26,1,Loyal / High-Value,0.31929412645039407
12643,128,6,3344.64,1,Loyal / High-Value,0.2033265166191325
12644,129,1,477.91,0,At-Risk / Low-Engagement,0.6055182014487039
12645,33,4,1775.18,1,Loyal / High-Value,0.25230617050688164
12646,4,2,1346.97,1,Loyal / High-Value,0.3047260978551029
12647,22,12,3722.82,1,Loyal / High-Value,0.08904226073780741
12648,154,1,318.05,0,At-Risk / Low-Engagement,0.6379419102828356
12649,107,3,623.51,0,At-Risk / Low-Engagement,0.4057727207912012
12650,3,1,314.44,0,At-Risk / Low-Engagement,0.4835671755820268
12651,334,1,114.0,0,At-Risk / Low-Engagement,0.7191333683664838
12652,331,1,919.98,0,At-Risk / Low-Engagement,0.5963138609777897
12653,148,2,2209.85,0,At-Risk / Low-Engagement,0.40948156370258987
12654,10,5,601.98,1,Loyal / High-Value,0.23453838469306104
12656,17,5,4051.17,1,Loyal / High-Value,0.16784299652356516
12657,11,4,1643.18,1,Loyal / High-Value,0.22325039306871852
12658,18,1,686.05,0,At-Risk / Low-Engagement,0.49976941238695327
12659,29,1,91.68,0,At-Risk / Low-Engagement,0.6474903165529937
12660,11,1,245.1,0,At-Risk / Low-Engagement,0.5475283291078603
12662,0,11,3849.78,1,Loyal / High-Value,0.05747889378033779
12664,8,9,4881.88,1,Loyal / High-Value,0.09177423067474207
12665,324,1,63.0,0,At-Risk / Low-Engagement,0.7493417379292936
12667,58,1,620.13,0,At-Risk / Low-Engagement,0.5554094869432001
12668,11,4,3807.15,1,Loyal / High-Value,0.18711373808467668
12669,150,3,2744.0299999999997,0,At-Risk / Low-Engagement,0.3285638573758488
12670,10,5,2996.05,1,Loyal / High-Value,0.16703505750428202
12672,329,1,225.89999999999998,0,At-Risk / Low-Engagement,0.6814628162698751
12673,5,2,610.52,1,Loyal / High-Value,0.35795299600185326
12674,38,4,1970.6,1,Loyal / High-Value,0.2515965123804454
12676,24,6,1331.39,1,Loyal / High-Value,0.1966700280786076
12678,42,12,17628.46,1,Loyal / High-Value,0.07065292697496245
12679,58,4,1113.02,1,Loyal / High-Value,0.2958190455353349
12680,0,4,862.81,1,Loyal / High-Value,0.18119647617010384
12681,14,22,13787.54,1,Loyal / High-Value,0.0346176778734865
12682,3,31,12279.82,1,Loyal / High-Value,0.027369702063730877
12683,4,15,8476.57,1,Loyal / High-Value,0.04653448292982927
12684,7,7,2283.63,1,Loyal / High-Value,0.13192766932929018
12685,28,6,2863.08,1,Loyal / High-Value,0.17026087409305563
12686,371,1,89.14,0,At-Risk / Low-Engagement,0.7319543092992425
12688,113,1,4873.8099999999995,0,At-Risk / Low-Engagement,0.4482510432844139
12689,25,2,1247.61,0,At-Risk / Low-Engagement,0.37325112623624257
12690,205,1,389.01,0,At-Risk / Low-Engagement,0.6370898563559876
12691,28,6,1035.8,1,Loyal / High-Value,0.21162731094153692
12693,127,4,855.91,0,At-Risk / Low-Engagement,0.3399775634172112
12694,70,2,869.67,0,At-Risk / Low-Engagement,0.4381940257518955
12695,7,4,582.1,1,Loyal / High-Value,0.26053570051831243
12697,28,3,957.59,1,Loyal / High-Value,0.3267048888156969
12700,7,4,4939.99,1,Loyal / High-Value,0.1668457265520007
12701,79,2,797.71,0,At-Risk / Low-Engagement,0.4489388825177135
12702,19,1,219.0,0,At-Risk / Low-Engagement,0.5766542355007027
12703,71,1,283.55,0,At-Risk / Low-Engagement,0.6138487390452071
12704,7,8,2340.84,1,Loyal / High-Value,0.11807379768881333
12705,15,9,6868.29,1,Loyal / High-Value,0.09258563902876994
12707,291,1,603.42,0,At-Risk / Low-Engagement,0.6228063068761434
12708,29,10,2712.91,1,Loyal / High-Value,0.11659672503807528
12709,15,15,9706.52,1,Loyal / High-Value,0.05449041071390424
12710,96,3,1149.02,0,At-Risk / Low-Engagement,0.36318976372435063
12712,28,13,4396.13,1,Loyal / High-Value,0.08281372706974954
12713,0,1,848.55,1,Loyal / High-Value,0.361590352882215
12714,9,5,4708.86,1,Loyal / High-Value,0.14895149868722765
12715,106,1,343.36,0,At-Risk / Low-Engagement,0.618194386696248
12716,3,2,1053.49,1,Loyal / High-Value,0.31029627688442957
12717,151,2,1030.98,0,At-Risk / Low-Engagement,0.45978243205223684
12718,71,1,238.25,0,At-Risk / Low-Engagement,0.624656970565656
12719,5,2,644.95,1,Loyal / High-Value,0.35463180370543324
12720,2,25,5781.73,1,Loyal / High-Value,0.03163282140910136
12721,31,6,2656.13,1,Loyal / High-Value,0.17554124424730275
12722,85,4,997.63,0,At-Risk / Low-Engagement,0.31584543838078
12723,3,5,725.07,1,Loyal / High-Value,0.1966009129766461
12724,5,4,1031.41,1,Loyal / High-Value,0.22370750479746335
12725,371,1,427.8,0,At-Risk / Low-Engagement,0.6438770242667965
12726,28,7,2609.1,1,Loyal / High-Value,0.15504800143904354
12727,10,7,3980.7,1,Loyal / High-Value,0.12179169622704068
12728,71,4,836.33,0,At-Risk / Low-Engagement,0.31925055960177856
12729,113,1,453.01,0,At-Risk / Low-Engagement,0.6034391954378141
12731,23,12,18895.91,1,Loyal / High-Value,0.0642847222234842
12732,179,1,236.26000000000002,0,At-Risk / Low-Engagement,0.6616645308325952
12733,234,1,383.95,0,At-Risk / Low-Engagement,0.6431550543087374
12734,352,1,110.39999999999999,0,At-Risk / Low-Engagement,0.7208285782519039
12735,315,2,779.5699999999999,0,At-Risk / Low-Engagement,0.5049855750169665
12736,332,1,234.0,0,At-Risk / Low-Engagement,0.6794464685271671
12738,372,1,155.35,0,At-Risk / Low-Engagement,0.7024432445470896
12739,78,2,1013.04,0,At-Risk / Low-Engagement,0.43284561836743424
12740,63,1,427.6,0,At-Risk / Low-Engagement,0.5829192882094153
12743,134,2,540.13,0,At-Risk / Low-Engagement,0.4972139951151259
12744,51,7,21279.29,1,Loyal / High-Value,0.11424808549119511
12747,2,11,4196.01,1,Loyal / High-Value,0.06728986764837365
12748,0,209,33053.19,1,Loyal / High-Value,0.02071690571681293
12749,3,5,4090.88,1,Loyal / High-Value,0.13414303252353563
12750,128,1,275.88,0,At-Risk / Low-Engagement,0.6392314388446314
12752,81,1,4366.78,0,At-Risk / Low-Engagement,0.44128924726177426
12753,22,6,21429.39,1,Loyal / High-Value,0.11370557949995568
12754,235,3,3010.74,0,At-Risk / Low-Engagement,0.340371121241535
12755,280,2,3811.95,0,At-Risk / Low-Engagement,0.4013096971725825
12756,86,1,112.07999999999998,0,At-Risk / Low-Engagement,0.677074395132704
12757,15,13,7834.650000000001,1,Loyal / High-Value,0.06532951620351977
12758,116,2,2791.59,0,At-Risk / Low-Engagement,0.3846496756003685
12759,52,3,1531.44,1,Loyal / High-Value,0.3224740044341782
12762,7,2,1898.52,1,Loyal / High-Value,0.3028127591754961
12763,138,2,494.08,0,At-Risk / Low-Engagement,0.5043601826640529
12764,316,1,1693.88,0,At-Risk / Low-Engagement,0.5569711209085094
12766,3,7,6989.63,1,Loyal / High-Value,0.09111601464538466
12769,238,1,1143.6,0,At-Risk / Low-Engagement,0.5754018467465227
12770,210,1,1351.45,0,At-Risk / Low-Engagement,0.5592621840663612
12772,59,1,892.47,0,At-Risk / Low-Engagement,0.5322927716667258
12775,17,5,1386.04,1,Loyal / High-Value,0.2112247045630497
12778,19,6,822.23,1,Loyal / High-Value,0.2110346369383853
12779,37,8,3981.36,1,Loyal / High-Value,0.1323277290979909
12781,63,2,826.74,0,At-Risk / Low-Engagement,0.4370470346223404
12782,4,5,2330.92,1,Loyal / High-Value,0.1574409883564645
12783,2,6,2225.91,1,Loyal / High-Value,0.12883478337358836
12784,9,2,532.8199999999999,0,At-Risk / Low-Engagement,0.3870786312689881
12785,364,1,311.95,0,At-Risk / Low-Engagement,0.6627327895985469
12787,9,3,463.66,1,Loyal / High-Value,0.3281409457120429
12789,65,1,91.85,0,At-Risk / Low-Engagement,0.6779765171627473
12790,192,1,324.92,0,At-Risk / Low-Engagement,0.6454033064839553
12791,373,1,192.60000000000002,0,At-Risk / Low-Engagement,0.6905011122680947
12792,256,1,400.53999999999996,0,At-Risk / Low-Engagement,0.6441616235860758
12793,334,2,545.48,0,At-Risk / Low-Engagement,0.5285190947180259
12794,53,2,860.41,0,At-Risk / Low-Engagement,0.42721914997333676
12795,18,1,430.48,0,At-Risk / Low-Engagement,0.5304776646479712
12797,365,1,254.03,0,At-Risk / Low-Engagement,0.6747184306355334
12798,10,3,6977.04,1,Loyal / High-Value,0.19524149358399615
12802,186,1,427.58,0,At-Risk / Low-Engagement,0.6273852765582792
12808,36,3,483.65000000000003,0,At-Risk / Low-Engagement,0.3774238266883468
12809,177,1,489.31,0,At-Risk / Low-Engagement,0.6170094328467982
12811,260,3,514.85,0,At-Risk / Low-Engagement,0.45569877952398896
12812,44,1,229.64000000000001,0,At-Risk / Low-Engagement,0.6076434226390639
12814,101,1,125.92,0,At-Risk / Low-Engagement,0.6764405655842556
12815,147,2,1063.46,0,At-Risk / Low-Engagement,0.4565987117606953
12816,95,2,572.2,0,At-Risk / Low-Engagement,0.47861777268533606
12817,281,1,166.04,0,At-Risk / Low-Engagement,0.6987757238923256
12818,261,1,1542.08,0,At-Risk / Low-Engagement,0.5599374597348075
12820,3,4,942.34,1,Loyal / High-Value,0.2157238882203788
12821,214,1,92.72,0,At-Risk / Low-Engagement,0.7205410870653145
12822,70,2,948.88,0,At-Risk / Low-Engagement,0.43253526799841663
12823,74,5,1759.5,1,Loyal / High-Value,0.24365988939564306
12824,59,1,397.12,0,At-Risk / Low-Engagement,0.584934257232446
12826,2,7,1474.72,1,Loyal / High-Value,0.1257760993906285
12827,5,3,430.15000000000003,1,Loyal / High-Value,0.3131267039699908
12828,2,6,1018.71,1,Loyal / High-Value,0.15383978596135736
12829,336,2,293.0,0,At-Risk / Low-Engagement,0.5690784435817543
12830,37,6,6814.64,1,Loyal / High-Value,0.14603544483627098
12831,262,1,215.05,0,At-Risk / Low-Engagement,0.6816449006682891
12832,32,2,383.03,0,At-Risk / Low-Engagement,0.4588017555959953
12833,145,1,417.38,0,At-Risk / Low-Engagement,0.6187852529712706
12834,282,1,312.38,0,At-Risk / Low-Engagement,0.6626516455297009
12836,59,4,2610.36,1,Loyal / High-Value,0.2516955469600016
12837,173,1,134.1,0,At-Risk / Low-Engagement,0.6929003451028419
12838,33,2,671.95,0,At-Risk / Low-Engagement,0.4235335242017448
12839,2,14,5591.42,1,Loyal / High-Value,0.05055734076309431
12840,143,4,2726.77,1,Loyal / High-Value,0.2790738763765576
12841,4,25,3991.58,1,Loyal / High-Value,0.0378785505191567
12842,70,2,1118.99,0,At-Risk / Low-Engagement,0.42187818380974257
12843,65,8,1702.26,1,Loyal / High-Value,0.17363221774998494
12844,29,2,325.96000000000004,0,At-Risk / Low-Engagement,0.46525902973033595
12845,267,4,354.09,0,At-Risk / Low-Engagement,0.42503460539601184
12847,22,1,843.64,0,At-Risk / Low-Engagement,0.4944170504366566
12849,31,2,1010.29,0,At-Risk / Low-Engagement,0.3949629002336332
12851,96,1,131.81,0,At-Risk / Low-Engagement,0.671888518043309
12852,294,1,311.55,0,At-Risk / Low-Engagement,0.6628083639894744
12853,134,6,1957.1000000000001,1,Loyal / High-Value,0.22862117943569255
12854,78,3,1316.25,0,At-Risk / Low-Engagement,0.34680977885444
12855,372,1,38.1,0,At-Risk / Low-Engagement,0.7614858902906267
12856,7,6,2170.78,1,Loyal / High-Value,0.15003666664607776
12857,210,2,1106.4,0,At-Risk / Low-Engagement,0.4693135643080382
12863,52,1,521.2,0,At-Risk / Low-Engagement,0.5621251076744974
12864,138,1,147.12,0,At-Risk / Low-Engagement,0.6792618781796509
12865,26,2,1568.23,1,Loyal / High-Value,0.36073769549840573
12866,283,1,559.12,0,At-Risk / Low-Engagement,0.6275219726402999
12867,26,7,4009.34,1,Loyal / High-Value,0.13925359220901068
12868,185,6,1607.0600000000002,1,Loyal / High-Value,0.248172554666754
12871,84,2,380.64,0,At-Risk / Low-Engagement,0.5002046160559075
12872,326,2,599.97,0,At-Risk / Low-Engagement,0.5222532976742129
12873,282,1,374.0,0,At-Risk / Low-Engagement,0.6519621343508267
12875,143,2,343.2300000000001,0,At-Risk / Low-Engagement,0.5298784172058182
12876,57,2,2218.02,0,At-Risk / Low-Engagement,0.3702927853821919
12877,3,12,1535.77,1,Loyal / High-Value,0.08353851669581609
12878,236,2,854.99,0,At-Risk / Low-Engagement,0.49134160119201675
12879,44,3,573.22,0,At-Risk / Low-Engagement,0.3748811153190283
12881,275,1,298.0,0,At-Risk / Low-Engagement,0.6645899648027345
12882,9,2,1463.04,1,Loyal / High-Value,0.3259989473168669
12883,24,4,703.47,1,Loyal / High-Value,0.2900238296105724
12884,88,1,309.05,0,At-Risk / Low-Engagement,0.6171919548743683
12885,63,3,1175.22,0,At-Risk / Low-Engagement,0.34530830510056243
12886,67,2,1378.4,0,At-Risk / Low-Engagement,0.4066952945500288
12888,214,2,354.12,0,At-Risk / Low-Engagement,0.5451370723810739
12890,24,1,376.71999999999997,0,At-Risk / Low-Engagement,0.551048736502995
12891,185,3,331.0,0,At-Risk / Low-Engagement,0.47003433481170326
12893,30,1,176.55,0,At-Risk / Low-Engagement,0.6086997120313082
12895,42,2,372.8,0,At-Risk / Low-Engagement,0.4720155370834179
12897,204,2,216.5,0,At-Risk / Low-Engagement,0.5750245123122987
12901,8,28,17654.54,1,Loyal / High-Value,0.03005426914893041
12902,264,1,138.68,0,At-Risk / Low-Engagement,0.70640069489767
12904,18,2,496.06,0,At-Risk / Low-Engagement,0.4184200437144779
12906,11,5,2919.81,1,Loyal / High-Value,0.17010793081886458
12908,176,2,750.0,0,At-Risk / Low-Engagement,0.4873166238679328
12909,39,5,2178.67,1,Loyal / High-Value,0.21444029931630595
12910,23,8,3075.04,1,Loyal / High-Value,0.13100771264144953
12912,2,5,1662.3,1,Loyal / High-Value,0.1575212172149193
12913,4,5,2483.63,1,Loyal / High-Value,0.15522916468082187
12915,148,2,363.65,0,At-Risk / Low-Engagement,0.5275593630765697
12916,138,4,2944.95,1,Loyal / High-Value,0.27377740399210104
12917,128,1,594.0,0,At-Risk / Low-Engagement,0.5914076901191428
12919,8,6,1335.19,1,Loyal / High-Value,0.17002621926830183
12920,17,1,162.78,0,At-Risk / Low-Engagement,0.591162228207168
12921,9,37,16587.09,1,Loyal / High-Value,0.030592346177563453
12922,161,1,405.38,0,At-Risk / Low-Engagement,0.6248418983649217
12923,64,1,172.82,0,At-Risk / Low-Engagement,0.6401609797089948
12924,88,4,933.7,0,At-Risk / Low-Engagement,0.32093365803923146
12925,4,2,694.05,1,Loyal / High-Value,0.34303979486623914
12928,35,5,2062.7000000000003,1,Loyal / High-Value,0.21379316951460964
12929,311,1,117.85,0,At-Risk / Low-Engagement,0.7173715870515176
12930,78,2,415.8,0,At-Risk / Low-Engagement,0.4912020578393096
12931,21,15,42055.96,1,Loyal / High-Value,0.0519034853746693
12933,24,3,607.53,0,At-Risk / Low-Engagement,0.3477899131340718
12935,2,7,2160.7,1,Loyal / High-Value,0.11509130235459497
12936,17,4,1063.9,1,Loyal / High-Value,0.25701067981355424
12937,15,4,1504.27,1,Loyal / High-Value,0.23621927298937073
12938,25,1,114.14,0,At-Risk / Low-Engagement,0.6285034373032814
12939,64,8,11581.8,1,Loyal / High-Value,0.11209116685048974
12940,54,2,899.69,0,At-Risk / Low-Engagement,0.425115630953186
12942,131,3,675.6,0,At-Risk / Low-Engagement,0.40907412169337093
12944,35,2,604.51,0,At-Risk / Low-Engagement,0.43279944320471575
12945,288,1,462.95,0,At-Risk / Low-Engagement,0.6390867109449226
12947,143,6,1603.99,1,Loyal / High-Value,0.2400636965928828
12948,16,7,2064.95,1,Loyal / High-Value,0.15103596394569732
12949,30,8,4167.22,1,Loyal / High-Value,0.12697711640120238
12950,2,3,1843.0,1,Loyal / High-Value,0.21582973270309272
12951,8,6,1064.07,1,Loyal / High-Value,0.17865515196386914
12952,5,4,1387.79,1,Loyal / High-Value,0.21038813257550354
12953,9,1,329.85,0,At-Risk / Low-Engagement,0.5201853771900605
12955,1,11,4757.16,1,Loyal / High-Value,0.061071948484316275
12956,306,1,108.07,0,At-Risk / Low-Engagement,0.7219517393343905
12957,9,8,4017.54,1,Loyal / High-Value,0.10766669605717541
12962,7,2,266.39,0,At-Risk / Low-Engagement,0.42175097942114276
12963,8,8,1856.63,1,Loyal / High-Value,0.12685002856802105
12965,89,1,769.8100000000001,0,At-Risk / Low-Engagement,0.5594220957169448
12966,9,1,160.18,0,At-Risk / Low-Engagement,0.5673163417725074
12967,358,2,1660.9,0,At-Risk / Low-Engagement,0.4551596625865472
12968,112,1,135.95,0,At-Risk / Low-Engagement,0.6759326307541721
12970,7,4,405.47,1,Loyal / High-Value,0.2793302656391964
12971,3,86,11189.91,1,Loyal / High-Value,0.02803143051932105
12974,197,1,144.8,0,At-Risk / Low-Engagement,0.6933878004415293
12976,211,1,738.6,0,At-Risk / Low-Engagement,0.5983410590955538
12977,156,1,39.239999999999995,0,At-Risk / Low-Engagement,0.7425223096839902
12980,157,9,7374.900000000001,1,Loyal / High-Value,0.12970981667417733
12981,29,2,372.21999999999997,0,At-Risk / Low-Engagement,0.4565664480560425
12982,242,1,390.54,0,At-Risk / Low-Engagement,0.6434595136164811
12984,18,1,97.5,0,At-Risk / Low-Engagement,0.6254134228981969
12985,0,2,1239.38,1,Loyal / High-Value,0.25304379839010993
12987,73,2,558.7,0,At-Risk / Low-Engagement,0.46891800397704914
12988,292,1,505.82,0,At-Risk / Low-Engagement,0.633680046123985
12989,3,15,6924.110000000001,1,Loyal / High-Value,0.04719186945811609
12990,31,3,409.5,0,At-Risk / Low-Engagement,0.38182391250190656
12991,23,2,503.76,0,At-Risk / Low-Engagement,0.4273306976408549
12993,23,4,414.76,0,At-Risk / Low-Engagement,0.3180076750309922
12994,4,3,974.4200000000001,1,Loyal / High-Value,0.262493288050198
12995,85,1,211.32,0,At-Risk / Low-Engagement,0.6391770504188348
12997,22,4,1226.89,1,Loyal / High-Value,0.2579520108028456
12999,196,3,455.88,0,At-Risk / Low-Engagement,0.4515429395656118
13000,106,3,534.85,0,At-Risk / Low-Engagement,0.4151768634662344
13001,4,13,9785.970000000001,1,Loyal / High-Value,0.05109769923658366
13002,318,1,120.94999999999999,0,At-Risk / Low-Engagement,0.7159893457148622
13003,105,3,149.05,0,At-Risk / Low-Engagement,0.49807141148529466
13004,11,18,5655.91,1,Loyal / High-Value,0.0503865803725918
13005,173,2,513.7,0,At-Risk / Low-Engagement,0.5115413707292109
13006,56,1,81.57,0,At-Risk / Low-Engagement,0.6791887950774945
13008,323,1,229.46999999999997,0,At-Risk / Low-Engagement,0.6805662349834154
13011,372,1,50.550000000000004,0,At-Risk / Low-Engagement,0.7599303115229284
13012,9,8,1646.8400000000001,1,Loyal / High-Value,0.13248999722711297
13013,1,13,4810.9400000000005,1,Loyal / High-Value,0.05249959262213047
13014,10,10,3466.2799999999997,1,Loyal / High-Value,0.09414092452075698
13015,53,5,3339.64,1,Loyal / High-Value,0.20438239623889848
13016,73,3,789.89,0,At-Risk / Low-Engagement,0.3752923592794514
13017,7,1,204.0,0,At-Risk / Low-Engagement,0.542043724300622
13018,16,28,7277.7,1,Loyal / High-Value,0.03988852948139313
13021,4,9,2616.38,1,Loyal / High-Value,0.09714135543084373
13023,64,2,689.9,0,At-Risk / Low-Engagement,0.4495006663205084
13026,1,5,975.36,1,Loyal / High-Value,0.1670928291258747
13027,113,6,6912.0,1,Loyal / High-Value,0.1709410471112411
13028,22,2,661.3199999999999,0,At-Risk / Low-Engagement,0.40806641232747265
13029,30,3,1247.5,1,Loyal / High-Value,0.31401815848937714
13030,11,2,752.4399999999999,0,At-Risk / Low-Engagement,0.373075996304413
13032,52,2,1010.18,0,At-Risk / Low-Engagement,0.416092984023998
13033,357,1,190.55,0,At-Risk / Low-Engagement,0.6911022468449941
13034,54,2,642.77,0,At-Risk / Low-Engagement,0.4469442799495359
13035,73,2,921.88,0,At-Risk / Low-Engagement,0.4361743897889418
13037,138,3,881.07,0,At-Risk / Low-Engagement,0.3943819371759225
13038,80,3,908.46,0,At-Risk / Low-Engagement,0.3703277584059065
13040,8,2,676.99,1,Loyal / High-Value,0.36792838262267324
13043,273,1,516.42,0,At-Risk / Low-Engagement,0.6312460440172071
13044,291,1,560.47,0,At-Risk / Low-Engagement,0.6273732017642941
13045,99,1,305.28000000000003,0,At-Risk / Low-Engagement,0.6227228473842231
13046,30,2,629.31,0,At-Risk / Low-Engagement,0.4238415804905356
13047,31,10,3237.54,1,Loyal / High-Value,0.11298820678989763
13048,14,4,1819.41,1,Loyal / High-Value,0.2253100981082777
13049,64,2,656.6800000000001,0,At-Risk / Low-Engagement,0.4527264171804717
13050,14,17,5836.86,1,Loyal / High-Value,0.05464502776705543
13052,212,1,348.15000000000003,0,At-Risk / Low-Engagement,0.6451569929500153
13055,78,3,1214.41,0,At-Risk / Low-Engagement,0.3516443855578844
13058,24,3,271.40000000000003,0,At-Risk / Low-Engagement,0.3974099350026919
13059,249,1,183.4,0,At-Risk / Low-Engagement,0.6887784230185564
13060,253,1,307.53,0,At-Risk / Low-Engagement,0.6595060343939397
13061,72,1,248.61,0,At-Risk / Low-Engagement,0.6225887977606155
13062,191,1,346.98,0,At-Risk / Low-Engagement,0.6412232168077273
13064,12,4,1105.59,1,Loyal / High-Value,0.24448619073487243
13065,373,1,205.86,0,At-Risk / Low-Engagement,0.6867456776149152
13066,24,2,470.8,0,At-Risk / Low-Engagement,0.433445535556245
13067,82,1,115.46000000000001,0,At-Risk / Low-Engagement,0.6735746473125968
13068,10,2,344.0,0,At-Risk / Low-Engagement,0.41881248042211666
13069,0,24,4431.44,1,Loyal / High-Value,0.028142475781039684
13070,192,1,228.8,0,At-Risk / Low-Engagement,0.6662513475948361
13072,266,1,177.15,0,At-Risk / Low-Engagement,0.693164855137049
13075,129,1,919.61,0,At-Risk / Low-Engagement,0.5635876041656456
13077,1,4,728.02,1,Loyal / High-Value,0.20701423302067481
13078,3,26,12627.94,1,Loyal / High-Value,0.027173662999374647
13079,4,5,220.10000000000002,1,Loyal / High-Value,0.25834931303581676
13080,179,1,58.08,0,At-Risk / Low-Engagement,0.7385168863177546
13081,11,11,28337.38,1,Loyal / High-Value,0.0619968130444383
13082,126,9,3613.63,1,Loyal / High-Value,0.14768165443217626
13083,4,2,303.75,0,At-Risk / Low-Engagement,0.3936964773248148
13085,157,2,416.08000000000004,0,At-Risk / Low-Engagement,0.5212421025387654
13089,2,97,58762.08,1,Loyal / High-Value,0.02496367274118546
13090,8,14,8910.82,1,Loyal / High-Value,0.05390396674404605
13091,28,1,345.82,0,At-Risk / Low-Engagement,0.5629767119541571
13092,70,5,477.83,0,At-Risk / Low-Engagement,0.31044987787246736
13093,275,8,7832.47,1,Loyal / High-Value,0.15251670733572004
13094,21,12,1927.3200000000002,1,Loyal / High-Value,0.10348209509579927
13095,70,1,74.39999999999999,0,At-Risk / Low-Engagement,0.6925800970714265
13097,32,10,6003.22,1,Loyal / High-Value,0.0981067112235809
13098,1,28,28882.44,1,Loyal / High-Value,0.023305644754665837
13099,99,1,207.35999999999999,0,At-Risk / Low-Engagement,0.6463350345002918
13101,234,1,101.19,0,At-Risk / Low-Engagement,0.7190434916671374
13102,1,24,6424.09,1,Loyal / High-Value,0.02875717334011151
13103,39,1,243.94,0,At-Risk / Low-Engagement,0.5989413074310141
13104,3,6,1098.48,1,Loyal / High-Value,0.15779294357037765
13106,133,1,76.5,0,At-Risk / Low-Engagement,0.7140768370604368
13107,44,4,1531.6200000000001,1,Loyal / High-Value,0.26920245485377053
13108,372,1,350.06,0,At-Risk / Low-Engagement,0.6559089853481086
13109,59,2,786.54,0,At-Risk / Low-Engagement,0.4375274317117031
13110,31,7,1488.67,1,Loyal / High-Value,0.17796799589071693
13113,0,24,12245.960000000001,1,Loyal / High-Value,0.021655073110483314
13115,11,4,2294.78,1,Loyal / High-Value,0.20832012038461034
13116,138,1,501.14,0,At-Risk / Low-Engagement,0.6053041949454037
13117,21,8,984.91,1,Loyal / High-Value,0.1670925913328107
13118,19,5,1197.81,1,Loyal / High-Value,0.22085314923484692
13120,238,1,30.599999999999998,0,At-Risk / Low-Engagement,0.7562275911510605
13121,269,1,283.73,0,At-Risk / Low-Engagement,0.6666178657237991
13122,94,2,922.39,0,At-Risk / Low-Engagement,0.4468369151122513
13124,89,3,3756.33,1,Loyal / High-Value,0.2916137808656934
13126,4,8,2099.64,1,Loyal / High-Value,0.11267568065169578
13127,77,1,259.17,0,At-Risk / Low-Engagement,0.6227185492318703
13130,94,1,64.0,0,At-Risk / Low-Engagement,0.7113656768276211
13131,23,3,1073.3,1,Loyal / High-Value,0.3130014181327002
13132,261,1,77.3,0,At-Risk / Low-Engagement,0.7367243382591824
13133,273,2,109.8,0,At-Risk / Low-Engagement,0.6297364714881802
13134,85,4,1793.58,1,Loyal / High-Value,0.2833523373386968
13135,196,1,3096.0,0,At-Risk / Low-Engagement,0.5018008045198115
13136,56,5,2607.61,1,Loyal / High-Value,0.21681189214971847
13137,10,8,3603.29,1,Loyal / High-Value,0.11209854088868304
13138,22,6,962.39,1,Loyal / High-Value,0.208170117699624
13139,16,7,5064.94,1,Loyal / High-Value,0.12307457943530849
13140,108,3,422.47,0,At-Risk / Low-Engagement,0.4311498041096429
13141,84,5,2388.75,1,Loyal / High-Value,0.23294263367129703
13142,19,1,307.09,0,At-Risk / Low-Engagement,0.5547844001546524
13144,332,1,110.95,0,At-Risk / Low-Engagement,0.7205664833119776
13145,39,4,618.52,0,At-Risk / Low-Engagement,0.3143929723510161
13146,26,1,228.91,0,At-Risk / Low-Engagement,0.5865036309044762
13147,10,4,712.8000000000001,1,Loyal / High-Value,0.26089101943747944
13148,29,12,3683.26,1,Loyal / High-Value,0.09309545196574746
13149,14,4,1676.06,1,Loyal / High-Value,0.22911747881295155
13151,295,1,1257.8700000000001,0,At-Risk / Low-Engagement,0.5762757531149665
13153,5,1,486.22,0,At-Risk / Low-Engagement,0.47246116470401706
13155,33,4,971.76,1,Loyal / High-Value,0.2834984908468416
13157,49,4,1741.22,1,Loyal / High-Value,0.26614681189950573
13158,94,4,1201.06,0,At-Risk / Low-Engagement,0.3090293484444217
13159,8,4,1429.35,1,Loyal / High-Value,0.22098115345999728
13160,22,1,91.8,0,At-Risk / Low-Engagement,0.6368073467187364
13161,313,1,112.75,0,At-Risk / Low-Engagement,0.7197165997254906
13162,122,4,1688.29,1,Loyal / High-Value,0.2994841200727673
13165,46,2,1021.48,0,At-Risk / Low-Engagement,0.4103209209535328
13166,283,1,417.2,0,At-Risk / Low-Engagement,0.6453929796058588
13167,18,4,791.33,1,Loyal / High-Value,0.2740823523378911
13168,36,4,1299.59,1,Loyal / High-Value,0.2710560333650009
13169,63,2,712.88,0,At-Risk / Low-Engagement,0.44669541375508703
13170,26,1,108.81,0,At-Risk / Low-Engagement,0.6329486879227553
13171,21,3,468.41,0,At-Risk / Low-Engagement,0.35839265928794845
13173,4,2,353.65,0,At-Risk / Low-Engagement,0.3841688944878111
13174,16,3,2742.82,1,Loyal / High-Value,0.2508806450262276
13176,46,1,481.49,0,At-Risk / Low-Engagement,0.5621354081077138
13177,64,1,282.45,0,At-Risk / Low-Engagement,0.6098730439179906
13178,26,11,5725.47,1,Loyal / High-Value,0.0887011146281261
13182,45,1,121.18,0,At-Risk / Low-Engagement,0.6477605252512382
13183,7,9,3957.78,1,Loyal / High-Value,0.09473423761521983
13184,14,10,1668.95,1,Loyal / High-Value,0.11742202196290717
13185,267,1,71.4,0,At-Risk / Low-Engagement,0.7414764381493395
13186,39,3,1575.89,1,Loyal / High-Value,0.31026873297723
13187,337,1,236.02,0,At-Risk / Low-Engagement,0.678953432257138
13188,11,1,114.60000000000001,0,At-Risk / Low-Engagement,0.5963916589943947
13189,18,2,260.68,0,At-Risk / Low-Engagement,0.4601741443607237
13192,95,2,911.94,0,At-Risk / Low-Engagement,0.4480305158724201
13193,61,1,112.08,0,At-Risk / Low-Engagement,0.6640773423198878
13194,135,1,60.7,0,At-Risk / Low-Engagement,0.726734427835857
13196,11,4,1797.78,1,Loyal / High-Value,0.21915750709866963
13198,10,6,3401.2400000000002,1,Loyal / High-Value,0.14213412248285065
13199,3,38,9817.12,1,Loyal / High-Value,0.0289896711179131
13200,19,4,870.09,1,Loyal / High-Value,0.27088183492483975
13203,9,4,869.46,1,Loyal / High-Value,0.2478048279422123
13207,15,2,250.26000000000002,0,At-Risk / Low-Engagement,0.4554317250715516
13208,58,6,1217.65,1,Loyal / High-Value,0.22539356489358714
13209,30,8,5891.61,1,Loyal / High-Value,0.11717228050193022
13210,93,1,353.48,0,At-Risk / Low-Engagement,0.6110516940031733
13211,10,3,1095.42,1,Loyal / High-Value,0.28353002977096525
13212,19,3,786.83,1,Loyal / High-Value,0.3239237994344582
13213,56,5,1520.58,1,Loyal / High-Value,0.24198532161436315
13216,267,1,333.74,0,At-Risk / Low-Engagement,0.6567527714451545
13217,122,3,533.98,0,At-Risk / Low-Engagement,0.421170393835863
13218,127,1,62.63999999999999,0,At-Risk / Low-Engagement,0.723002155286055
13220,78,4,819.2900000000001,0,At-Risk / Low-Engagement,0.3239523425525063
13221,240,2,847.41,0,At-Risk / Low-Engagement,0.49265590284107813
13223,200,2,163.20000000000002,0,At-Risk / Low-Engagement,0.5922509468437334
13224,60,2,2155.95,0,At-Risk / Low-Engagement,0.37409211323136154
13225,3,7,6463.84,1,Loyal / High-Value,0.09284249625344479
13226,273,1,108.21000000000001,0,At-Risk / Low-Engagement,0.7208789866068783
13227,201,1,257.7,0,At-Risk / Low-Engagement,0.6610276602321461
13228,81,1,358.0,0,At-Risk / Low-Engagement,0.6045986622366528
13229,225,1,160.95,0,At-Risk / Low-Engagement,0.6923664380031448
13230,4,14,2755.63,1,Loyal / High-Value,0.0655575976068265
13232,12,7,1328.35,1,Loyal / High-Value,0.16022837815885319
13233,74,2,605.12,0,At-Risk / Low-Engagement,0.464255622896007
13235,212,1,1031.07,0,At-Risk / Low-Engagement,0.5771980033457723
13236,24,2,744.85,0,At-Risk / Low-Engagement,0.4039861017392425
13238,17,4,700.73,1,Loyal / High-Value,0.2786242994396272
13239,261,1,329.56,0,At-Risk / Low-Engagement,0.656615105538258
13240,96,4,663.65,0,At-Risk / Low-Engagement,0.34425464595278793
13242,112,3,270.40000000000003,0,At-Risk / Low-Engagement,0.46175398838107
13243,203,1,585.12,0,At-Risk / Low-Engagement,0.6114393403315398
13244,92,1,121.74000000000001,0,At-Risk / Low-Engagement,0.6748647603981475
13245,50,1,430.5,0,At-Risk / Low-Engagement,0.5728646735708434
13246,18,6,1961.52,1,Loyal / High-Value,0.1740363910024341
13247,17,4,501.12,1,Loyal / High-Value,0.29675334635433515
13248,124,2,465.68,0,At-Risk / Low-Engagement,0.5036550462435576
13249,92,3,711.41,0,At-Risk / Low-Engagement,0.3912036427575258
13253,156,2,1030.4,0,At-Risk / Low-Engagement,0.46121596413024707
13255,9,2,399.51,0,At-Risk / Low-Engagement,0.40524732578406775
13258,11,3,672.83,1,Loyal / High-Value,0.3136307571380914
13259,61,1,283.18,0,At-Risk / Low-Engagement,0.6077564440370575
13260,61,1,557.62,0,At-Risk / Low-Engagement,0.5644418762298162
13261,268,2,944.1,0,At-Risk / Low-Engagement,0.4902960158614469
13262,263,1,200.29,0,At-Risk / Low-Engagement,0.685832842565452
13263,1,35,7436.93,1,Loyal / High-Value,0.027695764645288168
13265,53,5,2092.66,1,Loyal / High-Value,0.22520345041102924
13266,11,12,3834.2599999999998,1,Loyal / High-Value,0.07971823707572753
13267,2,19,4521.49,1,Loyal / High-Value,0.04029856791105234
13268,17,11,3174.75,1,Loyal / High-Value,0.09585450382799142
13269,1,15,5343.28,1,Loyal / High-Value,0.044912908555238905
13270,366,1,590.0,0,At-Risk / Low-Engagement,0.6241997946144858
13271,37,1,211.49,0,At-Risk / Low-Engagement,0.6058066849097683
13272,31,2,276.56,0,At-Risk / Low-Engagement,0.4788442926505111
13273,113,1,138.98,0,At-Risk / Low-Engagement,0.6749998387671933
13276,63,2,590.9300000000001,0,At-Risk / Low-Engagement,0.45896577191545196
13277,15,4,258.4,0,At-Risk / Low-Engagement,0.3298968251018828
13278,40,1,542.73,0,At-Risk / Low-Engagement,0.5484772934998496
13279,78,1,137.75,0,At-Risk / Low-Engagement,0.6613955155273905
13280,122,3,798.46,0,At-Risk / Low-Engagement,0.3955186967683434
13282,18,3,1132.14,1,Loyal / High-Value,0.30136665205561447
13283,59,2,93.66,0,At-Risk / Low-Engagement,0.5766195701028987
13284,330,1,201.19,0,At-Risk / Low-Engagement,0.6880429015484586
13285,23,4,2709.12,1,Loyal / High-Value,0.2212228951230066
13291,155,1,361.11,0,At-Risk / Low-Engagement,0.6304363916554869
13292,38,2,578.9399999999999,0,At-Risk / Low-Engagement,0.43902277681176466
13294,189,2,873.74,0,At-Risk / Low-Engagement,0.4803208547528185
13295,359,1,201.20000000000002,0,At-Risk / Low-Engagement,0.6880400950533336
13296,137,1,87.4,0,At-Risk / Low-Engagement,0.7079784274205191
13297,7,4,2089.85,1,Loyal / High-Value,0.20088270605153694
13298,1,1,360.0,0,At-Risk / Low-Engagement,0.44477264501680347
13299,268,1,142.5,0,At-Risk / Low-Engagement,0.7054600947373971
13300,169,1,371.89,0,At-Risk / Low-Engagement,0.632105733047277
13301,103,4,618.09,0,At-Risk / Low-Engagement,0.3512578325075993
13302,155,1,63.75,0,At-Risk / Low-Engagement,0.7289281601278608
13304,351,1,300.42,0,At-Risk / Low-Engagement,0.6649474734196501
13305,4,10,2000.86,1,Loyal / High-Value,0.09484885225155246
13307,120,1,15.0,0,At-Risk / Low-Engagement,0.733779066336094
13308,22,3,1385.51,1,Loyal / High-Value,0.2971378517983729
13309,7,5,1456.79,1,Loyal / High-Value,0.18670533822517602
13310,28,3,1132.03,1,Loyal / High-Value,0.31705763900302375
13311,4,2,598.57,1,Loyal / High-Value,0.35189730999653046
13313,22,5,1555.32,1,Loyal / High-Value,0.2132530367118282
13314,1,3,775.94,1,Loyal / High-Value,0.24378244249018474
13316,37,4,5732.93,1,Loyal / High-Value,0.2015130983739617
13317,66,6,2273.68,1,Loyal / High-Value,0.20142402230844247
13318,1,3,640.76,1,Loyal / High-Value,0.2532189260181182
13319,5,26,10845.550000000001,1,Loyal / High-Value,0.030256841875761498
13320,78,4,1532.2,1,Loyal / High-Value,0.2888403664555834
13321,72,2,567.36,0,At-Risk / Low-Engagement,0.4673189265037083
13322,17,1,199.48000000000002,0,At-Risk / Low-Engagement,0.5781826934354246
13323,3,5,787.85,1,Loyal / High-Value,0.19316094893175229
13324,36,10,7121.95,1,Loyal / High-Value,0.09589082777229933
13325,81,1,675.3,0,At-Risk / Low-Engagement,0.563955239172665
13327,38,8,3627.77,1,Loyal / High-Value,0.1357040560117814
13328,316,1,1308.48,0,At-Risk / Low-Engagement,0.5737292356805668
13329,31,2,789.0,0,At-Risk / Low-Engagement,0.41066660624623036
13330,92,3,1140.93,0,At-Risk / Low-Engagement,0.36193068527104444
13332,14,1,350.9,0,At-Risk / Low-Engagement,0.5336747604282088
13334,82,3,3502.32,1,Loyal / High-Value,0.2925322820908635
13336,77,1,795.12,0,At-Risk / Low-Engagement,0.5511752613037175
13338,157,1,487.02,0,At-Risk / Low-Engagement,0.612399529393312
13339,200,1,860.12,0,At-Risk / Low-Engagement,0.5863956839358143
13340,45,7,10736.48,1,Loyal / High-Value,0.12032714610176055
13341,260,1,775.85,0,At-Risk / Low-Engagement,0.6038858430505345
13343,177,1,353.43,0,At-Risk / Low-Engagement,0.6370704105650122
13344,67,3,2511.69,1,Loyal / High-Value,0.30367223429017365
13345,287,1,389.5,0,At-Risk / Low-Engagement,0.649528523859298
13347,70,1,341.36,0,At-Risk / Low-Engagement,0.6016135129142869
13348,64,1,233.76,0,At-Risk / Low-Engagement,0.621661448538678
13349,10,1,247.32,0,At-Risk / Low-Engagement,0.5431925490167506
13350,16,2,979.12,0,At-Risk / Low-Engagement,0.37096393262161104
13351,66,1,373.94,0,At-Risk / Low-Engagement,0.5934119042820054
13352,60,1,397.97999999999996,0,At-Risk / Low-Engagement,0.5854926753861365
13354,71,1,743.53,0,At-Risk / Low-Engagement,0.5521175479973598
13355,122,1,674.7,0,At-Risk / Low-Engagement,0.5812458333014543
13356,80,1,768.24,0,At-Risk / Low-Engagement,0.5550400497839186
13357,257,1,609.4,0,At-Risk / Low-Engagement,0.6185562273787502
13358,268,1,439.03,0,At-Risk / Low-Engagement,0.6404227550647499
13359,63,1,439.56,0,At-Risk / Low-Engagement,0.5811491758804804
13362,9,4,3090.7400000000002,1,Loyal / High-Value,0.19070383649836048
13363,17,2,992.5,0,At-Risk / Low-Engagement,0.3724453078415316
13364,71,1,134.95999999999998,0,At-Risk / Low-Engagement,0.6589850131367206
13365,33,2,2225.37,1,Loyal / High-Value,0.34873601381220587
13366,50,1,56.160000000000004,0,At-Risk / Low-Engagement,0.6959240983975292
13368,256,2,623.4,0,At-Risk / Low-Engagement,0.515704045328403
13369,365,1,308.28000000000003,0,At-Risk / Low-Engagement,0.6634295208121698
13370,371,1,754.87,0,At-Risk / Low-Engagement,0.6088217217416861
13372,89,1,378.64,0,At-Risk / Low-Engagement,0.6049308849864884
13373,60,3,3312.25,1,Loyal / High-Value,0.2845789983523712
13375,88,1,778.65,0,At-Risk / Low-Engagement,0.5582003795521606
13376,99,3,1019.76,0,At-Risk / Low-Engagement,0.37174601400945684
13379,26,3,572.56,0,At-Risk / Low-Engagement,0.35439997548862223
13381,31,6,3639.31,1,Loyal / High-Value,0.1638187485457382
13382,280,1,222.99,0,At-Risk / Low-Engagement,0.6820693428183431
13384,30,7,4151.93,1,Loyal / High-Value,0.14103200914310768
13385,329,1,534.57,0,At-Risk / Low-Engagement,0.6302873761779092
13388,131,2,677.1,0,At-Risk / Low-Engagement,0.4813336432483549
13389,11,3,797.96,1,Loyal / High-Value,0.30401914687266846
13390,74,1,544.08,0,At-Risk / Low-Engagement,0.5741390246997634
13391,203,1,59.8,0,At-Risk / Low-Engagement,0.7412406589115308
13394,1,8,2520.02,1,Loyal / High-Value,0.09354699810342686
13395,185,1,307.72,0,At-Risk / Low-Engagement,0.647213096953269
13396,29,2,1360.99,0,At-Risk / Low-Engagement,0.37369023073600754
13397,72,5,1544.13,1,Loyal / High-Value,0.24919430972744827
13398,192,1,457.34,0,At-Risk / Low-Engagement,0.6245140142805193
13402,127,2,621.23,0,At-Risk / Low-Engagement,0.4856758111825837
13403,17,1,75.0,0,At-Risk / Low-Engagement,0.6391687382858011
13404,1,2,252.49,1,Loyal / High-Value,0.36766173404880886
13405,74,3,572.451,0,At-Risk / Low-Engagement,0.3959776450675845
13408,1,62,28117.04,1,Loyal / High-Value,0.023305644754665837
13410,24,5,1003.06,1,Loyal / High-Value,0.2359387488167589
13411,107,1,213.55,0,At-Risk / Low-Engagement,0.6476203613396784
13414,133,3,1390.5,0,At-Risk / Low-Engagement,0.36451678293677814
13416,43,2,712.5,0,At-Risk / Low-Engagement,0.43070599174773383
13417,4,2,640.83,1,Loyal / High-Value,0.34780159014407785
13418,11,18,6127.43,1,Loyal / High-Value,0.04938340853945856
13419,63,1,221.06,0,At-Risk / Low-Engagement,0.6244821880148717
13420,149,2,159.85,0,At-Risk / Low-Engagement,0.581246965187965
13421,40,2,1833.71,0,At-Risk / Low-Engagement,0.36797128637536425
13422,64,1,2626.3,0,At-Risk / Low-Engagement,0.4645837066972056
13425,108,3,1624.21,0,At-Risk / Low-Engagement,0.3468930567693203
13426,0,10,3641.32,1,Loyal / High-Value,0.06335198701076818
13427,19,3,582.6,0,At-Risk / Low-Engagement,0.34153372303816565
13428,10,1,201.78,0,At-Risk / Low-Engagement,0.5564492426604037
13429,10,4,1006.8,1,Loyal / High-Value,0.24369412852775074
13430,18,2,679.45,0,At-Risk / Low-Engagement,0.39836351632598543
13431,67,2,1269.1,0,At-Risk / Low-Engagement,0.41197209878235486
13434,74,2,534.24,0,At-Risk / Low-Engagement,0.47244215285551294
13435,5,7,3809.8900000000003,1,Loyal / High-Value,0.11212075419597807
13436,1,1,196.89,0,At-Risk / Low-Engagement,0.4842851874698927
13437,14,7,3408.06,1,Loyal / High-Value,0.13231416902599133
13439,255,1,283.71,0,At-Risk / Low-Engagement,0.6645635815319013
13441,91,1,296.64,0,At-Risk / Low-Engagement,0.6210963092520215
13447,23,3,1129.14,1,Loyal / High-Value,0.3101279767567278
13448,16,6,3534.69,1,Loyal / High-Value,0.15030152509756253
13449,23,1,291.88,0,At-Risk / Low-Engagement,0.5658830377726514
13450,26,6,2043.7199999999998,1,Loyal / High-Value,0.18136898970983845
13451,26,5,2898.2599999999998,1,Loyal / High-Value,0.19122740327776253
13452,259,2,590.0,0,At-Risk / Low-Engagement,0.5198362756854972
13453,165,2,356.97999999999996,0,At-Risk / Low-Engagement,0.5334488703672601
13455,24,2,1058.34,0,At-Risk / Low-Engagement,0.38186324153401524
13456,17,6,1766.72,1,Loyal / High-Value,0.17667493318287736
13458,7,14,9646.57,1,Loyal / High-Value,0.05182973463340322
13460,29,2,183.44,0,At-Risk / Low-Engagement,0.5030427449709629
13461,38,3,1445.0,1,Loyal / High-Value,0.31424412553161374
13462,252,1,151.5,0,At-Risk / Low-Engagement,0.6998750242405659
13464,58,1,674.68,0,At-Risk / Low-Engagement,0.5499075018520304
13466,184,1,307.9,0,At-Risk / Low-Engagement,0.6469640797032024
13467,10,2,1071.91,1,Loyal / High-Value,0.3480530729644566
13468,1,37,5704.97,1,Loyal / High-Value,0.029646729774424993
13470,99,2,165.0,0,At-Risk / Low-Engagement,0.5619641532180768
13471,1,4,2501.84,1,Loyal / High-Value,0.15854138095228348
13473,60,2,422.64,0,At-Risk / Low-Engagement,0.47890990925402493
13474,236,1,226.84,0,At-Risk / Low-Engagement,0.6746327786625327
13475,191,4,1431.78,0,At-Risk / Low-Engagement,0.3254429573688811
13476,178,2,1238.47,0,At-Risk / Low-Engagement,0.45481005086174997
13477,37,6,1454.58,1,Loyal / High-Value,0.20458321783365535
13479,200,2,300.95,0,At-Risk / Low-Engagement,0.5528583763323346
13481,45,5,1804.56,1,Loyal / High-Value,0.22717938347828742
13482,232,1,184.64,0,At-Risk / Low-Engagement,0.6857686852382976
13483,65,1,140.34,0,At-Risk / Low-Engagement,0.6532603540997383
13484,241,1,313.8,0,At-Risk / Low-Engagement,0.6564173037812844
13485,233,1,454.24,0,At-Risk / Low-Engagement,0.6327435498465606
13486,78,3,1122.41,0,At-Risk / Low-Engagement,0.35640335057795447
13487,57,3,575.4,0,At-Risk / Low-Engagement,0.3850291964565695
13488,17,13,8968.31,1,Loyal / High-Value,0.06440350182497558
13489,105,4,449.52,0,At-Risk / Low-Engagement,0.3714095199087719
13491,51,10,1215.82,1,Loyal / High-Value,0.15219945192229314
13492,136,3,1269.84,0,At-Risk / Low-Engagement,0.3709864359272063
13493,275,2,618.63,0,At-Risk / Low-Engagement,0.5193035620539501
13494,311,1,316.26000000000005,0,At-Risk / Low-Engagement,0.6619240294497716
13495,7,5,2044.8700000000001,1,Loyal / High-Value,0.17348032601668392
13496,10,2,653.33,0,At-Risk / Low-Engagement,0.37827672096695547
13497,282,2,348.05,0,At-Risk / Low-Engagement,0.5579178010339576
13499,17,5,1159.11,1,Loyal / High-Value,0.21920142216836566
13500,23,3,1166.77,1,Loyal / High-Value,0.30827833952348566
13501,288,1,1340.32,0,At-Risk / Low-Engagement,0.5721751866584038
13502,16,3,292.0,0,At-Risk / Low-Engagement,0.3769468219121946
13503,71,1,216.85,0,At-Risk / Low-Engagement,0.6304470180321118
13504,64,1,295.93,0,At-Risk / Low-Engagement,0.6069466333949747
13505,72,4,4393.63,1,Loyal / High-Value,0.23269819709152093
13506,316,2,458.52,0,At-Risk / Low-Engagement,0.5399200640010379
13507,3,4,2479.16,1,Loyal / High-Value,0.1756181144013182
13508,243,1,110.97,0,At-Risk / Low-Engagement,0.7154670355198356
13509,8,7,979.72,1,Loyal / High-Value,0.16246677401749374
13510,1,4,1791.56,1,Loyal / High-Value,0.17067128762882933
13512,260,1,251.21,0,At-Risk / Low-Engagement,0.6724093854126265
13513,126,1,205.1,0,At-Risk / Low-Engagement,0.6564166496453024
13514,73,1,152.20000000000002,0,At-Risk / Low-Engagement,0.6529362589247878
13515,72,4,891.12,0,At-Risk / Low-Engagement,0.3161376067766583
13516,21,3,1389.41,1,Loyal / High-Value,0.2953733337842361
13517,59,3,2128.42,1,Loyal / High-Value,0.30834764044673524
13518,85,1,627.16,0,At-Risk / Low-Engagement,0.5707776276941968
13519,78,1,122.75,0,At-Risk / Low-Engagement,0.6681360539048433
13520,58,6,3624.35,1,Loyal / High-Value,0.1790595066640663
13521,1,3,1071.73,1,Loyal / High-Value,0.2284047993162168
13522,30,1,125.80000000000001,0,At-Risk / Low-Engagement,0.6296813170668313
13523,33,5,3964.88,1,Loyal / High-Value,0.18469796357666457
13524,40,5,680.1800000000001,1,Loyal / High-Value,0.2715883053394128
13525,14,2,628.78,0,At-Risk / Low-Engagement,0.3934368453479158
13527,33,7,2242.36,1,Loyal / High-Value,0.16412004341342942
13529,78,2,307.76,0,At-Risk / Low-Engagement,0.5110304054570576
13531,205,2,483.8,0,At-Risk / Low-Engagement,0.5228137712157199
13532,33,1,210.31,0,At-Risk / Low-Engagement,0.601536898695021
13533,182,3,269.09,0,At-Risk / Low-Engagement,0.4829394353020325
13534,2,25,5870.08,1,Loyal / High-Value,0.031510257400584225
13536,1,7,3444.39,1,Loyal / High-Value,0.09678916201107972
13538,43,7,1280.85,1,Loyal / High-Value,0.19229895466827374
13539,85,3,631.34,0,At-Risk / Low-Engagement,0.3954819223872008
13544,39,2,276.06,0,At-Risk / Low-Engagement,0.4886422133316688
13546,12,3,621.09,1,Loyal / High-Value,0.321219108625834
13548,96,2,678.16,0,At-Risk / Low-Engagement,0.46788793118728833
13549,25,7,918.2,1,Loyal / High-Value,0.1917625980165524
13551,319,1,91.80000000000001,0,At-Risk / Low-Engagement,0.7304431066682848
13552,66,12,3740.07,1,Loyal / High-Value,0.1051847912554442
13555,73,4,4098.88,1,Loyal / High-Value,0.2364178001688637
13557,28,2,584.06,0,At-Risk / Low-Engagement,0.42582368574395846
13558,5,4,594.52,1,Loyal / High-Value,0.24997875496989025
13560,7,1,171.42000000000002,0,At-Risk / Low-Engagement,0.5533784147192541
13561,215,1,141.85999999999999,0,At-Risk / Low-Engagement,0.6977284499352985
13562,81,3,1799.33,0,At-Risk / Low-Engagement,0.3297721287281379
13563,84,2,777.53,0,At-Risk / Low-Engagement,0.4532213093668229
13564,144,3,1724.67,0,At-Risk / Low-Engagement,0.3545696183546107
13565,19,2,240.22,0,At-Risk / Low-Engagement,0.46774266937319625
13566,40,2,856.84,0,At-Risk / Low-Engagement,0.4158229964557067
13568,173,1,187.05,0,At-Risk / Low-Engagement,0.6739898290932227
13569,17,2,338.62,0,At-Risk / Low-Engagement,0.44078991327480554
13570,243,1,239.49,0,At-Risk / Low-Engagement,0.6726035518836702
13571,12,12,2088.94,1,Loyal / High-Value,0.0934876512648535
13572,205,1,1384.25,0,At-Risk / Low-Engagement,0.5566723133044139
13573,50,2,290.25,0,At-Risk / Low-Engagement,0.49588839781026806
13575,23,5,732.0699999999999,1,Loyal / High-Value,0.24992690110435764
13576,10,18,6717.34,1,Loyal / High-Value,0.04756583777834292
13577,25,4,1687.6000000000001,1,Loyal / High-Value,0.24608981132740243
13579,14,2,467.04,0,At-Risk / Low-Engagement,0.4123117610382496
13581,309,1,118.0,0,At-Risk / Low-Engagement,0.7173039736368079
13583,155,1,781.03,0,At-Risk / Low-Engagement,0.5818892586525746
13584,306,1,142.4,0,At-Risk / Low-Engagement,0.7071986926650601
13587,63,1,712.4,0,At-Risk / Low-Engagement,0.5498498926180234
13588,15,9,2478.95,1,Loyal / High-Value,0.11783308281151413
13589,14,2,379.65,0,At-Risk / Low-Engagement,0.4256119530968611
13590,11,6,1981.92,1,Loyal / High-Value,0.16248734001524734
13591,64,3,1117.13,0,At-Risk / Low-Engagement,0.348953217874819
13592,35,4,247.95999999999998,0,At-Risk / Low-Engagement,0.36425550998060635
13593,108,5,2011.88,1,Loyal / High-Value,0.24914071499616192
13594,52,1,396.97,0,At-Risk / Low-Engagement,0.5797179103646137
13596,5,2,664.11,1,Loyal / High-Value,0.3528651453290547
13598,47,1,160.04,0,At-Risk / Low-Engagement,0.6326476976132734
13599,1,21,5149.92,1,Loyal / High-Value,0.03316838048409172
13600,312,1,219.52,0,At-Risk / Low-Engagement,0.6830973518482484
13601,45,2,693.32,0,At-Risk / Low-Engagement,0.43436928395672586
13602,64,1,428.89,0,At-Risk / Low-Engagement,0.5833807607747494
13603,26,1,164.34,0,At-Risk / Low-Engagement,0.6074702562574296
13606,29,3,276.75,0,At-Risk / Low-Engagement,0.40377904434571527
13607,40,1,675.51,0,At-Risk / Low-Engagement,0.5341356593915505
13610,12,7,1082.33,1,Loyal / High-Value,0.16764296180466354
13611,89,3,1154.4,0,At-Risk / Low-Engagement,0.35990194633110856
13614,24,4,1585.46,1,Loyal / High-Value,0.24789079470520076
13615,318,1,417.69,0,At-Risk / Low-Engagement,0.6453221243446062
13617,40,3,544.18,0,At-Risk / Low-Engagement,0.37430747377213563
13618,173,1,177.34,0,At-Risk / Low-Engagement,0.6770620337968702
13621,116,1,213.85,0,At-Risk / Low-Engagement,0.650702540129901
13623,30,5,727.74,1,Loyal / High-Value,0.25865269851535394
13626,252,1,257.23,0,At-Risk / Low-Engagement,0.6698395069586284
13627,59,5,1638.47,1,Loyal / High-Value,0.24000623140910438
13629,23,11,7792.36,1,Loyal / High-Value,0.08079976718272802
13630,5,7,2031.78,1,Loyal / High-Value,0.1297569448373943
13631,99,11,3070.42,1,Loyal / High-Value,0.12592443747494872
13632,24,5,2118.93,1,Loyal / High-Value,0.2021915950949407
13634,33,5,1547.3600000000001,1,Loyal / High-Value,0.22510123935723994
13635,67,1,1071.03,0,At-Risk / Low-Engagement,0.5257078494176647
13636,36,5,949.12,1,Loyal / High-Value,0.25116971713884517
13637,52,3,804.3,0,At-Risk / Low-Engagement,0.36070052405912983
13638,15,1,122.64,0,At-Risk / Low-Engagement,0.6041157269625254
13639,74,1,1033.34,0,At-Risk / Low-Engagement,0.5323055631934431
13642,215,1,312.28,0,At-Risk / Low-Engagement,0.6522416007686039
13643,31,3,519.44,0,At-Risk / Low-Engagement,0.3671297587837903
13644,16,4,2624.26,1,Loyal / High-Value,0.21248036170514206
13645,120,1,252.1,0,At-Risk / Low-Engagement,0.6421368746814199
13647,9,4,1648.1200000000001,1,Loyal / High-Value,0.21767202872166858
13649,256,2,346.6,0,At-Risk / Low-Engagement,0.55420922811348
13650,16,6,1836.34,1,Loyal / High-Value,0.17376436576332002
13651,35,2,94.2,0,At-Risk / Low-Engagement,0.5544538025225204
13652,45,3,1095.08,0,At-Risk / Low-Engagement,0.33661170678260127
13654,43,6,2707.33,1,Loyal / High-Value,0.18293514994399013
13655,114,2,932.97,0,At-Risk / Low-Engagement,0.45430614794239016
13656,164,2,379.65,0,At-Risk / Low-Engagement,0.5291450598648005
13657,10,2,382.14,0,At-Risk / Low-Engagement,0.4120804122710173
13658,9,5,2639.17,1,Loyal / High-Value,0.16940877444370728
13659,205,2,1563.0,0,At-Risk / Low-Engagement,0.4456315962146587
13662,85,3,881.26,0,At-Risk / Low-Engagement,0.3746358338848674
13663,179,1,189.47,0,At-Risk / Low-Engagement,0.6745406241918828
13666,60,3,84.65,0,At-Risk / Low-Engagement,0.5111348038191168
13667,149,1,299.05,0,At-Risk / Low-Engagement,0.6403721387062447
13668,2,21,6309.83,1,Loyal / High-Value,0.03370916909249325
13669,50,2,218.55,0,At-Risk / Low-Engagement,0.5145625348652774
13670,75,1,349.7,0,At-Risk / Low-Engagement,0.6029207079110621
13672,301,2,186.39000000000001,0,At-Risk / Low-Engagement,0.5980061541551567
13673,18,2,387.44,0,At-Risk / Low-Engagement,0.43436231277931275
13675,151,2,486.82000000000005,0,At-Risk / Low-Engagement,0.5092179011818017
13678,151,1,232.6,0,At-Risk / Low-Engagement,0.6559875658806655
13680,1,4,3719.12,1,Loyal / High-Value,0.14505779875740704
13681,17,4,827.83,1,Loyal / High-Value,0.2698653893065629
13682,187,1,59.5,0,At-Risk / Low-Engagement,0.7387627809823352
13684,285,1,65.13,0,At-Risk / Low-Engagement,0.747712472897954
13685,2,7,3119.44,1,Loyal / High-Value,0.10557061467706039
13686,182,1,72.0,0,At-Risk / Low-Engagement,0.7281411345191089
13689,63,1,910.0,0,At-Risk / Low-Engagement,0.5338043377523322
13690,59,1,172.25,0,At-Risk / Low-Engagement,0.6371530326623223
13692,24,3,1488.32,1,Loyal / High-Value,0.29621384662534417
13694,3,50,65039.62,1,Loyal / High-Value,0.026209209340989446
13695,31,15,2504.13,1,Loyal / High-Value,0.08508405501457585
13697,38,1,151.29999999999998,0,At-Risk / Low-Engagement,0.6276807301087587
13699,155,1,308.58000000000004,0,At-Risk / Low-Engagement,0.6400371876945302
13700,26,10,2248.63,1,Loyal / High-Value,0.11985994985868988
13703,318,1,99.5,0,At-Risk / Low-Engagement,0.7262736749071251
13704,5,9,2308.06,1,Loyal / High-Value,0.10297511720734678
13705,7,3,711.86,1,Loyal / High-Value,0.2955642668730435
13706,302,1,330.79,0,At-Risk / Low-Engagement,0.6592696440395809
13707,267,2,806.41,0,At-Risk / Low-Engagement,0.5005402086562593
13708,271,1,285.33,0,At-Risk / Low-Engagement,0.6665735008928887
13709,3,13,6307.650000000001,1,Loyal / High-Value,0.05498043175388144
13710,31,1,180.48,0,At-Risk / Low-Engagement,0.6086345358202107
13711,218,2,252.06,0,At-Risk / Low-Engagement,0.5680308227993673
13712,246,1,228.84,0,At-Risk / Low-Engagement,0.6757003426462416
13715,281,5,1077.39,0,At-Risk / Low-Engagement,0.31580862870095644
13716,269,1,138.28,0,At-Risk / Low-Engagement,0.7072306003637193
13717,32,6,1445.01,1,Loyal / High-Value,0.2009044073086905
13718,246,2,306.55,0,At-Risk / Low-Engagement,0.5604929271464654
13719,15,5,1041.68,1,Loyal / High-Value,0.22053189250328148
13720,116,4,799.9,0,At-Risk / Low-Engagement,0.34048575069736803
13721,36,1,524.14,0,At-Risk / Low-Engagement,0.5463384851386229
13722,131,3,2375.41,0,At-Risk / Low-Engagement,0.3318295817927201
13723,217,1,199.85000000000002,0,At-Risk / Low-Engagement,0.6787500954973056
13725,49,8,1980.56,1,Loyal / High-Value,0.16133434900548335
13726,38,2,1079.6599999999999,0,At-Risk / Low-Engagement,0.3989893862239653
13727,28,2,333.48,0,At-Risk / Low-Engagement,0.4622996310377019
13728,36,6,1016.14,1,Loyal / High-Value,0.21963953492317478
13730,135,2,752.6,0,At-Risk / Low-Engagement,0.4756631367902638
13731,219,2,610.59,0,At-Risk / Low-Engagement,0.5103278608853481
13732,28,1,491.86,0,At-Risk / Low-Engagement,0.5400005101765277
13735,24,4,2883.54,1,Loyal / High-Value,0.21960776466104845
13736,5,2,729.8,1,Loyal / High-Value,0.34720002789912907
13737,200,1,339.59999999999997,0,At-Risk / Low-Engagement,0.6443514069444128
13739,18,1,216.9,0,At-Risk / Low-Engagement,0.5750975796628707
13740,240,1,350.75,0,At-Risk / Low-Engagement,0.6496061178805066
13741,71,3,668.4300000000001,0,At-Risk / Low-Engagement,0.3845553698814544
13742,16,12,3107.87,1,Loyal / High-Value,0.0886548510349567
13743,2,7,1341.6,1,Loyal / High-Value,0.12855011358537854
13744,95,2,1080.52,0,At-Risk / Low-Engagement,0.43697925881717364
13745,162,1,300.04,0,At-Risk / Low-Engagement,0.6434901929153316
13747,373,1,79.6,0,At-Risk / Low-Engagement,0.7377168127038819
13748,95,5,948.25,0,At-Risk / Low-Engagement,0.28362714538480144
13750,53,5,1647.26,1,Loyal / High-Value,0.23642883951032542
13751,288,1,296.25,0,At-Risk / Low-Engagement,0.66576753187708
13752,124,6,1175.38,1,Loyal / High-Value,0.25072075592421894
13753,287,1,741.26,0,At-Risk / Low-Engagement,0.6099651551648202
13754,151,2,282.59999999999997,0,At-Risk / Low-Engagement,0.5449455717058522
13755,3,9,2108.06,1,Loyal / High-Value,0.09876085770495018
13756,2,14,5189.52,1,Loyal / High-Value,0.05151220082518412
13758,11,7,3190.55,1,Loyal / High-Value,0.12988477365295045
13759,33,2,659.4100000000001,0,At-Risk / Low-Engagement,0.4247481494136695
13760,54,2,286.79,0,At-Risk / Low-Engagement,0.49995691511484797
13761,50,2,1070.65,0,At-Risk / Low-Engagement,0.41074907548638856
13762,218,1,306.72,0,At-Risk / Low-Engagement,0.6538570787941845
13763,63,1,1714.96,0,At-Risk / Low-Engagement,0.49200681475425556
13764,70,3,1519.42,0,At-Risk / Low-Engagement,0.33413123918949456
13767,2,37,17220.36,1,Loyal / High-Value,0.02496367274118546
13769,2,10,2796.51,1,Loyal / High-Value,0.08068938941033894
13771,64,4,2634.45,1,Loyal / High-Value,0.25386293360291673
13772,33,3,1122.63,1,Loyal / High-Value,0.3235518386120751
13774,81,1,345.0,0,At-Risk / Low-Engagement,0.6069273745976376
13777,0,33,25977.16,1,Loyal / High-Value,0.02071690571681293
13778,103,1,178.7,0,At-Risk / Low-Engagement,0.656763051863129
13780,7,2,360.01,0,At-Risk / Low-Engagement,0.40252511142403496
13781,250,1,127.84,0,At-Risk / Low-Engagement,0.7088688032876503
13782,12,6,908.86,1,Loyal / High-Value,0.19466551095966245
13784,9,11,2462.79,1,Loyal / High-Value,0.09286527895070452
13786,367,1,230.39999999999998,0,At-Risk / Low-Engagement,0.6803347346084941
13787,75,2,309.04,0,At-Risk / Low-Engagement,0.5090766854246537
13790,4,1,348.8,0,At-Risk / Low-Engagement,0.4864203491442968
13791,127,2,1516.0,0,At-Risk / Low-Engagement,0.42728921466326025
13792,66,2,195.55,0,At-Risk / Low-Engagement,0.5336783208588881
13798,1,57,37153.85,1,Loyal / High-Value,0.023305644754665837
13799,116,2,688.86,0,At-Risk / Low-Engagement,0.47497152272200827
13800,309,1,558.32,0,At-Risk / Low-Engagement,0.6276102910305392
13801,66,1,324.8,0,At-Risk / Low-Engagement,0.6023408866648613
13802,138,3,4599.42,1,Loyal / High-Value,0.2961742914095208
13803,255,1,277.07,0,At-Risk / Low-Engagement,0.6659529022351172
13804,30,7,2588.39,1,Loyal / High-Value,0.15684994251973014
13805,52,2,924.6,0,At-Risk / Low-Engagement,0.42178407025839754
13806,63,1,256.38,0,At-Risk / Low-Engagement,0.615287494907543
13807,367,1,112.6,0,At-Risk / Low-Engagement,0.7197869677258075
13808,5,5,1747.66,1,Loyal / High-Value,0.17226959570162512
13809,305,1,155.05,0,At-Risk / Low-Engagement,0.7025493652233471
13810,28,3,1499.01,1,Loyal / High-Value,0.30121796450942706
13811,183,3,814.5,0,At-Risk / Low-Engagement,0.4110876932544237
13812,42,3,539.0,0,At-Risk / Low-Engagement,0.376839434310458
13813,39,4,1366.8600000000001,1,Loyal / High-Value,0.27109727900275504
13814,92,2,1579.12,0,At-Risk / Low-Engagement,0.41115827437452673
13815,22,4,4027.36,1,Loyal / High-Value,0.20250090583070107
13816,23,2,571.6700000000001,0,At-Risk / Low-Engagement,0.41918459492460897
13817,29,2,382.98,0,At-Risk / Low-Engagement,0.45470268446461287
13819,301,3,1140.35,0,At-Risk / Low-Engagement,0.4075302675784412
13821,144,2,385.64,0,At-Risk / Low-Engagement,0.5225202269392472
13822,5,2,632.0,1,Loyal / High-Value,0.35585813168268315
13823,18,2,957.66,0,At-Risk / Low-Engagement,0.3768565607582332
13824,32,5,1698.94,1,Loyal / High-Value,0.2199326000492175
13826,176,1,189.5,0,At-Risk / Low-Engagement,0.6738902742877851
13827,57,3,409.8,0,At-Risk / Low-Engagement,0.40643747743184716
13828,22,1,209.49,0,At-Risk / Low-Engagement,0.5854073473840012
13831,16,6,2198.45,1,Loyal / High-Value,0.16704196891463902
13832,19,1,52.199999999999996,0,At-Risk / Low-Engagement,0.6647099166502609
13833,159,1,383.85,0,At-Risk / Low-Engagement,0.627705244598295
13835,25,4,834.57,1,Loyal / High-Value,0.28219961664821896
13837,211,2,266.59000000000003,0,At-Risk / Low-Engagement,0.5630178725725332
13838,5,4,674.82,1,Loyal / High-Value,0.24376139439166486
13841,252,1,85.0,0,At-Risk / Low-Engagement,0.7306931915737619
13842,58,9,3385.62,1,Loyal / High-Value,0.13367666681242513
13844,11,1,361.62,0,At-Risk / Low-Engagement,0.5220387101705501
13845,64,1,312.98,0,At-Risk / Low-Engagement,0.603419730925689
13846,24,3,865.0600000000001,1,Loyal / High-Value,0.3269375839098428
13848,92,3,1255.0,0,At-Risk / Low-Engagement,0.3561380024616914
13849,51,2,1537.95,0,At-Risk / Low-Engagement,0.38860613516216796
13850,129,1,1595.48,0,At-Risk / Low-Engagement,0.527519771914048
13851,95,3,2651.46,1,Loyal / High-Value,0.31339646904774165
13853,57,1,1090.14,0,At-Risk / Low-Engagement,0.5176484127419307
13854,8,25,8109.5199999999995,1,Loyal / High-Value,0.03489028297043563
13856,168,3,388.5,0,At-Risk / Low-Engagement,0.4553981499681196
13858,57,1,216.17,0,At-Risk / Low-Engagement,0.6218494895345629
13859,326,1,201.16,0,At-Risk / Low-Engagement,0.6880513217839189
13860,1,5,1245.9,1,Loyal / High-Value,0.15828622239267248
13862,18,8,2209.36,1,Loyal / High-Value,0.1364278791163857
13863,247,1,305.78,0,At-Risk / Low-Engagement,0.6589110838268226
13865,58,4,501.56,0,At-Risk / Low-Engagement,0.34144993437118365
13866,74,1,145.67000000000002,0,At-Risk / Low-Engagement,0.6560675553723034
13867,31,3,1005.09,1,Loyal / High-Value,0.3276540759823729
13868,7,2,3192.54,1,Loyal / High-Value,0.27462331603261864
13869,123,4,3083.65,1,Loyal / High-Value,0.26746187142304295
13870,2,8,2770.94,1,Loyal / High-Value,0.09746314780035666
13871,22,13,6403.25,1,Loyal / High-Value,0.07280450856036227
13873,119,3,389.6,0,At-Risk / Low-Engagement,0.44050789812947644
13874,358,1,540.45,0,At-Risk / Low-Engagement,0.6296144350473089
13875,53,5,1786.79,1,Loyal / High-Value,0.23257244545071445
13876,63,1,122.7,0,At-Risk / Low-Engagement,0.6600014433459845
13877,86,1,117.24,0,At-Risk / Low-Engagement,0.6744897330017618
13878,54,1,1271.57,0,At-Risk / Low-Engagement,0.5051830969371787
13880,21,13,3219.77,1,Loyal / High-Value,0.08545863142628672
13881,3,20,17159.52,1,Loyal / High-Value,0.029922349715062392
13882,2,5,1191.13,1,Loyal / High-Value,0.16956202101451362
13883,10,5,2674.48,1,Loyal / High-Value,0.1712518303742191
13884,7,5,787.6,1,Loyal / High-Value,0.2126334502521322
13885,189,2,506.8,0,At-Risk / Low-Engagement,0.5162495569401438
13886,71,1,243.56,0,At-Risk / Low-Engagement,0.6232952958004733
13887,204,1,349.55,0,At-Risk / Low-Engagement,0.6433906242813064
13888,119,2,595.67,0,At-Risk / Low-Engagement,0.4856457771063526
13889,92,1,416.90000000000003,0,At-Risk / Low-Engagement,0.6002156239955798
13890,1,10,1883.8100000000002,1,Loyal / High-Value,0.08324600756977094
13892,26,4,632.97,1,Loyal / High-Value,0.29858941264580846
13893,297,1,821.1,0,At-Risk / Low-Engagement,0.6035206683684227
13894,23,3,564.62,0,At-Risk / Low-Engagement,0.3505719077882896
13895,28,4,2593.07,1,Loyal / High-Value,0.22897388051727371
13897,50,1,311.16,0,At-Risk / Low-Engagement,0.5936659136548472
13898,325,1,155.93,0,At-Risk / Low-Engagement,0.7022385924703155
13899,16,2,388.52,0,At-Risk / Low-Engagement,0.4294421500603747
13900,183,3,740.95,0,At-Risk / Low-Engagement,0.41715049569728496
13901,72,5,2867.2,1,Loyal / High-Value,0.21986535359067563
13904,37,2,332.64,0,At-Risk / Low-Engagement,0.47415385606295507
13908,79,4,2369.55,1,Loyal / High-Value,0.26618916706369616
13911,57,9,2580.91,1,Loyal / High-Value,0.14184166848052165
13914,11,2,626.45,0,At-Risk / Low-Engagement,0.38445859856331627
13917,49,2,272.04,0,At-Risk / Low-Engagement,0.49929571262793015
13918,49,2,1212.8400000000001,0,At-Risk / Low-Engagement,0.4019738009825915
13919,59,2,384.81,0,At-Risk / Low-Engagement,0.4843671279882813
13922,351,1,172.25,0,At-Risk / Low-Engagement,0.6967405469998674
13923,53,1,351.13,0,At-Risk / Low-Engagement,0.5883662300452982
13924,1,6,1838.8500000000001,1,Loyal / High-Value,0.12661248425896018
13925,92,4,678.25,0,At-Risk / Low-Engagement,0.34131271446133304
13926,23,1,223.85000000000002,0,At-Risk / Low-Engagement,0.5829647507547906
13927,74,1,348.99,0,At-Risk / Low-Engagement,0.6024981299048882
13928,10,4,464.57,1,Loyal / High-Value,0.28325678975900204
13929,169,2,842.65,0,At-Risk / Low-Engagement,0.4778873116656487
13930,57,2,337.34,0,At-Risk / Low-Engagement,0.49156849373997036
13931,95,2,1237.53,0,At-Risk / Low-Engagement,0.42818282552032344
13932,294,1,307.4,0,At-Risk / Low-Engagement,0.6635977068721307
13933,109,2,608.7900000000001,0,At-Risk / Low-Engagement,0.48043600232389094
13934,263,1,922.1,0,At-Risk / Low-Engagement,0.5934064066466419
13936,179,1,376.58,0,At-Risk / Low-Engagement,0.633644636146325
13937,169,1,158.85,0,At-Risk / Low-Engagement,0.6824818135961735
13938,35,1,71.66,0,At-Risk / Low-Engagement,0.6690811756084217
13939,23,3,568.55,0,At-Risk / Low-Engagement,0.35015525345511006
13940,17,4,839.14,1,Loyal / High-Value,0.26915994027366286
13941,21,5,5112.96,1,Loyal / High-Value,0.1641506414047222
13946,79,3,561.5699999999999,0,At-Risk / Low-Engagement,0.3998766412269735
13947,65,1,90.6,0,At-Risk / Low-Engagement,0.6787583539259588
13948,360,1,102.0,0,At-Risk / Low-Engagement,0.7249803582823645
13949,2,6,2427.32,1,Loyal / High-Value,0.12628733810753234
13950,11,4,745.06,1,Loyal / High-Value,0.26155231645602
13951,176,3,674.45,0,At-Risk / Low-Engagement,0.42155505361212775
13952,217,2,3251.071,0,At-Risk / Low-Engagement,0.40082266349710804
13953,7,7,3515.68,1,Loyal / High-Value,0.11940776665199851
13954,1,2,439.92,1,Loyal / High-Value,0.33434368670525805
13955,154,2,322.96,0,At-Risk / Low-Engagement,0.5370536607054669
13956,5,5,1019.27,1,Loyal / High-Value,0.19353762922612455
13959,79,3,594.04,0,At-Risk / Low-Engagement,0.3963219554571431
13960,21,2,230.22,0,At-Risk / Low-Engagement,0.4746565514906139
13962,21,2,169.55,0,At-Risk / Low-Engagement,0.4947501861094323
13963,308,4,664.54,0,At-Risk / Low-Engagement,0.38713203767538135
13967,145,1,80.7,0,At-Risk / Low-Engagement,0.7142695458415307
13969,7,18,9024.17,1,Loyal / High-Value,0.04187633275565559
13971,18,8,2758.26,1,Loyal / High-Value,0.12966523119526085
13972,70,2,190.25,0,At-Risk / Low-Engagement,0.5379807435000238
13973,287,1,264.7,0,At-Risk / Low-Engagement,0.6723357456557271
13974,49,1,413.59000000000003,0,At-Risk / Low-Engagement,0.5746083050811432
13975,31,6,2461.2400000000002,1,Loyal / High-Value,0.178474950618145
13976,206,1,357.98,0,At-Risk / Low-Engagement,0.6423353940758703
13978,14,2,196.79000000000002,0,At-Risk / Low-Engagement,0.4683681801189226
13979,73,1,869.87,0,At-Risk / Low-Engagement,0.5430309825106396
13980,60,1,200.14,0,At-Risk / Low-Engagement,0.6286517931040552
13982,39,4,1871.81,1,Loyal / High-Value,0.25499865527653487
13983,29,12,2603.43,1,Loyal / High-Value,0.10113184961330683
13984,26,5,920.51,1,Loyal / High-Value,0.24249912380899977
13985,4,15,7060.13,1,Loyal / High-Value,0.04872659070174204
13986,17,1,320.46,0,At-Risk / Low-Engagement,0.5474789768397212
13988,19,6,4147.96,1,Loyal / High-Value,0.1485148511325575
13989,65,2,1266.08,0,At-Risk / Low-Engagement,0.4108689009295213
13990,213,1,311.3,0,At-Risk / Low-Engagement,0.6520629765179654
13991,12,6,852.88,1,Loyal / High-Value,0.19731086875541906
13992,30,1,76.8,0,At-Risk / Low-Engagement,0.6592581217077014
13993,42,9,3466.36,1,Loyal / High-Value,0.1267497163069339
13994,3,6,2274.14,1,Loyal / High-Value,0.13388945034967328
13995,15,5,1393.69,1,Loyal / High-Value,0.2075971005499925
13999,10,12,3901.81,1,Loyal / High-Value,0.07828281069000899
14000,211,1,635.66,0,At-Risk / Low-Engagement,0.6078254503417536
14001,45,3,2043.0800000000002,1,Loyal / High-Value,0.3008629334672776
14002,134,2,529.73,0,At-Risk / Low-Engagement,0.4984966030584551
14004,43,7,4582.64,1,Loyal / High-Value,0.14529294859006092
14005,9,5,2874.72,1,Loyal / High-Value,0.1662533479589112
14006,115,3,962.19,0,At-Risk / Low-Engagement,0.3814007418306991
14009,198,2,695.61,0,At-Risk / Low-Engagement,0.49737004184027944
14012,277,1,328.8,0,At-Risk / Low-Engagement,0.6590694947598646
14013,110,3,473.02,0,At-Risk / Low-Engagement,0.42462480624454735
14014,77,1,505.18,0,At-Risk / Low-Engagement,0.5805777055399175
14015,52,1,917.34,0,At-Risk / Low-Engagement,0.5251153515620126
14016,161,4,4341.21,1,Loyal / High-Value,0.2589350690979158
14019,46,3,1421.61,1,Loyal / High-Value,0.3222104255491098
14020,16,2,642.8,0,At-Risk / Low-Engagement,0.3972421071742927
14021,155,3,631.9,0,At-Risk / Low-Engagement,0.42040116488524787
14022,225,1,440.0,0,At-Risk / Low-Engagement,0.6332917624348532
14023,7,2,584.07,1,Loyal / High-Value,0.37224383846944864
14024,121,2,327.7,0,At-Risk / Low-Engagement,0.5257433805791042
14027,60,1,104.82,0,At-Risk / Low-Engagement,0.6673527995733959
14029,63,2,467.66,0,At-Risk / Low-Engagement,0.47432957110838925
14030,18,8,2358.84,1,Loyal / High-Value,0.134402418011092
14031,7,19,17286.86,1,Loyal / High-Value,0.03527833531931767
14032,2,11,2975.59,1,Loyal / High-Value,0.07322007279507856
14034,22,3,648.89,0,At-Risk / Low-Engagement,0.34059692517647294
14035,28,5,1428.02,1,Loyal / High-Value,0.22398286252209088
14036,284,1,626.65,0,At-Risk / Low-Engagement,0.620461190195831
14037,176,2,147.20000000000002,0,At-Risk / Low-Engagement,0.5934624241015379
14038,78,3,1560.38,0,At-Risk / Low-Engagement,0.3366983829974765
14039,33,1,152.2,0,At-Risk / Low-Engagement,0.6217286097616456
14040,40,12,3560.32,1,Loyal / High-Value,0.09857287547318962
14041,266,1,141.41,0,At-Risk / Low-Engagement,0.7056096008586022
14044,26,4,646.42,1,Loyal / High-Value,0.2974283102050278
14045,109,4,1659.75,1,Loyal / High-Value,0.2963681694159229
14046,284,1,154.99,0,At-Risk / Low-Engagement,0.7025706112161195
14047,8,5,1308.6100000000001,1,Loyal / High-Value,0.19422848298820483
14048,305,1,409.93,0,At-Risk / Low-Engagement,0.6464533419229106
14049,16,4,5578.72,1,Loyal / High-Value,0.18103249335147037
14050,31,2,746.36,0,At-Risk / Low-Engagement,0.41422143264822453
14051,0,23,15610.390000000001,1,Loyal / High-Value,0.02071690571681293
14052,19,1,225.36,0,At-Risk / Low-Engagement,0.574813827849055
14053,124,2,260.25,0,At-Risk / Low-Engagement,0.5419021991564811
14054,65,1,92.46,0,At-Risk / Low-Engagement,0.6775984365739548
14055,106,1,725.6400000000001,0,At-Risk / Low-Engagement,0.5706416906655698
14056,1,23,8152.71,1,Loyal / High-Value,0.02704908884542178
14057,23,17,6211.66,1,Loyal / High-Value,0.05811177645967296
14059,266,1,183.6,0,At-Risk / Low-Engagement,0.6911614017039277
14060,4,19,6140.42,1,Loyal / High-Value,0.04060239092805358
14062,9,12,10464.85,1,Loyal / High-Value,0.06046891357383718
14064,29,5,1334.34,1,Loyal / High-Value,0.22814924908734435
14066,266,1,152.55,0,At-Risk / Low-Engagement,0.7014565616374487
14067,63,2,374.7,0,At-Risk / Low-Engagement,0.4889213332942468
14068,320,1,265.85,0,At-Risk / Low-Engagement,0.6720841564212335
14071,3,8,1437.57,1,Loyal / High-Value,0.11895497927253915
14073,32,1,151.04,0,At-Risk / Low-Engagement,0.6209814472369359
14075,4,3,942.26,1,Loyal / High-Value,0.2642127950930074
14076,129,1,118.67,0,At-Risk / Low-Engagement,0.688934479936845
14077,40,5,499.41999999999996,0,At-Risk / Low-Engagement,0.2880136483392343
14078,101,6,1049.37,1,Loyal / High-Value,0.24971433220433598
14079,124,1,375.1,0,At-Risk / Low-Engagement,0.6190665384653948
14080,32,1,45.599999999999994,0,At-Risk / Low-Engagement,0.6874467160818432
14081,302,2,921.62,0,At-Risk / Low-Engagement,0.4939355507667534
14082,364,1,182.25,0,At-Risk / Low-Engagement,0.6935967495407552
14083,4,9,1002.9,1,Loyal / High-Value,0.1217403803839277
14085,2,18,4421.29,1,Loyal / High-Value,0.04261414420693852
14087,2,1,191.47,0,At-Risk / Low-Engagement,0.5037217234441587
14088,10,13,50491.81,1,Loyal / High-Value,0.05269264600183031
14089,56,1,158.75,0,At-Risk / Low-Engagement,0.6400468029348587
14090,324,1,76.32000000000001,0,At-Risk / Low-Engagement,0.7398365191050389
14092,7,14,4076.91,1,Loyal / High-Value,0.06422938317476007
14093,12,1,433.86,0,At-Risk / Low-Engagement,0.5135181088958821
14096,4,17,65164.79,1,Loyal / High-Value,0.03617127368334878
14098,36,1,147.35,0,At-Risk / Low-Engagement,0.6271672915266374
14099,16,11,3104.17,1,Loyal / High-Value,0.09550961915286989
14100,137,1,191.95000000000002,0,At-Risk / Low-Engagement,0.663565540321896
14101,73,6,5976.79,1,Loyal / High-Value,0.1658123362413801
14102,5,5,1105.8799999999999,1,Loyal / High-Value,0.19019768961320022
14104,154,2,216.20999999999998,0,At-Risk / Low-Engagement,0.5632033266617541
14105,239,1,1266.23,0,At-Risk / Low-Engagement,0.5689927779049813
14107,51,7,2703.23,1,Loyal / High-Value,0.16749498381129183
14108,30,2,597.91,0,At-Risk / Low-Engagement,0.42714401101720606
14109,72,1,144.2,0,At-Risk / Low-Engagement,0.65560901234213
14110,3,12,5683.15,1,Loyal / High-Value,0.060596002998190596
14111,14,4,692.85,1,Loyal / High-Value,0.27289622822100135
14112,22,7,2915.15,1,Loyal / High-Value,0.1461503073949553
14113,3,4,1840.42,1,Loyal / High-Value,0.18730853868846178
14114,273,2,386.53,0,At-Risk / Low-Engagement,0.5498511210711583
14116,19,5,1382.74,1,Loyal / High-Value,0.21439581358545168
14117,143,1,90.0,0,At-Risk / Low-Engagement,0.7079223005330849
14121,3,4,2780.15,1,Loyal / High-Value,0.17127695714649468
14124,84,1,419.58000000000004,0,At-Risk / Low-Engagement,0.5960541055991002
14125,10,3,2720.63,1,Loyal / High-Value,0.23732807234820552
14126,7,3,706.1300000000001,1,Loyal / High-Value,0.29600870115729006
14127,122,3,709.71,0,At-Risk / Low-Engagement,0.4029801799585033
14128,60,2,637.5,0,At-Risk / Low-Engagement,0.45193197625968357
14129,1,5,1123.8600000000001,1,Loyal / High-Value,0.1619481441132513
14130,319,1,480.91,0,At-Risk / Low-Engagement,0.6367674432450918
14132,2,11,3586.0299999999997,1,Loyal / High-Value,0.06994301548569447
14133,129,3,605.64,0,At-Risk / Low-Engagement,0.4154231281773193
14135,1,15,4690.31,1,Loyal / High-Value,0.04641415232036209
14138,1,2,965.8800000000001,1,Loyal / High-Value,0.289832943177209
14139,46,1,415.82,0,At-Risk / Low-Engagement,0.5716320221079706
14140,3,2,935.05,1,Loyal / High-Value,0.31707737370806544
14141,2,4,915.13,1,Loyal / High-Value,0.20866499075104566
14142,373,1,311.81,0,At-Risk / Low-Engagement,0.6627592305880192
14143,133,1,115.8,0,At-Risk / Low-Engagement,0.6914323157313927
14145,46,4,3742.2,1,Loyal / High-Value,0.226672171716607
14146,8,5,4191.0,1,Loyal / High-Value,0.15054233666556655
14147,78,2,483.4,0,At-Risk / Low-Engagement,0.48127565520142995
14148,233,1,157.2,0,At-Risk / Low-Engagement,0.6949664307348858
14149,220,1,446.62,0,At-Risk / Low-Engagement,0.6314726501708217
14150,35,2,658.64,0,At-Risk / Low-Engagement,0.4272511533522333
14152,75,2,621.29,0,At-Risk / Low-Engagement,0.4630967685368969
14154,239,2,1345.62,0,At-Risk / Low-Engagement,0.462013375499674
14155,266,1,118.75,0,At-Risk / Low-Engagement,0.7150365796493289
14156,9,55,117210.08,1,Loyal / High-Value,0.030592346177563453
14157,19,2,424.89000000000004,0,At-Risk / Low-Engagement,0.4305764885706844
14158,40,1,507.66,0,At-Risk / Low-Engagement,0.5528387264495493
14159,19,11,4630.35,1,Loyal / High-Value,0.089024097372163
14161,215,3,1097.6200000000001,0,At-Risk / Low-Engagement,0.39881443059956173
14162,173,2,289.36,0,At-Risk / Low-Engagement,0.549219957134771
14163,87,4,2445.91,1,Loyal / High-Value,0.26778858775272113
14164,70,2,1631.77,0,At-Risk / Low-Engagement,0.39777922494572115
14165,275,1,120.44,0,At-Risk / Low-Engagement,0.7154547536321956
14167,39,4,562.59,0,At-Risk / Low-Engagement,0.31980977731710253
14171,98,1,363.79,0,At-Risk / Low-Engagement,0.6113895613315266
14173,10,4,450.84,1,Loyal / High-Value,0.28486624893018303
14174,33,1,134.46,0,At-Risk / Low-Engagement,0.6293497056850434
14175,59,3,3222.3,1,Loyal / High-Value,0.28547682415510034
14176,297,4,576.9000000000001,0,At-Risk / Low-Engagement,0.39602528858529074
14177,86,4,549.46,0,At-Risk / Low-Engagement,0.35127211684518467
14178,8,7,1600.26,1,Loyal / High-Value,0.14559201441344716
14179,40,2,701.57,0,At-Risk / Low-Engagement,0.42870037436498176
14180,10,25,4748.52,1,Loyal / High-Value,0.04133999190787575
14184,66,1,452.89,0,At-Risk / Low-Engagement,0.5811676853817803
14185,331,1,197.65,0,At-Risk / Low-Engagement,0.6890443420413762
14188,30,6,2054.36,1,Loyal / High-Value,0.18475218676503405
14189,2,15,4654.08,1,Loyal / High-Value,0.04972940992655317
14191,1,13,4684.76,1,Loyal / High-Value,0.05285014415350028
14193,67,2,853.39,0,At-Risk / Low-Engagement,0.4375766086121367
14194,4,21,11349.52,1,Loyal / High-Value,0.031610103076374664
14195,201,2,1012.0,0,At-Risk / Low-Engagement,0.47329648477385583
14196,106,1,335.52,0,At-Risk / Low-Engagement,0.619630443184463
14198,18,4,701.4,1,Loyal / High-Value,0.2804648064849121
14199,218,1,185.39999999999998,0,At-Risk / Low-Engagement,0.6832110149126965
14201,60,7,747.44,1,Loyal / High-Value,0.2251074951362227
14204,2,1,150.61,0,At-Risk / Low-Engagement,0.519483901471068
14205,16,2,466.7,0,At-Risk / Low-Engagement,0.41763606739040604
14206,239,1,328.15999999999997,0,At-Risk / Low-Engagement,0.6534263714655172
14208,94,1,151.74,0,At-Risk / Low-Engagement,0.6628801746848608
14209,10,6,2073.43,1,Loyal / High-Value,0.15884101786313287
14210,105,6,1905.8400000000001,1,Loyal / High-Value,0.22250902209145737
14211,53,9,2241.1,1,Loyal / High-Value,0.1448992088317246
14212,89,1,1070.48,0,At-Risk / Low-Engagement,0.5378632230811713
14214,30,5,1004.38,1,Loyal / High-Value,0.24267664627208888
14215,11,6,1789.72,1,Loyal / High-Value,0.16618882059607998
14216,3,4,1839.3,1,Loyal / High-Value,0.1873330251277094
14217,1,17,2004.98,1,Loyal / High-Value,0.05125851526666459
14218,42,1,169.48000000000002,0,At-Risk / Low-Engagement,0.6246719219375451
14219,4,1,89.94,0,At-Risk / Low-Engagement,0.5748888937555909
14220,247,2,632.4,0,At-Risk / Low-Engagement,0.5132123714417399
14221,42,9,3432.8,1,Loyal / High-Value,0.1270345943811661
14222,177,1,683.17,0,At-Risk / Low-Engagement,0.5959918468412152
14223,92,3,991.13,0,At-Risk / Low-Engagement,0.37055950147455663
14224,110,4,1009.73,0,At-Risk / Low-Engagement,0.3248015349570505
14226,28,5,2214.79,1,Loyal / High-Value,0.2044734611218818
14227,26,10,3350.96,1,Loyal / High-Value,0.10917605152444648
14229,51,3,1547.2,1,Loyal / High-Value,0.3211615513696421
14231,183,3,925.71,0,At-Risk / Low-Engagement,0.4029307345537773
14232,42,5,2048.07,1,Loyal / High-Value,0.21934823905348594
14233,49,4,1462.72,1,Loyal / High-Value,0.27523702610951684
14234,22,4,754.12,1,Loyal / High-Value,0.2833089683802366
14235,75,5,3144.86,1,Loyal / High-Value,0.21688961127014886
14236,80,2,490.86,0,At-Risk / Low-Engagement,0.48135104217586794
14237,373,1,161.0,0,At-Risk / Low-Engagement,0.7004778659170006
14238,326,1,146.85,0,At-Risk / Low-Engagement,0.7055228978212363
14239,43,11,2380.85,1,Loyal / High-Value,0.11785934592842151
14240,30,2,890.34,0,At-Risk / Low-Engagement,0.40164077403266496
14241,183,1,213.70000000000002,0,At-Risk / Low-Engagement,0.6683991285207768
14242,234,2,280.55,0,At-Risk / Low-Engagement,0.5641112283012429
14243,8,10,2588.77,1,Loyal / High-Value,0.09780986633085031
14245,219,2,1693.45,0,At-Risk / Low-Engagement,0.4432219175936722
14246,110,3,1474.06,0,At-Risk / Low-Engagement,0.3534432552124347
14247,278,1,136.76999999999998,0,At-Risk / Low-Engagement,0.709003381819719
14248,318,1,302.58,0,At-Risk / Low-Engagement,0.6645267576166186
14250,7,3,1904.05,1,Loyal / High-Value,0.24445881323786092
14251,1,5,2879.7000000000003,1,Loyal / High-Value,0.13096912999246185
14256,260,2,969.0600000000001,0,At-Risk / Low-Engagement,0.48726369839262723
14257,64,5,3099.7200000000003,1,Loyal / High-Value,0.21295243996695049
14258,9,9,12669.98,1,Loyal / High-Value,0.07405782694172203
14259,141,1,120.0,0,At-Risk / Low-Engagement,0.6915884745073267
14261,50,2,1163.45,0,At-Risk / Low-Engagement,0.4054455000850711
14262,8,8,2618.23,1,Loyal / High-Value,0.11712559964123154
14264,154,2,333.97,0,At-Risk / Low-Engagement,0.534856157996387
14265,109,2,530.18,0,At-Risk / Low-Engagement,0.48954943350675095
14267,162,3,1516.24,0,At-Risk / Low-Engagement,0.36710494552610473
14270,331,1,492.65000000000003,0,At-Risk / Low-Engagement,0.6352943487609489
14271,225,1,112.32,0,At-Risk / Low-Engagement,0.7121004879131472
14272,73,2,437.96,0,At-Risk / Low-Engagement,0.4849428277887343
14273,51,4,559.97,0,At-Risk / Low-Engagement,0.33007535469443483
14276,98,3,1119.74,0,At-Risk / Low-Engagement,0.36558995995568666
14277,15,3,4188.0,1,Loyal / High-Value,0.22858619572311936
14280,196,1,134.04,0,At-Risk / Low-Engagement,0.6974943856717896
14282,3,15,3701.44,1,Loyal / High-Value,0.05521883111698251
14284,30,2,595.25,0,At-Risk / Low-Engagement,0.4274319937917152
14285,21,4,1910.01,1,Loyal / High-Value,0.23481778577136886
14286,23,3,4628.75,1,Loyal / High-Value,0.23643319416926942
14287,8,3,176.63,0,At-Risk / Low-Engagement,0.3820915988869881
14288,213,1,426.6,0,At-Risk / Low-Engagement,0.6329854994605495
14289,8,6,911.26,1,Loyal / High-Value,0.18474244671137227
14290,11,5,2314.65,1,Loyal / High-Value,0.17894934361622686
14291,1,11,3883.25,1,Loyal / High-Value,0.06422178999860309
14292,7,9,4871.93,1,Loyal / High-Value,0.09012744071509506
14293,3,4,1046.56,1,Loyal / High-Value,0.21107354823306113
14295,40,1,166.20000000000002,0,At-Risk / Low-Engagement,0.6239362891433062
14297,17,4,1305.33,1,Loyal / High-Value,0.24683077050793917
14298,8,44,51527.3,1,Loyal / High-Value,0.03005426914893041
14299,8,9,3965.62,1,Loyal / High-Value,0.09645769245574355
14300,18,1,43.2,0,At-Risk / Low-Engagement,0.6664829853487994
14301,117,1,640.14,0,At-Risk / Low-Engagement,0.5828689207779547
14304,222,1,383.45,0,At-Risk / Low-Engagement,0.6411420386275304
14305,71,3,1858.96,1,Loyal / High-Value,0.32291242398629527
14306,51,2,2093.32,0,At-Risk / Low-Engagement,0.3694360153430215
14307,88,6,2995.72,1,Loyal / High-Value,0.19766019185068112
14309,8,9,2352.53,1,Loyal / High-Value,0.10917320973704357
14311,242,1,310.26,0,At-Risk / Low-Engagement,0.6572526615643948
14312,46,6,1611.59,1,Loyal / High-Value,0.20618875560871427
14314,106,1,120.0,0,At-Risk / Low-Engagement,0.681006732983734
14315,44,6,2481.13,1,Loyal / High-Value,0.1869994987902956
14317,64,1,508.58000000000004,0,At-Risk / Low-Engagement,0.5724142583151539
14320,206,2,477.79,0,At-Risk / Low-Engagement,0.5238462783058156
14321,10,5,1530.75,1,Loyal / High-Value,0.19320255103663483
14323,114,2,605.0600000000001,0,At-Risk / Low-Engagement,0.4827685695522727
14326,242,1,183.85,0,At-Risk / Low-Engagement,0.687581647826725
14327,163,1,311.65,0,At-Risk / Low-Engagement,0.6414361796688254
14329,17,7,4975.24,1,Loyal / High-Value,0.12466456793050687
14331,124,2,462.65999999999997,0,At-Risk / Low-Engagement,0.5040841220078491
14332,22,3,840.21,1,Loyal / High-Value,0.32544613769355135
14333,67,1,415.2,0,At-Risk / Low-Engagement,0.5873595371740027
14334,16,8,2552.21,1,Loyal / High-Value,0.1298006949252945
14335,16,2,454.86,0,At-Risk / Low-Engagement,0.41928573701835237
14336,16,4,1614.91,1,Loyal / High-Value,0.2347392050696513
14338,161,2,588.22,0,At-Risk / Low-Engagement,0.49950354655081763
14339,242,1,309.52,0,At-Risk / Low-Engagement,0.6573944079106236
14340,218,1,134.7,0,At-Risk / Low-Engagement,0.7010900186975876
14341,45,8,2166.98,1,Loyal / High-Value,0.15622531224784836
14342,21,4,668.5600000000001,1,Loyal / High-Value,0.28822206782991955
14344,127,8,889.9300000000001,1,Loyal / High-Value,0.21861978731607556
14345,38,1,108.97999999999999,0,At-Risk / Low-Engagement,0.6475640356310749
14346,120,2,1021.58,0,At-Risk / Low-Engagement,0.45055803158551283
14348,260,1,409.57,0,At-Risk / Low-Engagement,0.643428471461226
14349,10,1,133.5,0,At-Risk / Low-Engagement,0.5830497376718782
14350,274,1,282.93,0,At-Risk / Low-Engagement,0.6674908936033954
14351,164,1,51.0,0,At-Risk / Low-Engagement,0.7420993388916955
14352,157,4,1078.96,0,At-Risk / Low-Engagement,0.33448172041461804
14353,215,1,90.6,0,At-Risk / Low-Engagement,0.72191933528749
14354,5,2,163.62,0,At-Risk / Low-Engagement,0.44094784775479046
14355,365,1,174.4,0,At-Risk / Low-Engagement,0.6960511470044282
14356,79,2,701.23,0,At-Risk / Low-Engagement,0.4573727510750963
14357,43,1,225.12,0,At-Risk / Low-Engagement,0.6079602993314773
14359,19,3,912.18,1,Loyal / High-Value,0.31543458191881285
14360,31,4,2118.03,1,Loyal / High-Value,0.24167084118052437
14362,22,1,151.5,0,At-Risk / Low-Engagement,0.6059245483375593
14364,108,8,3717.35,1,Loyal / High-Value,0.15717890214544694
14367,8,16,9227.82,1,Loyal / High-Value,0.047328694217456786
14368,319,1,155.0,0,At-Risk / Low-Engagement,0.7025670697106593
14371,295,1,100.5,0,At-Risk / Low-Engagement,0.7257529847738308
14373,358,1,76.55,0,At-Risk / Low-Engagement,0.7396853448019446
14375,185,1,235.56,0,At-Risk / Low-Engagement,0.6631128485201315
14377,191,2,617.05,0,At-Risk / Low-Engagement,0.5037236045644085
14379,44,2,348.1,0,At-Risk / Low-Engagement,0.47849199123858244
14381,52,1,202.68,0,At-Risk / Low-Engagement,0.6221542575394693
14382,26,1,615.49,0,At-Risk / Low-Engagement,0.5221756983680551
14383,38,3,1247.69,1,Loyal / High-Value,0.3226618290818012
14385,9,3,202.11,0,At-Risk / Low-Engagement,0.3780535377702469
14386,296,1,142.4,0,At-Risk / Low-Engagement,0.7071986926650601
14387,32,3,1727.6,1,Loyal / High-Value,0.29805831044532144
14388,10,8,3212.84,1,Loyal / High-Value,0.11515132988214868
14389,65,2,1043.46,0,At-Risk / Low-Engagement,0.4232873216563722
14390,10,9,4642.57,1,Loyal / High-Value,0.09586639674142712
14393,218,1,67.95,0,At-Risk / Low-Engagement,0.7372054479420306
14395,2,9,3479.91,1,Loyal / High-Value,0.08366946538881762
14396,65,2,487.99,0,At-Risk / Low-Engagement,0.4728631976056336
14397,2,19,2612.96,1,Loyal / High-Value,0.04629255060063322
14400,149,1,574.7,0,At-Risk / Low-Engagement,0.5998168113181805
14401,4,13,4051.48,1,Loyal / High-Value,0.06365778761403396
14403,130,4,1475.81,0,At-Risk / Low-Engagement,0.3093259635454958
14404,33,6,1449.32,1,Loyal / High-Value,0.20161145047166162
14406,119,1,156.75,0,At-Risk / Low-Engagement,0.6700032400173341
14407,107,6,2157.73,1,Loyal / High-Value,0.2174379513479667
14408,10,7,2599.03,1,Loyal / High-Value,0.13436562370200825
14409,71,6,2059.4500000000003,1,Loyal / High-Value,0.2077130645851506
14410,92,9,1100.27,1,Loyal / High-Value,0.18350150441456645
14411,310,1,1063.0,0,At-Risk / Low-Engagement,0.5870942582984601
14412,42,2,770.03,0,At-Risk / Low-Engagement,0.42471055570006117
14413,362,1,121.05,0,At-Risk / Low-Engagement,0.7159452775508443
14414,91,7,1496.98,1,Loyal / High-Value,0.20616139861442706
14415,1,13,5855.57,1,Loyal / High-Value,0.04997514286502784
14416,22,2,490.22,0,At-Risk / Low-Engagement,0.4272808967186715
14418,3,3,1937.25,1,Loyal / High-Value,0.22212117585562455
14419,10,6,1051.79,1,Loyal / High-Value,0.1842874453650956
14420,99,1,387.52,0,At-Risk / Low-Engagement,0.6078397721308595
14421,57,2,813.11,0,At-Risk / Low-Engagement,0.43392283532468584
14422,0,6,4263.64,1,Loyal / High-Value,0.09330813713180328
14423,218,1,265.2,0,At-Risk / Low-Engagement,0.6624779491429559
14424,17,1,322.08,0,At-Risk / Low-Engagement,0.5471497063246846
14426,23,10,4481.67,1,Loyal / High-Value,0.10006611976322206
14427,50,2,363.34000000000003,0,At-Risk / Low-Engagement,0.48109846560816993
14428,7,5,1224.06,1,Loyal / High-Value,0.1937885675017103
14431,302,1,470.36,0,At-Risk / Low-Engagement,0.6381199032468972
14432,9,6,2248.5,1,Loyal / High-Value,0.15383269577019554
14434,21,6,1372.8,1,Loyal / High-Value,0.1919276453412202
14436,98,1,89.06,0,At-Risk / Low-Engagement,0.6948683781325175
14437,365,1,63.0,0,At-Risk / Low-Engagement,0.7493417379292936
14438,306,1,131.9,0,At-Risk / Low-Engagement,0.7113440835444742
14439,319,1,2661.24,0,At-Risk / Low-Engagement,0.5273470687050887
14440,8,5,2357.6800000000003,1,Loyal / High-Value,0.1710339560893109
14441,0,4,1712.89,1,Loyal / High-Value,0.15585414178614657
14442,204,2,1589.82,0,At-Risk / Low-Engagement,0.4443126692491635
14443,53,4,1420.2,1,Loyal / High-Value,0.2794782803228401
14446,0,4,1010.35,1,Loyal / High-Value,0.17509328955763773
14447,18,5,1163.23,1,Loyal / High-Value,0.22065172162450963
14448,9,2,375.35,0,At-Risk / Low-Engagement,0.40921806771980684
14449,18,4,885.8,1,Loyal / High-Value,0.268197356114696
14450,180,3,483.25,0,At-Risk / Low-Engagement,0.4441014518905322
14451,60,2,643.9,0,At-Risk / Low-Engagement,0.4512789554479512
14452,10,2,259.05,0,At-Risk / Low-Engagement,0.43710524479192003
14453,190,1,119.93,0,At-Risk / Low-Engagement,0.7024932228507634
14456,5,9,3017.28,1,Loyal / High-Value,0.09661553864697506
14457,310,1,113.64,0,At-Risk / Low-Engagement,0.7193007621177898
14459,155,1,1837.92,0,At-Risk / Low-Engagement,0.5260965073492806
14460,110,3,434.34,0,At-Risk / Low-Engagement,0.4301321403497478
14461,148,3,2103.06,0,At-Risk / Low-Engagement,0.3437336384062842
14462,66,11,1980.57,1,Loyal / High-Value,0.13110994108038643
14463,98,3,529.62,0,At-Risk / Low-Engagement,0.41253173973136104
14465,246,3,1038.44,0,At-Risk / Low-Engagement,0.40794319375318516
14466,29,7,2272.4,1,Loyal / High-Value,0.16068460224388106
14467,17,4,596.26,1,Loyal / High-Value,0.2872701724652602
14470,11,2,461.19,0,At-Risk / Low-Engagement,0.4037535735057957
14472,103,8,1852.67,1,Loyal / High-Value,0.1819055754060827
14473,74,2,234.34000000000003,0,At-Risk / Low-Engagement,0.5266973150756247
14474,46,1,547.66,0,At-Risk / Low-Engagement,0.5537553606231331
14475,71,3,925.85,0,At-Risk / Low-Engagement,0.3644095183866597
14476,257,1,193.0,0,At-Risk / Low-Engagement,0.6870724719085674
14477,19,4,1309.6,1,Loyal / High-Value,0.25008674497365596
14479,253,2,316.25,0,At-Risk / Low-Engagement,0.5596661346260544
14480,11,1,279.05,0,At-Risk / Low-Engagement,0.5390512012189653
14481,164,2,636.51,0,At-Risk / Low-Engagement,0.49509420684496347
14482,18,6,2022.81,1,Loyal / High-Value,0.17287078169855102
14483,281,1,137.1,0,At-Risk / Low-Engagement,0.7092560887573031
14484,50,1,321.92,0,At-Risk / Low-Engagement,0.5915028678926305
14485,38,1,162.8,0,At-Risk / Low-Engagement,0.6231722760922999
14487,26,6,1165.48,1,Loyal / High-Value,0.20444953892514778
14488,67,1,1064.28,0,At-Risk / Low-Engagement,0.5261242032765275
14489,207,1,463.38,0,At-Risk / Low-Engagement,0.6267482293316188
14491,175,2,340.93,0,At-Risk / Low-Engagement,0.5389914322435587
14493,7,5,2383.2400000000002,1,Loyal / High-Value,0.16775471757779617
14494,25,1,139.56,0,At-Risk / Low-Engagement,0.616108356122846
14495,50,2,123.8,0,At-Risk / Low-Engagement,0.5517155046746943
14496,311,2,538.8100000000001,0,At-Risk / Low-Engagement,0.5293280470857814
14497,309,1,475.37,0,At-Risk / Low-Engagement,0.6374741824258696
14498,42,5,1957.32,1,Loyal / High-Value,0.221405839141686
14499,26,3,808.44,0,At-Risk / Low-Engagement,0.3338492324723666
14500,88,3,356.85,0,At-Risk / Low-Engagement,0.43343311737580037
14501,183,2,251.21,0,At-Risk / Low-Engagement,0.5608137635666227
14502,19,11,2429.83,1,Loyal / High-Value,0.10384742084447607
14503,3,6,3543.26,1,Loyal / High-Value,0.1208725625087883
14504,47,4,673.26,0,At-Risk / Low-Engagement,0.31639722954655136
14505,17,8,5859.43,1,Loyal / High-Value,0.10789191011959327
14506,17,5,1960.65,1,Loyal / High-Value,0.19636095610470897
14507,23,6,1367.88,1,Loyal / High-Value,0.19443097833621506
14508,22,2,268.05,0,At-Risk / Low-Engagement,0.46659973867354454
14511,11,5,1314.81,1,Loyal / High-Value,0.20196689819656266
14512,187,2,275.28,0,At-Risk / Low-Engagement,0.5557922118380085
14513,100,3,455.59000000000003,0,At-Risk / Low-Engagement,0.42303911392940463
14514,61,3,990.2,0,At-Risk / Low-Engagement,0.3543449573444696
14515,17,6,2076.89,1,Loyal / High-Value,0.17054362826417116
14517,33,2,330.45,0,At-Risk / Low-Engagement,0.4697732840517806
14518,64,1,174.37,0,At-Risk / Low-Engagement,0.6396201430258286
14520,1,2,270.6,1,Loyal / High-Value,0.36343067733214457
14522,24,4,974.54,1,Loyal / High-Value,0.27262698024157783
14523,108,1,241.09,0,At-Risk / Low-Engagement,0.6406688837056587
14524,31,9,1843.83,1,Loyal / High-Value,0.14009471851970162
14525,19,9,4215.9,1,Loyal / High-Value,0.10767605479551833
14527,2,55,8507.13,1,Loyal / High-Value,0.02865081311962621
14528,37,1,364.21999999999997,0,At-Risk / Low-Engagement,0.5711468333555639
14529,60,3,578.61,0,At-Risk / Low-Engagement,0.386757031063518
14530,25,6,2862.11,1,Loyal / High-Value,0.16761062202525068
14532,236,4,932.85,0,At-Risk / Low-Engagement,0.35913325609529284
14533,24,7,1949.72,1,Loyal / High-Value,0.16187535189926938
14534,2,18,4397.3,1,Loyal / High-Value,0.042672854383228744
14535,60,3,2854.84,1,Loyal / High-Value,0.29264269141446503
14536,259,1,170.95,0,At-Risk / Low-Engagement,0.6941742715497538
14537,57,1,355.56,0,At-Risk / Low-Engagement,0.5905699385132859
14538,64,2,388.25,0,At-Risk / Low-Engagement,0.48725373766079777
14539,15,2,537.48,0,At-Risk / Low-Engagement,0.4060613250036008
14540,9,3,952.66,1,Loyal / High-Value,0.2876771184959178
14541,58,8,1453.35,1,Loyal / High-Value,0.17685435356517804
14542,185,1,103.25,0,At-Risk / Low-Engagement,0.7096799424520669
14543,28,16,3599.73,1,Loyal / High-Value,0.07242017796578153
14544,24,2,2004.3,1,Loyal / High-Value,0.3429087387948681
14546,5,5,2573.93,1,Loyal / High-Value,0.15816657891614036
14547,3,8,3974.75,1,Loyal / High-Value,0.09354324616779638
14548,150,2,652.8,0,At-Risk / Low-Engagement,0.48957782458574917
14549,311,1,289.24,0,At-Risk / Low-Engagement,0.6671700458895359
14550,10,2,757.37,1,Loyal / High-Value,0.36914641800705417
14551,18,2,186.23,0,At-Risk / Low-Engagement,0.48222440688959234
14552,151,1,164.22,0,At-Risk / Low-Engagement,0.6763452359730266
14553,19,5,859.27,1,Loyal / High-Value,0.23631834733162713
14554,10,4,2279.4900000000002,1,Loyal / High-Value,0.20612757345759206
14555,57,2,312.54,0,At-Risk / Low-Engagement,0.4965991246368519
14557,85,1,788.38,0,At-Risk / Low-Engagement,0.5559217886063763
14560,7,22,2237.77,1,Loyal / High-Value,0.0494194349003576
14561,75,3,1080.76,0,At-Risk / Low-Engagement,0.35715232185031387
14562,3,18,5006.77,1,Loyal / High-Value,0.043317136506180284
14565,95,4,3099.12,1,Loyal / High-Value,0.25858924080461104
14566,110,1,1432.0,0,At-Risk / Low-Engagement,0.5277982139425065
14567,56,2,1530.3600000000001,0,At-Risk / Low-Engagement,0.3927131245456721
14569,1,1,227.39,0,At-Risk / Low-Engagement,0.47482714731209424
14570,280,2,218.06,0,At-Risk / Low-Engagement,0.5878934652536758
14572,3,7,2804.54,1,Loyal / High-Value,0.11317477528052775
14573,179,9,1639.82,1,Loyal / High-Value,0.18489627104137984
14576,372,1,35.400000000000006,0,At-Risk / Low-Engagement,0.7614858902906267
14577,12,4,859.71,1,Loyal / High-Value,0.2569643975733249
14578,3,1,168.63,0,At-Risk / Low-Engagement,0.5245429698818442
14581,16,1,138.6,0,At-Risk / Low-Engagement,0.5989462777019711
14582,40,1,114.11,0,At-Risk / Low-Engagement,0.6467953238884521
14583,5,5,986.96,1,Loyal / High-Value,0.19486898749261872
14584,169,4,1033.06,0,At-Risk / Low-Engagement,0.33988942902838715
14585,50,1,157.05,0,At-Risk / Low-Engagement,0.6362389526479034
14586,276,1,237.36,0,At-Risk / Low-Engagement,0.6779504250357633
14587,18,9,1580.29,1,Loyal / High-Value,0.134203249804252
14589,371,1,39.75,0,At-Risk / Low-Engagement,0.7614858902906267
14591,15,4,1320.21,1,Loyal / High-Value,0.2424968282983492
14592,35,3,557.94,0,At-Risk / Low-Engagement,0.3674992166838812
14593,21,3,617.15,0,At-Risk / Low-Engagement,0.3418370907864815
14594,7,2,363.33,0,At-Risk / Low-Engagement,0.4019431921909557
14595,19,6,1740.6,1,Loyal / High-Value,0.1799326361986805
14597,11,2,866.24,1,Loyal / High-Value,0.3644197263073171
14598,44,1,221.97,0,At-Risk / Low-Engagement,0.6097731128047357
14600,305,1,393.33000000000004,0,At-Risk / Low-Engagement,0.6489409017461268
14601,10,1,213.96,0,At-Risk / Low-Engagement,0.55263984710296
14603,274,1,660.0,0,At-Risk / Low-Engagement,0.6162007681682359
14606,1,93,12076.15,1,Loyal / High-Value,0.02444600624069617
14607,15,14,16209.5,1,Loyal / High-Value,0.052426192647761986
14608,4,4,1785.15,1,Loyal / High-Value,0.19453935925639587
14609,72,4,601.56,0,At-Risk / Low-Engagement,0.33898197884324127
14616,242,3,406.08000000000004,0,At-Risk / Low-Engagement,0.46817398752314815
14618,9,3,553.44,1,Loyal / High-Value,0.31792845180546053
14619,245,1,394.44,0,At-Risk / Low-Engagement,0.6433472849002028
14620,205,2,412.78000000000003,0,At-Risk / Low-Engagement,0.5332499307382399
14621,1,5,1788.3600000000001,1,Loyal / High-Value,0.14597472164933184
14622,184,1,320.58000000000004,0,At-Risk / Low-Engagement,0.6445311247891833
14623,32,5,886.7,1,Loyal / High-Value,0.25081133880187045
14624,57,2,225.85,0,At-Risk / Low-Engagement,0.5179818994278972
14625,196,2,899.63,0,At-Risk / Low-Engagement,0.47996460281081665
14626,23,4,2791.27,1,Loyal / High-Value,0.21986574490162913
14628,91,2,671.96,0,At-Risk / Low-Engagement,0.4662034028635866
14629,4,2,955.26,1,Loyal / High-Value,0.32429010302497435
14631,50,3,1006.98,0,At-Risk / Low-Engagement,0.3456183159742323
14632,262,1,114.56,0,At-Risk / Low-Engagement,0.7164189676597663
14633,266,1,344.90000000000003,0,At-Risk / Low-Engagement,0.6546487856264879
14636,36,2,609.85,0,At-Risk / Low-Engagement,0.43339793272116184
14638,50,1,443.6,0,At-Risk / Low-Engagement,0.5709288366106862
14639,52,6,2984.49,1,Loyal / High-Value,0.18391852015443505
14640,24,6,2107.38,1,Loyal / High-Value,0.17820260627122206
14641,21,1,110.46,0,At-Risk / Low-Engagement,0.6237214214257137
14642,58,1,96.12,0,At-Risk / Low-Engagement,0.6710918858112686
14643,170,2,693.8100000000001,0,At-Risk / Low-Engagement,0.4909573763277827
14644,67,2,830.76,0,At-Risk / Low-Engagement,0.4393239419190491
14645,156,2,597.09,0,At-Risk / Low-Engagement,0.49715470706898257
14646,1,73,280206.02,1,Loyal / High-Value,0.023305644754665837
14647,201,1,236.04000000000002,0,At-Risk / Low-Engagement,0.6661880830041778
14649,4,4,1402.59,1,Loyal / High-Value,0.20471898223416726
14651,67,2,653.75,0,At-Risk / Low-Engagement,0.4549615526718184
14652,77,1,114.18,0,At-Risk / Low-Engagement,0.6718419360573874
14653,1,7,1926.65,1,Loyal / High-Value,0.11106702034789694
14655,8,4,1932.23,1,Loyal / High-Value,0.20757462956707654
14656,169,2,291.05,0,At-Risk / Low-Engagement,0.547839638886709
14657,17,4,848.22,1,Loyal / High-Value,0.2686012530782879
14658,5,2,247.15,0,At-Risk / Low-Engagement,0.4143977165043761
14659,8,9,2529.93,1,Loyal / High-Value,0.10731870202692387
14660,86,2,285.74,0,At-Risk / Low-Engagement,0.5201000987831014
14661,26,1,107.95,0,At-Risk / Low-Engagement,0.6334314811172475
14662,28,4,741.37,1,Loyal / High-Value,0.2924854723259013
14664,19,2,636.24,0,At-Risk / Low-Engagement,0.4046723679629796
14665,60,5,1835.7,1,Loyal / High-Value,0.2350869170771818
14666,24,1,195.25,0,At-Risk / Low-Engagement,0.5933938325623591
14667,10,25,9175.04,1,Loyal / High-Value,0.034965162097772645
14669,241,3,1259.24,0,At-Risk / Low-Engagement,0.394854643766568
14670,280,2,392.86,0,At-Risk / Low-Engagement,0.5498754011767489
14672,234,2,765.55,0,At-Risk / Low-Engagement,0.498266826374991
14673,3,5,1736.4,1,Loyal / High-Value,0.16269051136944299
14675,16,1,596.36,0,At-Risk / Low-Engagement,0.5041853530191673
14676,31,6,2548.2400000000002,1,Loyal / High-Value,0.17713291152036698
14680,25,16,28754.11,1,Loyal / High-Value,0.05030944889720721
14681,71,3,498.95,0,At-Risk / Low-Engagement,0.4029758971307959
14682,187,2,52.0,0,At-Risk / Low-Engagement,0.659399774945602
14684,25,5,1201.51,1,Loyal / High-Value,0.22865061593608912
14687,106,1,628.38,0,At-Risk / Low-Engagement,0.5799235535382642
14688,7,21,5579.1,1,Loyal / High-Value,0.04098106482406457
14689,208,1,112.8,0,At-Risk / Low-Engagement,0.7090773901636027
14690,44,2,355.05,0,At-Risk / Low-Engagement,0.47719165222308146
14691,30,5,2114.33,1,Loyal / High-Value,0.20838038423630678
14692,137,4,591.55,0,At-Risk / Low-Engagement,0.3652148663127464
14693,264,1,172.9,0,At-Risk / Low-Engagement,0.6942437267522732
14696,4,7,2078.95,1,Loyal / High-Value,0.12555543145537718
14697,218,2,188.60999999999999,0,At-Risk / Low-Engagement,0.5866504898282815
14698,1,5,1217.27,1,Loyal / High-Value,0.15910613157650352
14699,214,1,109.13000000000001,0,At-Risk / Low-Engagement,0.711871325631919
14700,32,3,2195.1,1,Loyal / High-Value,0.28498939974946697
14701,10,9,2526.09,1,Loyal / High-Value,0.11074331940064465
14702,1,17,3251.79,1,Loyal / High-Value,0.04538835084941539
14703,14,1,318.17,0,At-Risk / Low-Engagement,0.5400918832546546
14704,11,9,1493.96,1,Loyal / High-Value,0.1268315941813712
14705,198,1,179.0,0,At-Risk / Low-Engagement,0.6816079072634934
14708,2,3,1126.37,1,Loyal / High-Value,0.23865822326054287
14709,15,13,4921.04,1,Loyal / High-Value,0.07324866291164989
14710,14,4,599.48,1,Loyal / High-Value,0.2805433198751403
14711,10,11,2839.62,1,Loyal / High-Value,0.09110530147555541
14712,29,3,917.07,1,Loyal / High-Value,0.33052318661022134
14713,9,11,2662.2,1,Loyal / High-Value,0.09114640583135386
14714,24,1,160.19,0,At-Risk / Low-Engagement,0.6058841891478618
14715,24,4,867.38,1,Loyal / High-Value,0.27876988105974115
14716,43,2,307.51,0,At-Risk / Low-Engagement,0.48567632086001017
14719,1,5,1581.84,1,Loyal / High-Value,0.1500632742401706
14720,5,3,663.81,1,Loyal / High-Value,0.2890445344033065
14722,147,1,180.42000000000002,0,At-Risk / Low-Engagement,0.6698850654679859
14723,10,6,1122.3600000000001,1,Loyal / High-Value,0.1817228808918832
14725,24,1,655.58,0,At-Risk / Low-Engagement,0.514680105060957
14727,274,1,268.58,0,At-Risk / Low-Engagement,0.6705270412158872
14729,373,1,313.49,0,At-Risk / Low-Engagement,0.6624426500846562
14730,1,8,1897.57,1,Loyal / High-Value,0.10010054939411765
14731,47,3,380.02,0,At-Risk / Low-Engagement,0.4033114332429163
14732,8,8,2702.4900000000002,1,Loyal / High-Value,0.11626274850759898
14733,16,12,9585.91,1,Loyal / High-Value,0.06736451845119364
14735,3,32,6065.69,1,Loyal / High-Value,0.03279538773823664
14737,3,3,1164.55,1,Loyal / High-Value,0.2462176656364056
14738,42,7,1314.45,1,Loyal / High-Value,0.19062187847281484
14739,4,7,3902.28,1,Loyal / High-Value,0.10839321868688238
14740,197,3,1448.21,0,At-Risk / Low-Engagement,0.3778360710800593
14741,11,6,1400.34,1,Loyal / High-Value,0.17536662255531524
14744,16,7,1099.98,1,Loyal / High-Value,0.17363188119387457
14745,112,5,1220.26,1,Loyal / High-Value,0.27591099931914925
14747,249,1,328.2,0,At-Risk / Low-Engagement,0.6550230460864894
14748,29,5,1415.75,1,Loyal / High-Value,0.2254058096683329
14752,43,1,389.64,0,At-Risk / Low-Engagement,0.5730255825672024
14753,87,1,563.15,0,At-Risk / Low-Engagement,0.5786981419974006
14754,44,2,638.05,0,At-Risk / Low-Engagement,0.4388245920665356
14755,9,11,5010.28,1,Loyal / High-Value,0.07821531928044045
14756,15,1,738.96,0,At-Risk / Low-Engagement,0.48740645566294616
14757,75,1,420.5,0,At-Risk / Low-Engagement,0.5912254968301195
14758,144,4,1484.06,0,At-Risk / Low-Engagement,0.31278968904713134
14759,4,3,1625.97,1,Loyal / High-Value,0.23716122124149885
14760,297,1,89.2,0,At-Risk / Low-Engagement,0.7319197931002388
14761,58,2,255.9,0,At-Risk / Low-Engagement,0.5105084144507355
14762,263,1,300.52,0,At-Risk / Low-Engagement,0.6623706995294524
14764,46,1,278.3,0,At-Risk / Low-Engagement,0.5973320467917325
14765,29,3,254.11,0,At-Risk / Low-Engagement,0.4092021883983698
14766,8,6,2473.37,1,Loyal / High-Value,0.14825659856136775
14768,17,2,192.60000000000002,0,At-Risk / Low-Engagement,0.47767276921886553
14769,2,8,10416.98,1,Loyal / High-Value,0.07071444406143089
14770,232,2,876.42,0,At-Risk / Low-Engagement,0.48896908595340377
14772,112,1,139.26,0,At-Risk / Low-Engagement,0.6745480670553193
14775,58,3,1011.9,0,At-Risk / Low-Engagement,0.3510710938289162
14776,51,11,2538.3,1,Loyal / High-Value,0.11912241358433812
14778,127,2,730.86,0,At-Risk / Low-Engagement,0.47496711031559896
14779,280,3,386.15,0,At-Risk / Low-Engagement,0.4777723090993021
14780,54,2,447.68,0,At-Risk / Low-Engagement,0.4706396984004796
14782,319,1,200.10000000000002,0,At-Risk / Low-Engagement,0.6883495614321721
14784,26,2,289.99,0,At-Risk / Low-Engagement,0.46837343855352803
14785,10,2,77.4,0,At-Risk / Low-Engagement,0.5160150837613122
14788,7,2,679.4399999999999,1,Loyal / High-Value,0.36296325469283647
14789,28,1,197.64,0,At-Risk / Low-Engagement,0.5988298979141359
14790,16,4,745.06,1,Loyal / High-Value,0.2734042814000944
14792,63,1,6.2,0,At-Risk / Low-Engagement,0.7116183920171715
14793,21,1,228.99,0,At-Risk / Low-Engagement,0.5778289840242061
14794,2,7,1319.91,1,Loyal / High-Value,0.12903325854868938
14795,166,1,131.45000000000002,0,At-Risk / Low-Engagement,0.6924970369837568
14796,1,17,7975.49,1,Loyal / High-Value,0.03615235327272423
14798,52,3,173.74,0,At-Risk / Low-Engagement,0.458004277170469
14799,51,1,157.7,0,At-Risk / Low-Engagement,0.6367682432958574
14800,47,12,4331.79,1,Loyal / High-Value,0.09642064053205243
14801,61,1,189.34,0,At-Risk / Low-Engagement,0.6327081201863825
14803,162,3,845.55,0,At-Risk / Low-Engagement,0.4036213487706604
14804,8,1,353.27,0,At-Risk / Low-Engagement,0.5110990598949279
14805,15,4,546.4,1,Loyal / High-Value,0.28780049883141684
14806,75,1,193.39000000000001,0,At-Risk / Low-Engagement,0.6396047559729645
14808,39,8,2718.6,1,Loyal / High-Value,0.1454437736322557
14810,40,11,2085.33,1,Loyal / High-Value,0.12024597758543187
14813,369,2,152.88,0,At-Risk / Low-Engagement,0.6104612537416435
14815,36,2,778.5,0,At-Risk / Low-Engagement,0.4176430880562911
14816,197,1,271.85,0,At-Risk / Low-Engagement,0.6570835577788807
14817,200,2,1110.34,0,At-Risk / Low-Engagement,0.46698004090434025
14818,73,3,657.8,0,At-Risk / Low-Engagement,0.38668541675189383
14819,64,2,272.07,0,At-Risk / Low-Engagement,0.5106793192884403
14820,21,4,507.29,1,Loyal / High-Value,0.30339545801459694
14821,366,1,48.800000000000004,0,At-Risk / Low-Engagement,0.7614858902906267
14823,180,3,321.43,0,At-Risk / Low-Engagement,0.4707816451281157
14824,10,4,1127.71,1,Loyal / High-Value,0.23821560589428828
14825,3,12,2221.01,1,Loyal / High-Value,0.07637182696943604
14828,196,3,2139.76,0,At-Risk / Low-Engagement,0.35371086152972697
14829,29,4,697.55,1,Loyal / High-Value,0.29705322096181247
14830,53,1,188.88,0,At-Risk / Low-Engagement,0.6272639212132746
14834,17,6,1720.3,1,Loyal / High-Value,0.17770061824129624
14836,10,3,102.44999999999999,0,At-Risk / Low-Engagement,0.42484881243202494
14837,89,4,1649.5,1,Loyal / High-Value,0.2894883225691776
14840,267,1,62.85,0,At-Risk / Low-Engagement,0.7477938815888002
14841,53,6,3295.76,1,Loyal / High-Value,0.18049541175743178
14842,43,4,2824.69,1,Loyal / High-Value,0.23788414040508998
14844,63,4,3189.81,1,Loyal / High-Value,0.24390981899299047
14847,148,1,309.4,0,At-Risk / Low-Engagement,0.638036512708914
14849,21,25,7930.54,1,Loyal / High-Value,0.0407425320566811
14850,311,1,325.75,0,At-Risk / Low-Engagement,0.6601780993872632
14851,23,2,511.35,0,At-Risk / Low-Engagement,0.42636536259069674
14852,58,6,2836.69,1,Loyal / High-Value,0.1887779161575782
14853,24,2,475.8,0,At-Risk / Low-Engagement,0.4327612466233157
14854,78,7,2740.03,1,Loyal / High-Value,0.17734768094379533
14855,119,2,645.65,0,At-Risk / Low-Engagement,0.4803352983374627
14856,36,3,1290.53,1,Loyal / High-Value,0.31872711609499915
14857,59,2,1173.12,0,At-Risk / Low-Engagement,0.4117381777464901
14859,12,4,1353.74,1,Loyal / High-Value,0.2347413502061721
14860,19,1,170.32,0,At-Risk / Low-Engagement,0.5927082978501901
14861,52,1,125.79,0,At-Risk / Low-Engagement,0.6511325917662809
14862,25,2,841.1999999999999,0,At-Risk / Low-Engagement,0.39790757669619503
14863,29,1,266.76,0,At-Risk / Low-Engagement,0.5811602919043297
14865,7,2,52.2,0,At-Risk / Low-Engagement,0.5277928990432197
14866,10,12,14389.9,1,Loyal / High-Value,0.05673824054090674
14867,185,3,710.28,0,At-Risk / Low-Engagement,0.4203240294614448
14868,3,8,2953.59,1,Loyal / High-Value,0.10041352268379028
14869,8,2,721.45,1,Loyal / High-Value,0.3640320011646573
14870,261,1,327.25,0,At-Risk / Low-Engagement,0.6570330058212075
14871,3,4,501.28000000000003,1,Loyal / High-Value,0.24524539042211652
14873,210,1,519.68,0,At-Risk / Low-Engagement,0.6202302647760627
14875,107,2,1465.3200000000002,0,At-Risk / Low-Engagement,0.4222737721824011
14878,12,9,1476.09,1,Loyal / High-Value,0.12873542016782324
14880,77,3,690.59,0,At-Risk / Low-Engagement,0.38580877405307373
14881,19,1,255.4,0,At-Risk / Low-Engagement,0.5667429261125173
14882,26,2,589.7,0,At-Risk / Low-Engagement,0.4221730272149467
14883,18,6,761.59,1,Loyal / High-Value,0.21292551969161422
14885,131,1,765.3199999999999,0,At-Risk / Low-Engagement,0.576124332143834
14886,252,1,364.8,0,At-Risk / Low-Engagement,0.649170204074044
14887,79,1,1862.0,0,At-Risk / Low-Engagement,0.49626167803115584
14888,207,1,369.2,0,At-Risk / Low-Engagement,0.6406566450148252
14889,336,1,135.9,0,At-Risk / Low-Engagement,0.7097316521582182
14890,253,1,125.65,0,At-Risk / Low-Engagement,0.7102281931272258
14891,148,2,554.38,0,At-Risk / Low-Engagement,0.4997805361280302
14893,9,2,1237.8500000000001,1,Loyal / High-Value,0.3357744056129416
14894,85,1,655.75,0,At-Risk / Low-Engagement,0.5678924504342797
14895,7,20,11138.710000000001,1,Loyal / High-Value,0.03598249088637961
14896,204,2,468.77000000000004,0,At-Risk / Low-Engagement,0.5246797675514402
14897,7,4,1366.38,1,Loyal / High-Value,0.21951198123626534
14898,23,6,1269.31,1,Loyal / High-Value,0.19754422327998664
14901,11,9,1421.29,1,Loyal / High-Value,0.1282977634201192
14902,25,1,332.66,0,At-Risk / Low-Engagement,0.5608252538188835
14903,21,5,2795.33,1,Loyal / High-Value,0.18723636292263027
14904,2,2,1025.44,1,Loyal / High-Value,0.3012033491804669
14905,157,2,616.15,0,At-Risk / Low-Engagement,0.4953570771266745
14907,3,7,3501.1,1,Loyal / High-Value,0.10742241380626881
14908,74,1,277.8,0,At-Risk / Low-Engagement,0.6168044992719951
14910,2,4,434.35,1,Loyal / High-Value,0.2430016297092289
14911,1,201,143711.17,1,Loyal / High-Value,0.023305644754665837
14912,16,2,867.85,0,At-Risk / Low-Engagement,0.3784281785599176
14913,35,4,1227.43,1,Loyal / High-Value,0.273102298051814
14915,91,2,307.48,0,At-Risk / Low-Engagement,0.5176997654131378
14916,70,4,1268.98,1,Loyal / High-Value,0.2953020931890652
14918,115,2,1610.15,0,At-Risk / Low-Engagement,0.4192295824460079
14920,212,2,977.77,0,At-Risk / Low-Engagement,0.4778599665662699
14921,30,2,1316.07,0,At-Risk / Low-Engagement,0.3771045638888337
14923,50,1,749.1,0,At-Risk / Low-Engagement,0.5367745769971335
14924,245,1,310.05,0,At-Risk / Low-Engagement,0.657772763765027
14929,32,1,223.88,0,At-Risk / Low-Engagement,0.596338749093251
14930,108,3,2362.96,1,Loyal / High-Value,0.3248027893642417
14931,4,5,1257.68,1,Loyal / High-Value,0.1802919464780569
14932,365,1,363.53,0,At-Risk / Low-Engagement,0.653658916921728
14934,81,2,1890.94,0,At-Risk / Low-Engagement,0.39444681805978954
14935,297,1,1784.71,0,At-Risk / Low-Engagement,0.5535629000230409
14936,33,8,8137.02,1,Loyal / High-Value,0.11019077391
14937,56,3,1621.88,1,Loyal / High-Value,0.3219232103504203
14944,29,12,5900.25,1,Loyal / High-Value,0.0830996503198656
14946,14,1,100.9,0,At-Risk / Low-Engagement,0.6136212854514032
14947,72,2,290.82,0,At-Risk / Low-Engagement,0.5113298904587421
14948,23,6,1101.97,1,Loyal / High-Value,0.20353099889393617
14950,19,1,371.2,0,At-Risk / Low-Engagement,0.5424086858534171
14951,79,1,311.69,0,At-Risk / Low-Engagement,0.6122756218993208
14952,59,11,8099.49,1,Loyal / High-Value,0.0925744416161032
14953,25,1,285.67,0,At-Risk / Low-Engagement,0.5706838855701919
14954,12,1,294.85,0,At-Risk / Low-Engagement,0.5389002324192097
14957,253,1,58.49,0,At-Risk / Low-Engagement,0.749558818729899
14958,147,3,483.72999999999996,0,At-Risk / Low-Engagement,0.4354237398786598
14959,64,4,695.42,0,At-Risk / Low-Engagement,0.3260143596087425
14960,8,2,221.27,0,At-Risk / Low-Engagement,0.4387415529549132
14961,10,9,7044.68,1,Loyal / High-Value,0.08672866855703766
14962,270,1,126.7,0,At-Risk / Low-Engagement,0.7120911919414094
14963,9,5,1472.34,1,Loyal / High-Value,0.1922262057649434
14964,247,1,206.21,0,At-Risk / Low-Engagement,0.6818282230380827
14965,96,2,596.09,0,At-Risk / Low-Engagement,0.47637347512860023
14966,14,1,183.02,0,At-Risk / Low-Engagement,0.5759817278857114
14967,49,1,463.8,0,At-Risk / Low-Engagement,0.5672047092974266
14968,30,1,147.59,0,At-Risk / Low-Engagement,0.619853179838046
14970,68,4,1592.06,1,Loyal / High-Value,0.2819811317805208
14971,35,3,1097.98,1,Loyal / High-Value,0.327017810425574
14972,128,1,114.77,0,At-Risk / Low-Engagement,0.6905220000905381
14973,107,3,1314.45,0,At-Risk / Low-Engagement,0.3592961058194859
14974,37,1,89.94,0,At-Risk / Low-Engagement,0.6579326021144126
14975,57,1,279.94,0,At-Risk / Low-Engagement,0.6057158599207579
14976,57,7,790.86,1,Loyal / High-Value,0.22100578532829557
14978,72,5,1921.3700000000001,1,Loyal / High-Value,0.23854606736006
14981,246,1,102.12,0,At-Risk / Low-Engagement,0.7203054151167886
14984,19,2,202.37,0,At-Risk / Low-Engagement,0.4789912947442966
14985,198,2,292.01,0,At-Risk / Low-Engagement,0.5543927334549522
14987,15,2,326.4,0,At-Risk / Low-Engagement,0.4381369624534014
14988,211,1,334.54,0,At-Risk / Low-Engagement,0.6473731847909702
14995,38,2,231.98000000000002,0,At-Risk / Low-Engagement,0.4989937978922016
14997,46,3,546.1999999999999,0,At-Risk / Low-Engagement,0.3796491921494011
14998,170,2,414.87,0,At-Risk / Low-Engagement,0.5248597544647751
15000,47,1,490.52,0,At-Risk / Low-Engagement,0.5618288357507945
15002,115,4,1641.76,1,Loyal / High-Value,0.29889849326915807
15004,147,1,1220.77,0,At-Risk / Low-Engagement,0.5506840903871043
15005,15,28,6295.37,1,Loyal / High-Value,0.040966891201357346
15006,51,1,480.38,0,At-Risk / Low-Engagement,0.5666021664824552
15007,159,1,156.91,0,At-Risk / Low-Engagement,0.6808974353700347
15009,12,3,1259.43,1,Loyal / High-Value,0.2819402683069473
15010,35,1,308.94,0,At-Risk / Low-Engagement,0.5794535676424383
15012,53,2,405.04,0,At-Risk / Low-Engagement,0.47642665858342786
15014,43,2,257.67,0,At-Risk / Low-Engagement,0.49731829708472186
15016,172,1,170.04,0,At-Risk / Low-Engagement,0.6792551796057144
15017,33,1,125.58,0,At-Risk / Low-Engagement,0.6335213178637253
15018,38,3,496.21000000000004,0,At-Risk / Low-Engagement,0.37798310475167296
15019,266,1,252.81,0,At-Risk / Low-Engagement,0.6729104851581412
15021,8,9,1871.77,1,Loyal / High-Value,0.11518848807540029
15022,11,4,852.39,1,Loyal / High-Value,0.25474735828432754
15023,3,11,6720.41,1,Loyal / High-Value,0.06276013543715657
15024,9,10,1636.43,1,Loyal / High-Value,0.11082924338310664
15025,33,1,361.96,0,At-Risk / Low-Engagement,0.5668115537619937
15026,80,3,469.0,0,At-Risk / Low-Engagement,0.4118576926018247
15027,30,4,1066.1499999999999,1,Loyal / High-Value,0.2753388534180635
15028,8,4,627.13,1,Loyal / High-Value,0.26068814489814346
15030,71,2,518.28,0,At-Risk / Low-Engagement,0.4726696789176273
15031,4,4,653.19,1,Loyal / High-Value,0.23953426663321828
15032,256,3,4959.1,1,Loyal / High-Value,0.31459271337297656
15033,4,10,2557.18,1,Loyal / High-Value,0.08942730852131008
15034,15,8,4274.16,1,Loyal / High-Value,0.11409985027943309
15035,89,1,252.73000000000002,0,At-Risk / Low-Engagement,0.6300857772325855
15036,72,3,429.56,0,At-Risk / Low-Engagement,0.41309595631582235
15038,58,6,685.74,1,Loyal / High-Value,0.25296223324539574
15039,9,47,19766.59,1,Loyal / High-Value,0.030592346177563453
15041,170,1,179.93,0,At-Risk / Low-Engagement,0.6755662777462348
15042,199,1,135.93,0,At-Risk / Low-Engagement,0.697272912138001
15043,31,1,537.0,0,At-Risk / Low-Engagement,0.5384923097396823
15044,19,17,7634.7300000000005,1,Loyal / High-Value,0.05356972653418652
15045,151,2,735.66,0,At-Risk / Low-Engagement,0.4819840491132777
15046,9,15,5090.42,1,Loyal / High-Value,0.059260676403434784
15047,269,1,343.62,0,At-Risk / Low-Engagement,0.6553088382727345
15048,65,4,381.0,0,At-Risk / Low-Engagement,0.36242628559320345
15049,273,1,121.17000000000002,0,At-Risk / Low-Engagement,0.7148746721830699
15050,25,3,1737.69,1,Loyal / High-Value,0.2891513172665659
15051,23,3,1383.3600000000001,1,Loyal / High-Value,0.298769943149117
15052,319,1,207.73000000000002,0,At-Risk / Low-Engagement,0.686233620394421
15053,4,3,693.95,1,Loyal / High-Value,0.28021034028417213
15054,12,2,302.1,0,At-Risk / Low-Engagement,0.43428174366721906
15057,275,2,1489.5,0,At-Risk / Low-Engagement,0.46137646101283514
15058,25,11,2102.54,1,Loyal / High-Value,0.11190919788939466
15059,40,9,1337.72,1,Loyal / High-Value,0.1562131671600992
15060,8,4,294.25,1,Loyal / High-Value,0.30094320088616244
15061,3,48,54534.14,1,Loyal / High-Value,0.026209209340989446
15062,71,4,987.86,0,At-Risk / Low-Engagement,0.30977037464773716
15063,213,1,370.79999999999995,0,At-Risk / Low-Engagement,0.6415308136504607
15065,37,4,3158.13,1,Loyal / High-Value,0.22806529135521633
15066,53,1,893.59,0,At-Risk / Low-Engagement,0.527651733600445
15067,78,3,1744.76,0,At-Risk / Low-Engagement,0.3301399823754268
15068,46,2,553.36,0,At-Risk / Low-Engagement,0.4499692792663249
15069,179,1,1109.53,0,At-Risk / Low-Engagement,0.5652930545349596
15070,372,1,106.2,0,At-Risk / Low-Engagement,0.7228685855544107
15071,93,2,982.07,0,At-Risk / Low-Engagement,0.44229458674538197
15073,9,3,1043.41,1,Loyal / High-Value,0.2827777609851411
15074,105,1,735.67,0,At-Risk / Low-Engagement,0.5693536388884654
15075,77,1,773.03,0,At-Risk / Low-Engagement,0.5530149132336198
15076,172,1,880.85,0,At-Risk / Low-Engagement,0.5785296191674327
15078,7,32,9743.11,1,Loyal / High-Value,0.03264087318019385
15079,212,4,895.61,0,At-Risk / Low-Engagement,0.35734329165177764
15081,22,5,504.8,1,Loyal / High-Value,0.267315773236896
15083,256,1,88.2,0,At-Risk / Low-Engagement,0.7293265197170622
15087,281,1,306.94,0,At-Risk / Low-Engagement,0.6636857968661114
15088,21,2,1160.07,0,At-Risk / Low-Engagement,0.37096182265149846
15089,10,6,2420.84,1,Loyal / High-Value,0.1534475598897772
15090,308,1,381.32,0,At-Risk / Low-Engagement,0.6508015311156541
15091,67,1,480.71,0,At-Risk / Low-Engagement,0.5779625057232256
15092,215,2,457.81,0,At-Risk / Low-Engagement,0.5284988274676511
15093,18,6,4597.02,1,Loyal / High-Value,0.14401003057027997
15095,103,4,1370.6,0,At-Risk / Low-Engagement,0.30495297313665176
15096,42,1,219.39000000000001,0,At-Risk / Low-Engagement,0.6086257347985098
15097,4,1,248.08,0,At-Risk / Low-Engagement,0.5088608356851225
15098,182,3,39916.5,1,Loyal / High-Value,0.2456547149531944
15099,84,1,410.48,0,At-Risk / Low-Engagement,0.5974457356556515
15100,333,3,876.0,0,At-Risk / Low-Engagement,0.42445000562720664
15101,8,2,317.53,0,At-Risk / Low-Engagement,0.4154694375988188
15103,31,2,703.36,0,At-Risk / Low-Engagement,0.41802776805006053
15104,196,2,993.54,0,At-Risk / Low-Engagement,0.47342333572078177
15105,18,7,2298.93,1,Loyal / High-Value,0.14987972688056359
15106,17,5,1422.52,1,Loyal / High-Value,0.21008346715711393
15107,311,6,319.5,0,At-Risk / Low-Engagement,0.35213079913607886
15108,141,4,1300.25,0,At-Risk / Low-Engagement,0.31955696606873624
15109,245,1,484.95,0,At-Risk / Low-Engagement,0.6307492272859657
15110,23,4,996.1,1,Loyal / High-Value,0.27008239823316266
15111,29,3,1567.48,1,Loyal / High-Value,0.29997500287988726
15113,9,3,3509.43,1,Loyal / High-Value,0.22248819446716678
15114,30,10,2760.56,1,Loyal / High-Value,0.11670942428128436
15115,18,1,340.11,0,At-Risk / Low-Engagement,0.545918943616427
15116,17,4,1352.75,1,Loyal / High-Value,0.24508245618233393
15117,14,5,1551.78,1,Loyal / High-Value,0.20115875035965664
15118,134,1,244.8,0,At-Risk / Low-Engagement,0.6482611341733565
15119,245,1,266.4,0,At-Risk / Low-Engagement,0.6667140599614217
15120,133,1,358.82,0,At-Risk / Low-Engagement,0.6246571304605457
15121,50,2,457.72,0,At-Risk / Low-Engagement,0.4659174285970035
15122,114,3,1633.78,0,At-Risk / Low-Engagement,0.3486520557302101
15123,7,2,2199.31,1,Loyal / High-Value,0.2946716086360608
15124,22,2,184.19,0,At-Risk / Low-Engagement,0.4912379852859107
15125,25,15,11528.48,1,Loyal / High-Value,0.05652717467303001
15127,65,1,406.53,0,At-Risk / Low-Engagement,0.5874517161457438
15128,60,4,1471.0,1,Loyal / High-Value,0.28187802404164597
15129,50,11,3447.4,1,Loyal / High-Value,0.1105589063245797
15130,169,1,330.11,0,At-Risk / Low-Engagement,0.6393808186830313
15132,18,5,977.9300000000001,1,Loyal / High-Value,0.22863383295853787
15133,127,3,982.42,0,At-Risk / Low-Engagement,0.38414198038356817
15134,14,8,1387.99,1,Loyal / High-Value,0.14635055254166446
15135,239,1,139.05,0,At-Risk / Low-Engagement,0.7026724060997321
15136,2,4,1286.7,1,Loyal / High-Value,0.19419176322442086
15139,239,2,178.96,0,At-Risk / Low-Engagement,0.5938368384354427
15140,52,7,2354.25,1,Loyal / High-Value,0.17312375634297844
15142,46,1,498.74,0,At-Risk / Low-Engagement,0.5598482187134778
15143,225,1,259.45,0,At-Risk / Low-Engagement,0.6649861792486148
15144,8,17,6580.44,1,Loyal / High-Value,0.04874760535831983
15145,4,4,1194.73,1,Loyal / High-Value,0.21170410186058927
15146,164,2,1327.16,0,At-Risk / Low-Engagement,0.4467845597348357
15147,240,1,623.5,0,At-Risk / Low-Engagement,0.6143294782020046
15148,10,1,301.29,0,At-Risk / Low-Engagement,0.5302647794773581
15149,133,1,520.8000000000001,0,At-Risk / Low-Engagement,0.6013514435520727
15150,17,10,5291.33,1,Loyal / High-Value,0.09192494610203351
15152,9,13,4745.69,1,Loyal / High-Value,0.06850591975939213
15153,31,1,329.25,0,At-Risk / Low-Engagement,0.5703532695427169
15154,75,1,254.28,0,At-Risk / Low-Engagement,0.6228371124399257
15156,1,3,961.49,1,Loyal / High-Value,0.2334965354086916
15157,3,3,1936.07,1,Loyal / High-Value,0.22214899533730303
15158,45,1,401.40000000000003,0,At-Risk / Low-Engagement,0.5729960624452051
15159,1,30,18641.010000000002,1,Loyal / High-Value,0.023305644754665837
15160,357,1,158.16,0,At-Risk / Low-Engagement,0.7014579810173953
15163,18,2,304.47,0,At-Risk / Low-Engagement,0.45003026714126565
15164,68,3,824.58,0,At-Risk / Low-Engagement,0.36979916841338994
15165,373,1,487.75,0,At-Risk / Low-Engagement,0.6359051879142309
15167,320,1,158.8,0,At-Risk / Low-Engagement,0.7012357536732564
15168,25,1,106.56,0,At-Risk / Low-Engagement,0.6326973285318541
15171,331,1,1289.5,0,At-Risk / Low-Engagement,0.5746729826407414
15172,8,5,1624.05,1,Loyal / High-Value,0.18545461712153674
15174,322,1,135.75,0,At-Risk / Low-Engagement,0.7097913579612932
15175,71,1,224.14,0,At-Risk / Low-Engagement,0.6284172710953835
15178,260,1,40.5,0,At-Risk / Low-Engagement,0.7590360448374814
15179,18,5,2206.95,1,Loyal / High-Value,0.19293127140352354
15180,367,1,87.5,0,At-Risk / Low-Engagement,0.7329056450016168
15181,66,3,689.4799999999999,0,At-Risk / Low-Engagement,0.37967133643205153
15182,154,2,622.85,0,At-Risk / Low-Engagement,0.4938111804597088
15184,29,2,402.2,0,At-Risk / Low-Engagement,0.45150290686281586
15185,70,1,310.62,0,At-Risk / Low-Engagement,0.6075593966651335
15186,14,2,411.41,0,At-Risk / Low-Engagement,0.4204408988445517
15187,1,16,4777.18,1,Loyal / High-Value,0.043548106008226756
15189,1,41,16225.39,1,Loyal / High-Value,0.023305644754665837
15192,119,3,1044.32,0,At-Risk / Low-Engagement,0.37769296365517796
15193,60,1,499.32,0,At-Risk / Low-Engagement,0.5709002015976891
15194,3,15,7616.53,1,Loyal / High-Value,0.04607183472404298
15195,2,1,3861.0,1,Loyal / High-Value,0.31475568108151775
15197,10,3,1079.6100000000001,1,Loyal / High-Value,0.28431073305543003
15198,92,2,193.64,0,At-Risk / Low-Engagement,0.548460720121437
15199,59,4,1268.7,1,Loyal / High-Value,0.28926628973929863
15201,87,5,1236.54,1,Loyal / High-Value,0.26663394561641873
15203,25,6,1827.8,1,Loyal / High-Value,0.18480135767915726
15204,357,1,316.58,0,At-Risk / Low-Engagement,0.6618643836090424
15205,85,2,653.24,0,At-Risk / Low-Engagement,0.4651445782418975
15206,10,4,420.29999999999995,1,Loyal / High-Value,0.28865035697644664
15208,1,5,870.12,1,Loyal / High-Value,0.17133147764332687
15210,225,1,331.18,0,At-Risk / Low-Engagement,0.6505097393512146
15211,60,2,894.4100000000001,0,At-Risk / Low-Engagement,0.4298974939631625
15212,241,1,101.8,0,At-Risk / Low-Engagement,0.7197550077129402
15213,318,2,328.35,0,At-Risk / Low-Engagement,0.5617025258745583
15214,1,8,1661.44,1,Loyal / High-Value,0.10330826316982328
15215,46,3,734.94,0,At-Risk / Low-Engagement,0.36137958349709615
15216,87,1,96.6,0,At-Risk / Low-Engagement,0.6859527418021373
15218,10,11,5756.89,1,Loyal / High-Value,0.07677397968026313
15219,176,1,305.75,0,At-Risk / Low-Engagement,0.6456309945274216
15220,51,6,1778.96,1,Loyal / High-Value,0.20479323004165506
15221,366,1,403.25,0,At-Risk / Low-Engagement,0.6474430193037736
15222,318,1,585.0,0,At-Risk / Low-Engagement,0.6247265496611197
15223,225,2,755.75,0,At-Risk / Low-Engagement,0.4974216067055127
15224,358,2,322.08,0,At-Risk / Low-Engagement,0.5629531836560511
15225,234,1,409.40000000000003,0,At-Risk / Low-Engagement,0.6392612922228108
15226,310,1,154.41,0,At-Risk / Low-Engagement,0.7027763661786945
15227,36,5,1219.4,1,Loyal / High-Value,0.23892739134846616
15228,66,4,3386.71,1,Loyal / High-Value,0.2424606301365547
15230,239,2,429.6,0,At-Risk / Low-Engagement,0.5372298372401666
15232,113,2,612.06,0,At-Risk / Low-Engagement,0.4816317613256621
15234,276,1,197.0,0,At-Risk / Low-Engagement,0.6885640303921182
15235,217,12,2247.51,1,Loyal / High-Value,0.14168270709921543
15236,298,1,321.05,0,At-Risk / Low-Engagement,0.6610369021272171
15237,1,4,1412.32,1,Loyal / High-Value,0.17975120848147896
15238,29,3,1071.99,1,Loyal / High-Value,0.3214656976305833
15239,10,2,780.59,1,Loyal / High-Value,0.367291558643863
15240,44,5,1706.57,1,Loyal / High-Value,0.22910488004955287
15241,66,8,1756.44,1,Loyal / High-Value,0.17282062446429808
15243,74,1,316.68,0,At-Risk / Low-Engagement,0.6086145948595486
15244,65,2,631.57,0,At-Risk / Low-Engagement,0.45593524909234207
15245,134,3,2515.84,0,At-Risk / Low-Engagement,0.329334370000233
15246,238,2,514.15,0,At-Risk / Low-Engagement,0.5252468079274859
15247,122,1,356.0,0,At-Risk / Low-Engagement,0.6216519099829682
15249,31,13,6688.46,1,Loyal / High-Value,0.0759601591797094
15251,9,11,10484.99,1,Loyal / High-Value,0.06525028714120121
15252,36,2,740.78,0,At-Risk / Low-Engagement,0.42083581933168207
15253,16,5,918.1999999999999,1,Loyal / High-Value,0.22816249288729862
15254,127,1,300.36,0,At-Risk / Low-Engagement,0.6337364213073117
15255,66,1,890.85,0,At-Risk / Low-Engagement,0.537180554365838
15256,148,1,98.45,0,At-Risk / Low-Engagement,0.7042809633217527
15257,283,1,317.15,0,At-Risk / Low-Engagement,0.6617582754557745
15258,168,2,623.16,0,At-Risk / Low-Engagement,0.4975329429109614
15260,100,7,1810.77,1,Loyal / High-Value,0.20064131211889946
15261,135,1,254.82,0,At-Risk / Low-Engagement,0.6461418654814078
15262,323,1,178.95000000000002,0,At-Risk / Low-Engagement,0.6946168175410631
15263,106,1,156.51,0,At-Risk / Low-Engagement,0.665674662362026
15264,64,1,393.74,0,At-Risk / Low-Engagement,0.5888514223166929
15265,151,2,1506.1200000000001,0,At-Risk / Low-Engagement,0.4350334379358763
15266,338,1,119.3,0,At-Risk / Low-Engagement,0.716721130104666
15267,22,5,1717.36,1,Loyal / High-Value,0.20889271689263372
15269,23,1,408.8,0,At-Risk / Low-Engagement,0.5439531582275419
15270,15,7,2379.49,1,Loyal / High-Value,0.14498419973569668
15271,7,15,2493.34,1,Loyal / High-Value,0.06818965478418107
15272,57,2,721.94,0,At-Risk / Low-Engagement,0.4416510949073196
15274,4,2,716.57,1,Loyal / High-Value,0.3411424783122329
15275,37,1,615.14,0,At-Risk / Low-Engagement,0.5369996158808391
15276,66,1,128.63,0,At-Risk / Low-Engagement,0.6590082711933898
15277,46,1,255.89999999999998,0,At-Risk / Low-Engagement,0.6026364834625553
15279,354,1,290.51,0,At-Risk / Low-Engagement,0.6669136777993564
15280,172,1,113.12,0,At-Risk / Low-Engagement,0.7021025660940812
15281,58,9,2332.15,1,Loyal / High-Value,0.14550203864570363
15286,49,1,240.55,0,At-Risk / Low-Engagement,0.6090922484331771
15287,22,2,486.69,0,At-Risk / Low-Engagement,0.4277475585696037
15288,43,5,2306.52,1,Loyal / High-Value,0.21469055507031937
15289,29,3,939.78,1,Loyal / High-Value,0.3290952518348683
15290,4,18,7943.22,1,Loyal / High-Value,0.03999578601194282
15291,25,15,4668.3,1,Loyal / High-Value,0.07070720087251459
15292,201,1,178.39,0,At-Risk / Low-Engagement,0.6823662004651042
15296,50,6,3672.86,1,Loyal / High-Value,0.17486176453482807
15297,10,3,641.94,1,Loyal / High-Value,0.3130483851720549
15298,2,12,4799.9,1,Loyal / High-Value,0.060293876610315815
15299,67,7,4507.01,1,Loyal / High-Value,0.15551328140528922
15300,64,1,496.44,0,At-Risk / Low-Engagement,0.5739737628059216
15301,50,12,5049.95,1,Loyal / High-Value,0.09383701182373476
15303,290,1,574.02,0,At-Risk / Low-Engagement,0.6258981916687917
15304,60,8,694.4000000000001,1,Loyal / High-Value,0.2080117316906758
15306,64,3,1174.35,0,At-Risk / Low-Engagement,0.3459616097903981
15307,95,1,205.3,0,At-Risk / Low-Engagement,0.6453140684242925
15308,274,1,310.47,0,At-Risk / Low-Engagement,0.6620367139351961
15311,0,91,60632.75,1,Loyal / High-Value,0.02071690571681293
15312,75,4,924.85,0,At-Risk / Low-Engagement,0.31552905829486366
15313,110,1,52.0,0,At-Risk / Low-Engagement,0.7277069371397467
15314,199,1,327.97,0,At-Risk / Low-Engagement,0.6462554557894256
15315,64,2,570.5,0,At-Risk / Low-Engagement,0.4619417441087615
15316,326,1,165.0,0,At-Risk / Low-Engagement,0.6991231614441169
15318,3,1,312.62,0,At-Risk / Low-Engagement,0.4839492212281883
15319,283,1,204.5,0,At-Risk / Low-Engagement,0.6871207099202097
15320,44,1,267.13,0,At-Risk / Low-Engagement,0.5981105046557905
15321,70,3,2748.31,1,Loyal / High-Value,0.30023777762206566
15322,85,1,679.68,0,At-Risk / Low-Engagement,0.5655691519443334
15325,103,1,161.74,0,At-Risk / Low-Engagement,0.6626467092432197
15326,333,1,311.71,0,At-Risk / Low-Engagement,0.6627781236315751
15327,52,1,208.75,0,At-Risk / Low-Engagement,0.6203274464073887
15329,39,3,1049.7,0,At-Risk / Low-Engagement,0.33369350672363784
15330,32,2,714.96,0,At-Risk / Low-Engagement,0.4182774442440765
15332,366,4,1661.06,0,At-Risk / Low-Engagement,0.33151407315104586
15333,208,1,1028.56,0,At-Risk / Low-Engagement,0.5765513971439086
15334,156,3,350.82,0,At-Risk / Low-Engagement,0.4588987437035095
15335,53,1,170.22,0,At-Risk / Low-Engagement,0.6336354006335949
15339,66,2,574.07,0,At-Risk / Low-Engagement,0.4628409716222536
15341,80,1,2020.52,0,At-Risk / Low-Engagement,0.49140451350690867
15342,129,1,406.09,0,At-Risk / Low-Engagement,0.6157309477159751
15343,87,1,364.5,0,At-Risk / Low-Engagement,0.6063953466573669
15344,0,3,563.94,1,Loyal / High-Value,0.23717986598082708
15345,45,1,393.54,0,At-Risk / Low-Engagement,0.5742715654327167
15346,332,1,252.42000000000002,0,At-Risk / Low-Engagement,0.6750857867050635
15347,366,1,201.60000000000002,0,At-Risk / Low-Engagement,0.6879279376213141
15348,72,1,158.04,0,At-Risk / Low-Engagement,0.6501542202350327
15349,158,2,463.90999999999997,0,At-Risk / Low-Engagement,0.5143493471038301
15350,373,1,115.65,0,At-Risk / Low-Engagement,0.7183720262118446
15351,12,7,1934.66,1,Loyal / High-Value,0.14730815240715076
15353,254,2,770.12,0,At-Risk / Low-Engagement,0.5014206051144712
15355,29,2,277.05,0,At-Risk / Low-Engagement,0.4759312730771499
15356,31,10,2718.03,1,Loyal / High-Value,0.11770455683826062
15358,4,22,8347.2,1,Loyal / High-Value,0.03272589390307084
15360,39,1,427.93,0,At-Risk / Low-Engagement,0.5628977157262468
15361,361,1,418.92,0,At-Risk / Low-Engagement,0.6451445998818384
15363,372,1,326.0,0,At-Risk / Low-Engagement,0.6601327357247115
15364,95,2,913.19,0,At-Risk / Low-Engagement,0.447941060100486
15365,25,7,2314.32,1,Loyal / High-Value,0.15672125474443035
15366,75,2,602.51,0,At-Risk / Low-Engagement,0.4651116915048952
15367,57,4,1877.59,1,Loyal / High-Value,0.2672919800377148
15368,21,1,446.94000000000005,0,At-Risk / Low-Engagement,0.5343527248279989
15370,40,7,2386.05,1,Loyal / High-Value,0.166341130427784
15372,137,1,2007.3999999999999,0,At-Risk / Low-Engagement,0.5149652216088912
15373,8,12,2415.91,1,Loyal / High-Value,0.08517119513981795
15374,128,1,168.0,0,At-Risk / Low-Engagement,0.6687526513471882
15376,40,3,1221.56,1,Loyal / High-Value,0.3257900234073829
15379,169,7,3703.29,1,Loyal / High-Value,0.18528646539839527
15380,8,5,1690.2600000000002,1,Loyal / High-Value,0.18386501492209556
15381,213,2,596.85,0,At-Risk / Low-Engagement,0.5106288397738381
15382,14,6,5955.71,1,Loyal / High-Value,0.13103035633994836
15384,169,2,642.41,0,At-Risk / Low-Engagement,0.4957815651708316
15385,40,1,316.88,0,At-Risk / Low-Engagement,0.5833235683863666
15386,186,1,394.14,0,At-Risk / Low-Engagement,0.6323921864925541
15388,270,1,140.54,0,At-Risk / Low-Engagement,0.7064818830669711
15389,172,1,500.0,0,At-Risk / Low-Engagement,0.6144894135827036
15392,4,4,1535.53,1,Loyal / High-Value,0.20085138710604705
15393,16,2,231.86,0,At-Risk / Low-Engagement,0.46303965156217214
15394,9,4,2183.54,1,Loyal / High-Value,0.20527955795906844
15395,325,1,107.45,0,At-Risk / Low-Engagement,0.722254172857847
15396,112,1,288.18,0,At-Risk / Low-Engagement,0.6312395017132364
15397,289,1,94.0,0,At-Risk / Low-Engagement,0.7292217119746642
15398,16,2,1345.53,1,Loyal / High-Value,0.35159107722451316
15399,1,3,815.77,1,Loyal / High-Value,0.24135404759373028
15400,92,5,716.2,0,At-Risk / Low-Engagement,0.29776881484439477
15402,148,2,626.77,0,At-Risk / Low-Engagement,0.4916833581580514
15405,189,1,349.1,0,At-Risk / Low-Engagement,0.6404350017626707
15406,31,2,510.71000000000004,0,At-Risk / Low-Engagement,0.4387102300478685
15407,33,4,1046.74,1,Loyal / High-Value,0.2795279343003025
15408,264,1,267.18,0,At-Risk / Low-Engagement,0.669408855014488
15410,84,8,3450.84,1,Loyal / High-Value,0.15408640388291114
15411,26,4,1348.93,1,Loyal / High-Value,0.2584880844351137
15412,171,1,190.53,0,At-Risk / Low-Engagement,0.67248163707074
15414,9,3,774.9000000000001,1,Loyal / High-Value,0.2989807868585051
15415,313,1,559.61,0,At-Risk / Low-Engagement,0.6274679357002201
15416,64,4,3984.32,1,Loyal / High-Value,0.23371505306127213
15417,85,1,508.8,0,At-Risk / Low-Engagement,0.5842440074048336
15419,24,1,135.86,0,At-Risk / Low-Engagement,0.6161651813665393
15421,58,4,950.36,0,At-Risk / Low-Engagement,0.30458496219282577
15422,323,2,97.7,0,At-Risk / Low-Engagement,0.6379916830872525
15423,38,1,43.5,0,At-Risk / Low-Engagement,0.6936469534607997
15424,254,2,383.34,0,At-Risk / Low-Engagement,0.5473012040490396
15426,19,5,1404.07,1,Loyal / High-Value,0.21371543318055197
15427,33,3,1430.54,1,Loyal / High-Value,0.3096994245755845
15428,15,1,93.78,0,At-Risk / Low-Engagement,0.6207939128274558
15429,26,2,397.35,0,At-Risk / Low-Engagement,0.4477660734436424
15432,23,1,171.19,0,At-Risk / Low-Engagement,0.6000085997048099
15433,213,2,533.3,0,At-Risk / Low-Engagement,0.5180504172285425
15434,8,5,1041.48,1,Loyal / High-Value,0.20384182278383622
15435,22,1,149.29,0,At-Risk / Low-Engagement,0.6068457009486221
15436,12,3,1067.75,1,Loyal / High-Value,0.29085295091196584
15437,262,1,200.16,0,At-Risk / Low-Engagement,0.6857276066676551
15438,131,1,156.57999999999998,0,At-Risk / Low-Engagement,0.6737157099278693
15440,54,3,383.68,0,At-Risk / Low-Engagement,0.4084035541321311
15442,248,1,594.0,0,At-Risk / Low-Engagement,0.6186950691358473
15443,1,7,3213.59,1,Loyal / High-Value,0.09840357862507208
15444,9,2,1411.21,1,Loyal / High-Value,0.328096191546631
15445,264,1,113.5,0,At-Risk / Low-Engagement,0.7171806320794402
15447,330,1,155.17,0,At-Risk / Low-Engagement,0.7025068951109456
15448,312,1,494.64,0,At-Risk / Low-Engagement,0.6350478792361198
15449,26,3,974.52,1,Loyal / High-Value,0.32296770594217583
15450,30,1,429.84,0,At-Risk / Low-Engagement,0.551685688695048
15452,29,3,528.48,0,At-Risk / Low-Engagement,0.3634751537389404
15453,1,7,1371.77,1,Loyal / High-Value,0.12024207428557626
15454,362,1,179.1,0,At-Risk / Low-Engagement,0.6945700880837276
15456,283,3,434.59000000000003,0,At-Risk / Low-Engagement,0.47015562958488655
15457,262,1,237.07,0,At-Risk / Low-Engagement,0.6760509888302904
15458,25,1,161.64,0,At-Risk / Low-Engagement,0.6069450175162928
15460,354,1,214.26,0,At-Risk / Low-Engagement,0.6844773946296903
15462,94,3,234.6,0,At-Risk / Low-Engagement,0.46355916559325633
15463,29,1,126.14,0,At-Risk / Low-Engagement,0.6281869648530419
15464,338,1,1044.65,0,At-Risk / Low-Engagement,0.5882087424869523
15465,19,18,7354.62,1,Loyal / High-Value,0.051318257426816054
15466,85,1,334.53,0,At-Risk / Low-Engagement,0.6108320054048725
15467,9,3,524.88,1,Loyal / High-Value,0.32096807290443224
15468,51,2,467.51,0,At-Risk / Low-Engagement,0.46536747786846466
15469,50,2,538.55,0,At-Risk / Low-Engagement,0.4552577084448375
15471,2,1,454.48,0,At-Risk / Low-Engagement,0.44698749402744425
15472,113,1,371.56,0,At-Risk / Low-Engagement,0.6158780201205716
15473,14,7,1771.2,1,Loyal / High-Value,0.15346339916199042
15475,77,1,454.10999999999996,0,At-Risk / Low-Engagement,0.587408547641699
15478,40,2,1399.92,0,At-Risk / Low-Engagement,0.3847079945734216
15480,116,1,905.5,0,At-Risk / Low-Engagement,0.5600878285665676
15482,15,12,10879.76,1,Loyal / High-Value,0.0646522619083214
15483,161,4,225.26,0,At-Risk / Low-Engagement,0.43280349457216505
15484,1,4,3590.41,1,Loyal / High-Value,0.14621608040042391
15485,30,3,2564.5,1,Loyal / High-Value,0.27452042264312365
15488,92,1,91.32000000000001,0,At-Risk / Low-Engagement,0.6911641780869323
15489,22,3,1134.28,1,Loyal / High-Value,0.3082927664076043
15491,95,6,3100.09,1,Loyal / High-Value,0.19831111556009734
15492,28,2,659.4599999999999,0,At-Risk / Low-Engagement,0.41800719056924074
15493,32,5,1953.41,1,Loyal / High-Value,0.2136708826054626
15494,21,2,1280.58,1,Loyal / High-Value,0.36489042295120105
15497,17,2,1262.2,1,Loyal / High-Value,0.3577287218380575
15498,2,27,13316.4,1,Loyal / High-Value,0.025532027646241046
15500,8,4,1131.56,1,Loyal / High-Value,0.23178808835188755
15502,15,12,10384.93,1,Loyal / High-Value,0.06540038291914678
15503,362,1,141.04,0,At-Risk / Low-Engagement,0.7077200892628204
15504,81,1,52.83,0,At-Risk / Low-Engagement,0.7163273217154235
15505,52,5,3610.96,1,Loyal / High-Value,0.20052485075931734
15506,22,3,972.08,1,Loyal / High-Value,0.3170516782673681
15507,171,1,475.86,0,At-Risk / Low-Engagement,0.6173397272931576
15508,189,6,1000.27,0,At-Risk / Low-Engagement,0.2730037187862312
15510,330,1,250.0,0,At-Risk / Low-Engagement,0.6756419652521104
15511,11,5,900.53,1,Loyal / High-Value,0.2185593484923373
15512,155,2,121.0,0,At-Risk / Low-Engagement,0.6005587818980552
15513,33,19,14758.220000000001,1,Loyal / High-Value,0.04490525805371592
15514,12,11,4023.7200000000003,1,Loyal / High-Value,0.08601320798880613
15516,44,3,62.43,0,At-Risk / Low-Engagement,0.5177697797295032
15517,233,1,267.03,0,At-Risk / Low-Engagement,0.6646424649934659
15518,64,8,1921.55,1,Loyal / High-Value,0.16871376534827381
15520,1,1,343.5,0,At-Risk / Low-Engagement,0.4478291106272758
15521,40,8,3000.2,1,Loyal / High-Value,0.1427600983205266
15522,32,2,397.99,0,At-Risk / Low-Engagement,0.4562941348488347
15523,84,1,412.01000000000005,0,At-Risk / Low-Engagement,0.5972097290456233
15524,24,1,440.0,0,At-Risk / Low-Engagement,0.540898209491383
15525,2,3,734.37,1,Loyal / High-Value,0.25978431355348064
15526,33,2,148.44,0,At-Risk / Low-Engagement,0.5223708732270488
15527,18,8,2428.53,1,Loyal / High-Value,0.13350977672895878
15528,254,1,229.33,0,At-Risk / Low-Engagement,0.6767891996189916
15529,22,11,3962.6,1,Loyal / High-Value,0.09447566849067433
15530,21,4,1497.31,1,Loyal / High-Value,0.2465713606051455
15531,8,2,1972.39,1,Loyal / High-Value,0.30500678438126716
15532,25,4,1564.73,1,Loyal / High-Value,0.24981416401436668
15533,19,3,807.57,1,Loyal / High-Value,0.3224211540551889
15535,173,4,502.9,0,At-Risk / Low-Engagement,0.3846884482430252
15537,163,1,110.92,0,At-Risk / Low-Engagement,0.7012374105453524
15539,7,1,538.46,0,At-Risk / Low-Engagement,0.4782070542527638
15540,11,1,213.3,0,At-Risk / Low-Engagement,0.5565738247401036
15541,114,1,85.13000000000001,0,At-Risk / Low-Engagement,0.7028269583618246
15543,288,1,127.86,0,At-Risk / Low-Engagement,0.7130170034048638
15544,9,9,3546.71,1,Loyal / High-Value,0.10070544274675244
15545,54,2,288.96999999999997,0,At-Risk / Low-Engagement,0.4994581407221135
15547,7,14,4910.6,1,Loyal / High-Value,0.06133617102893554
15549,77,3,1681.46,0,At-Risk / Low-Engagement,0.3318121337967537
15550,4,4,575.63,1,Loyal / High-Value,0.24566439453577685
15551,36,1,436.06,0,At-Risk / Low-Engagement,0.5583394359576349
15552,217,1,90.12,0,At-Risk / Low-Engagement,0.7225191568553632
15553,60,1,428.93,0,At-Risk / Low-Engagement,0.5806911195921565
15554,277,1,217.2,0,At-Risk / Low-Engagement,0.6831654963880984
15555,12,16,4794.86,1,Loyal / High-Value,0.05923237279251371
15556,24,1,279.77,0,At-Risk / Low-Engagement,0.5703618516155733
15557,28,1,468.91,0,At-Risk / Low-Engagement,0.5431303527002256
15561,11,4,800.59,1,Loyal / High-Value,0.25790310610035455
15562,351,1,134.55,0,At-Risk / Low-Engagement,0.7102711115755933
15563,22,4,1400.44,1,Loyal / High-Value,0.2513186581468534
15565,50,2,173.16,0,At-Risk / Low-Engagement,0.5298389375790239
15567,18,1,186.01,0,At-Risk / Low-Engagement,0.5849425169031194
15568,2,3,758.29,1,Loyal / High-Value,0.2581602772375684
15569,103,5,1375.71,1,Loyal / High-Value,0.2667983620420154
15570,7,12,4148.82,1,Loyal / High-Value,0.07327435748443524
15571,11,4,650.4300000000001,1,Loyal / High-Value,0.26853720119799446
15572,4,7,2533.42,1,Loyal / High-Value,0.1199305557375335
15573,31,2,591.1899999999999,0,At-Risk / Low-Engagement,0.42922458094341676
15574,177,4,675.64,0,At-Risk / Low-Engagement,0.36733301063372503
15576,37,1,921.37,0,At-Risk / Low-Engagement,0.5103987056019629
15577,151,3,258.88,0,At-Risk / Low-Engagement,0.47743565564482343
15578,162,1,127.1,0,At-Risk / Low-Engagement,0.6934794845625921
15579,68,2,327.6,0,At-Risk / Low-Engagement,0.5010392011756415
15581,120,13,3675.77,1,Loyal / High-Value,0.10819616022580228
15582,24,3,682.9100000000001,0,At-Risk / Low-Engagement,0.34082001870051504
15584,23,4,720.86,1,Loyal / High-Value,0.28724430514183213
15585,176,1,455.3,0,At-Risk / Low-Engagement,0.6212602448937997
15587,50,4,913.6800000000001,1,Loyal / High-Value,0.3014352621671292
15589,255,3,478.53000000000003,0,At-Risk / Low-Engagement,0.45965579150133956
15592,46,1,388.58,0,At-Risk / Low-Engagement,0.5760016212340349
15593,70,1,199.8,0,At-Risk / Low-Engagement,0.6348896907150958
15594,15,5,1771.78,1,Loyal / High-Value,0.19735812999488928
15596,100,5,1406.59,1,Loyal / High-Value,0.2646621284568389
15597,35,1,324.57,0,At-Risk / Low-Engagement,0.5762806928131273
15598,53,1,240.68,0,At-Risk / Low-Engagement,0.6122365462199864
15599,26,2,761.74,0,At-Risk / Low-Engagement,0.40578053055390606
15601,11,14,6776.56,1,Loyal / High-Value,0.06049477028601448
15602,8,9,1297.8700000000001,1,Loyal / High-Value,0.1254213845918064
15603,78,1,48.480000000000004,0,At-Risk / Low-Engagement,0.7190653379417288
15604,52,1,216.39,0,At-Risk / Low-Engagement,0.6180972444379108
15605,36,5,1198.23,1,Loyal / High-Value,0.23976966330114755
15606,61,9,2920.16,1,Loyal / High-Value,0.1392981864810192
15607,336,1,104.76,0,At-Risk / Low-Engagement,0.7235842723995549
15608,28,4,1093.68,1,Loyal / High-Value,0.27169910617271753
15609,184,1,298.48,0,At-Risk / Low-Engagement,0.6488319137737409
15610,51,1,112.46000000000001,0,At-Risk / Low-Engagement,0.6570285667472416
15611,9,13,1591.45,1,Loyal / High-Value,0.08938849966217795
15612,36,2,195.15,0,At-Risk / Low-Engagement,0.5080801951506775
15615,10,23,10399.74,1,Loyal / High-Value,0.033864610592377845
15618,32,4,776.851,1,Loyal / High-Value,0.29457985983926455
15619,10,1,336.40000000000003,0,At-Risk / Low-Engagement,0.5230229462736128
15620,56,3,1553.18,1,Loyal / High-Value,0.32442449998628836
15621,4,4,1293.03,1,Loyal / High-Value,0.20823936212843433
15622,43,9,3709.56,1,Loyal / High-Value,0.12521600810040406
15623,141,1,301.03,0,At-Risk / Low-Engagement,0.6377752803956482
15624,116,4,588.13,0,At-Risk / Low-Engagement,0.35894569715163976
15625,103,4,1534.26,1,Loyal / High-Value,0.2986734130584261
15626,74,2,675.8,0,At-Risk / Low-Engagement,0.4570108996297422
15628,4,9,2870.2400000000002,1,Loyal / High-Value,0.09501597877676532
15630,45,2,1186.35,0,At-Risk / Low-Engagement,0.3998964186591361
15632,15,8,3285.31,1,Loyal / High-Value,0.12132050431163115
15634,17,1,243.55,0,At-Risk / Low-Engagement,0.5653206701059988
15636,89,2,724.76,0,At-Risk / Low-Engagement,0.4602889041028373
15637,52,1,223.36,0,At-Risk / Low-Engagement,0.6161258173508571
15639,134,1,425.32,0,At-Risk / Low-Engagement,0.6143938543166768
15640,4,15,12416.11,1,Loyal / High-Value,0.042257000749248395
15641,105,4,1887.2,1,Loyal / High-Value,0.2880198898893138
15643,191,3,664.0,0,At-Risk / Low-Engagement,0.42601177244072713
15644,166,4,803.54,0,At-Risk / Low-Engagement,0.35422315866632575
15645,18,1,612.01,0,At-Risk / Low-Engagement,0.5073053362070246
15646,157,3,447.64000000000004,0,At-Risk / Low-Engagement,0.4432593866647242
15648,204,2,639.5,0,At-Risk / Low-Engagement,0.5042101524122318
15649,336,2,816.0,0,At-Risk / Low-Engagement,0.501970865407816
15651,36,3,646.3,0,At-Risk / Low-Engagement,0.35962241919407945
15652,91,1,337.74,0,At-Risk / Low-Engagement,0.6130159450239785
15653,92,2,877.4399999999999,0,At-Risk / Low-Engagement,0.4491856924324304
15654,9,2,922.53,1,Loyal / High-Value,0.3533090193036864
15655,243,1,560.67,0,At-Risk / Low-Engagement,0.6214554359090942
15656,45,4,748.5,0,At-Risk / Low-Engagement,0.30879917908790416
15657,22,1,30.0,0,At-Risk / Low-Engagement,0.6738181142463909
15658,190,5,1024.1000000000001,0,At-Risk / Low-Engagement,0.3041997135682815
15659,43,1,306.45,0,At-Risk / Low-Engagement,0.5884393837283586
15660,25,9,1600.86,1,Loyal / High-Value,0.14024789235316681
15661,317,2,309.8,0,At-Risk / Low-Engagement,0.5654721092595548
15663,106,1,138.14,0,At-Risk / Low-Engagement,0.6729309448890494
15664,50,1,386.43,0,At-Risk / Low-Engagement,0.5798190330859293
15665,168,2,2222.21,0,At-Risk / Low-Engagement,0.4144240301308397
15667,39,1,301.32,0,At-Risk / Low-Engagement,0.5855044925955714
15668,217,1,76.32000000000001,0,At-Risk / Low-Engagement,0.7311390283513659
15669,40,4,684.34,0,At-Risk / Low-Engagement,0.30958371263479817
15670,296,1,173.05,0,At-Risk / Low-Engagement,0.6964831350691765
15671,18,7,2657.13,1,Loyal / High-Value,0.14506894943511794
15673,88,4,2726.23,1,Loyal / High-Value,0.2625835899990328
15674,73,5,2446.6,1,Loyal / High-Value,0.2275558431051109
15675,81,3,323.69,0,At-Risk / Low-Engagement,0.4362545283112903
15676,18,3,3435.76,1,Loyal / High-Value,0.243398973104345
15677,49,1,657.23,0,At-Risk / Low-Engagement,0.5444985259014371
15678,52,1,352.7,0,At-Risk / Low-Engagement,0.5872946594479242
15679,24,4,781.28,1,Loyal / High-Value,0.28435388201753886
15680,9,3,1333.68,1,Loyal / High-Value,0.26981526188397337
15681,25,5,1426.16,1,Loyal / High-Value,0.22076265377071527
15683,117,1,193.75,0,At-Risk / Low-Engagement,0.6569146697139588
15687,8,9,2993.1,1,Loyal / High-Value,0.1031358803154117
15689,119,2,254.1,0,At-Risk / Low-Engagement,0.541705501181757
15690,4,2,239.76,0,At-Risk / Low-Engagement,0.4086644530957151
15691,252,1,136.8,0,At-Risk / Low-Engagement,0.7054735281923575
15692,28,1,191.04,0,At-Risk / Low-Engagement,0.6009740875967708
15694,0,14,6479.4,1,Loyal / High-Value,0.04059977233773123
15695,266,2,409.98,0,At-Risk / Low-Engagement,0.5448892371099253
15696,33,8,2711.11,1,Loyal / High-Value,0.14205917039889382
15699,17,1,309.65,0,At-Risk / Low-Engagement,0.5497184477925985
15700,172,2,696.68,0,At-Risk / Low-Engagement,0.4911897718291642
15701,2,4,1529.0,1,Loyal / High-Value,0.18715841182373263
15703,264,1,211.5,0,At-Risk / Low-Engagement,0.682879680544166
15704,140,4,2293.62,1,Loyal / High-Value,0.2876137915408904
15705,201,1,143.1,0,At-Risk / Low-Engagement,0.6947837889315523
15706,63,4,1060.56,1,Loyal / High-Value,0.3014492483344995
15707,35,4,916.98,1,Loyal / High-Value,0.28865569074151975
15708,40,7,3235.25,1,Loyal / High-Value,0.1554803682798722
15709,283,1,133.25,0,At-Risk / Low-Engagement,0.7107951234491406
15712,9,5,1072.3600000000001,1,Loyal / High-Value,0.20556464418732365
15713,143,2,356.7,0,At-Risk / Low-Engagement,0.5273497321396127
15714,11,2,330.03000000000003,0,At-Risk / Low-Engagement,0.42516417816270036
15716,145,4,1101.1100000000001,0,At-Risk / Low-Engagement,0.3302463951990337
15717,234,1,150.3,0,At-Risk / Low-Engagement,0.6976162767988878
15719,32,13,5030.07,1,Loyal / High-Value,0.0818193470254864
15720,24,1,598.73,0,At-Risk / Low-Engagement,0.5206583775338626
15721,11,1,471.40000000000003,0,At-Risk / Low-Engagement,0.5045729008744355
15722,35,5,2211.21,1,Loyal / High-Value,0.21072134800353398
15723,364,1,190.7,0,At-Risk / Low-Engagement,0.6910580657386067
15724,201,2,218.25,0,At-Risk / Low-Engagement,0.5738806408041534
15725,15,1,415.25,0,At-Risk / Low-Engagement,0.5254065430073032
15727,16,7,5159.06,1,Loyal / High-Value,0.12255028426878709
15729,212,1,85.0,0,At-Risk / Low-Engagement,0.7247707170050854
15730,65,3,1120.88,0,At-Risk / Low-Engagement,0.34935467330378395
15732,212,2,294.12,0,At-Risk / Low-Engagement,0.5568399982865724
15733,282,1,162.3,0,At-Risk / Low-Engagement,0.7000343369027214
15734,114,2,1339.45,0,At-Risk / Low-Engagement,0.43074543688422817
15737,14,8,1188.1200000000001,1,Loyal / High-Value,0.15155696468960417
15738,18,16,4812.42,1,Loyal / High-Value,0.06295679225641844
15739,66,1,449.12,0,At-Risk / Low-Engagement,0.5817043310336959
15740,49,1,154.88,0,At-Risk / Low-Engagement,0.6362888227674767
15743,16,4,775.96,1,Loyal / High-Value,0.27127807639489415
15744,77,1,34.8,0,At-Risk / Low-Engagement,0.7186181455927639
15745,19,4,1094.59,1,Loyal / High-Value,0.2590762111755147
15746,134,1,196.88,0,At-Risk / Low-Engagement,0.6612202081944132
15747,12,3,946.64,1,Loyal / High-Value,0.2974546009426041
15748,40,1,144.36,0,At-Risk / Low-Engagement,0.6325789166606076
15749,235,3,44534.3,1,Loyal / High-Value,0.2539327971460153
15750,2,8,2463.05,1,Loyal / High-Value,0.10023581254396495
15752,39,7,2626.6,1,Loyal / High-Value,0.16226704789677485
15753,304,1,79.2,0,At-Risk / Low-Engagement,0.7379712333696323
15754,51,3,458.57,0,At-Risk / Low-Engagement,0.39476210290662617
15755,10,6,2364.25,1,Loyal / High-Value,0.15426131892617767
15756,61,4,528.01,0,At-Risk / Low-Engagement,0.3403386383949596
15757,65,2,714.42,0,At-Risk / Low-Engagement,0.4478758979789312
15758,24,1,205.25,0,At-Risk / Low-Engagement,0.5902197315748647
15759,218,3,253.04,0,At-Risk / Low-Engagement,0.494780202250655
15762,65,2,583.75,0,At-Risk / Low-Engagement,0.46109486767353147
15763,31,2,1086.92,0,At-Risk / Low-Engagement,0.39035785337992635
15764,88,6,3279.97,1,Loyal / High-Value,0.19388817707907008
15766,64,1,315.06,0,At-Risk / Low-Engagement,0.6030019208187091
15768,115,3,621.8299999999999,0,At-Risk / Low-Engagement,0.4089410313730436
15769,7,26,56252.72,1,Loyal / High-Value,0.02946360574176604
15773,5,1,635.6800000000001,0,At-Risk / Low-Engagement,0.45487281028541865
15774,68,1,270.8,0,At-Risk / Low-Engagement,0.6149687380776341
15775,245,1,104.9,0,At-Risk / Low-Engagement,0.7187439122576889
15776,133,1,241.62,0,At-Risk / Low-Engagement,0.648751507739817
15777,241,4,1047.11,0,At-Risk / Low-Engagement,0.3529680124321301
15780,183,3,475.28000000000003,0,At-Risk / Low-Engagement,0.44589020535424867
15781,25,3,345.46,0,At-Risk / Low-Engagement,0.38389742550212447
15782,9,3,2614.7400000000002,1,Loyal / High-Value,0.23623241644573642
15783,10,1,246.3,0,At-Risk / Low-Engagement,0.5434625539695547
15785,32,5,2328.9700000000003,1,Loyal / High-Value,0.2059672967955354
15786,46,3,4919.0,1,Loyal / High-Value,0.25508472155333634
15787,26,3,933.26,1,Loyal / High-Value,0.3254709879004176
15789,358,1,351.3,0,At-Risk / Low-Engagement,0.6556985698555693
15790,10,1,218.75,0,At-Risk / Low-Engagement,0.5511989326853332
15791,43,2,1612.69,0,At-Risk / Low-Engagement,0.37878036015610117
15793,14,3,965.61,1,Loyal / High-Value,0.3015698883501879
15795,149,1,610.01,0,At-Risk / Low-Engagement,0.596033380293216
15796,1,8,2708.61,1,Loyal / High-Value,0.09194222148039914
15797,113,4,2207.4,1,Loyal / High-Value,0.28215522574510155
15799,75,3,884.14,0,At-Risk / Low-Engagement,0.3694186112248415
15800,107,2,696.89,0,At-Risk / Low-Engagement,0.47074349990936376
15801,46,3,1063.95,0,At-Risk / Low-Engagement,0.33915150050784953
15802,142,1,451.42,0,At-Risk / Low-Engagement,0.6130401557036518
15803,51,1,415.82000000000005,0,At-Risk / Low-Engagement,0.5759262495787858
15804,0,13,4206.39,1,Loyal / High-Value,0.04843340823702914
15805,23,17,5488.18,1,Loyal / High-Value,0.05992951591750828
15806,46,3,784.58,0,At-Risk / Low-Engagement,0.3574065748471492
15807,50,3,903.9,0,At-Risk / Low-Engagement,0.3520968329555004
15808,306,4,3651.27,1,Loyal / High-Value,0.2871049191357173
15809,36,5,515.77,1,Loyal / High-Value,0.2826447053618159
15810,78,4,1391.98,1,Loyal / High-Value,0.29407670974115235
15811,22,6,2218.62,1,Loyal / High-Value,0.17412809147443606
15812,107,5,1801.14,1,Loyal / High-Value,0.2543465244363277
15813,207,2,1303.9099999999999,0,At-Risk / Low-Engagement,0.4579056920297203
15814,16,4,1945.33,1,Loyal / High-Value,0.22601902322398415
15815,63,5,2100.6,1,Loyal / High-Value,0.23021683017487218
15819,49,4,1905.45,1,Loyal / High-Value,0.2615212692395228
15820,319,1,206.98,0,At-Risk / Low-Engagement,0.6864384923214818
15821,44,2,570.96,0,At-Risk / Low-Engagement,0.4460580569122254
15822,3,2,885.47,1,Loyal / High-Value,0.3202010669613551
15823,372,1,15.0,0,At-Risk / Low-Engagement,0.7614858902906267
15825,172,1,532.94,0,At-Risk / Low-Engagement,0.6104937705241695
15826,56,3,1654.31,1,Loyal / High-Value,0.3207824194337252
15827,73,14,1836.0900000000001,1,Loyal / High-Value,0.11088816210520817
15829,99,2,636.14,0,At-Risk / Low-Engagement,0.47341264369616864
15830,37,1,576.0,0,At-Risk / Low-Engagement,0.5413108759541424
15831,58,3,794.64,0,At-Risk / Low-Engagement,0.36574678705705316
15832,254,1,836.79,0,At-Risk / Low-Engagement,0.5981295206271644
15834,70,4,2225.15,1,Loyal / High-Value,0.26538640903208865
15835,44,4,954.09,1,Loyal / High-Value,0.2944971507817825
15836,50,1,137.37,0,At-Risk / Low-Engagement,0.64433600428203
15837,64,1,391.98,0,At-Risk / Low-Engagement,0.5891374141583576
15838,11,19,33643.08,1,Loyal / High-Value,0.037755207477008376
15839,33,3,1048.49,1,Loyal / High-Value,0.3275140932177606
15840,58,2,355.56,0,At-Risk / Low-Engagement,0.4888451066794392
15841,72,4,1224.06,1,Loyal / High-Value,0.298296131887148
15843,303,1,118.95000000000002,0,At-Risk / Low-Engagement,0.7168774988924314
15844,46,1,130.73999999999998,0,At-Risk / Low-Engagement,0.644059700316441
15845,17,8,3711.77,1,Loyal / High-Value,0.12006824829987946
15847,38,2,389.27,0,At-Risk / Low-Engagement,0.46495427955028007
15850,19,2,234.88,0,At-Risk / Low-Engagement,0.4692163843966578
15852,186,2,160.71,0,At-Risk / Low-Engagement,0.5901967046849363
15853,51,1,110.8,0,At-Risk / Low-Engagement,0.6579060950030379
15854,4,12,2969.12,1,Loyal / High-Value,0.07373672694617324
15855,136,5,712.24,0,At-Risk / Low-Engagement,0.31234104737394436
15856,4,27,16143.64,1,Loyal / High-Value,0.02721677124592653
15857,18,1,297.0,0,At-Risk / Low-Engagement,0.554758272835159
15858,15,5,1427.57,1,Loyal / High-Value,0.20655519719201987
15860,40,8,965.16,1,Loyal / High-Value,0.1834872163343309
15861,12,8,3146.92,1,Loyal / High-Value,0.11871297190199734
15862,8,4,832.88,1,Loyal / High-Value,0.24651168563107742
15863,25,2,68.84,0,At-Risk / Low-Engagement,0.5607131434324685
15864,22,6,1936.3200000000002,1,Loyal / High-Value,0.17936063979931852
15865,40,3,895.13,0,At-Risk / Low-Engagement,0.34407909157215044
15866,101,1,211.89,0,At-Risk / Low-Engagement,0.645821286005042
15867,5,15,3810.14,1,Loyal / High-Value,0.058586715801651805
15869,277,2,149.64,0,At-Risk / Low-Engagement,0.6112087893609977
15870,32,1,351.44,0,At-Risk / Low-Engagement,0.5674475686750652
15872,14,2,316.25,0,At-Risk / Low-Engagement,0.4374271816458175
15874,63,7,4405.88,1,Loyal / High-Value,0.15491909745486265
15877,1,2,490.33,1,Loyal / High-Value,0.3280046841631971
15880,369,1,329.03000000000003,0,At-Risk / Low-Engagement,0.6595854378608628
15881,312,5,501.39000000000004,0,At-Risk / Low-Engagement,0.3609697448077833
15882,198,4,516.36,0,At-Risk / Low-Engagement,0.38856541211848206
15883,2,2,396.48,1,Loyal / High-Value,0.35646093875232215
15885,92,3,379.35,0,At-Risk / Low-Engagement,0.4313506012056455
15886,60,1,181.09,0,At-Risk / Low-Engagement,0.6347717176700772
15888,80,1,168.31,0,At-Risk / Low-Engagement,0.6504995087107684
15889,156,2,420.07,0,At-Risk / Low-Engagement,0.5203386831638231
15891,226,1,511.68,0,At-Risk / Low-Engagement,0.6241767326171178
15894,253,2,258.25,0,At-Risk / Low-Engagement,0.5727754821373382
15895,149,1,179.17,0,At-Risk / Low-Engagement,0.6708042037447005
15897,194,2,208.59,0,At-Risk / Low-Engagement,0.5752951804090204
15898,1,5,1383.83,1,Loyal / High-Value,0.15462562690059375
15899,368,1,56.25,0,At-Risk / Low-Engagement,0.7548355792062205
15900,23,1,337.28,0,At-Risk / Low-Engagement,0.5565010987699527
15901,16,3,351.73,0,At-Risk / Low-Engagement,0.36549846121670826
15903,9,7,5126.76,1,Loyal / High-Value,0.11314585560314416
15904,8,1,164.68,0,At-Risk / Low-Engagement,0.561026760561311
15906,19,7,1567.69,1,Loyal / High-Value,0.16445117997840245
15907,3,3,882.72,1,Loyal / High-Value,0.2600505071261712
15909,173,1,191.94,0,At-Risk / Low-Engagement,0.6724967997684829
15910,0,8,1228.88,1,Loyal / High-Value,0.09959684333977971
15912,178,2,264.62,0,At-Risk / Low-Engagement,0.5562568491939252
15916,16,8,1502.8600000000001,1,Loyal / High-Value,0.14644210534344718
15917,247,1,123.1,0,At-Risk / Low-Engagement,0.71048027863594
15918,190,2,334.23,0,At-Risk / Low-Engagement,0.5438175157428966
15919,19,2,525.69,0,At-Risk / Low-Engagement,0.41686378003696156
15920,154,4,167.5,0,At-Risk / Low-Engagement,0.4501240959997801
15921,172,1,323.03000000000003,0,At-Risk / Low-Engagement,0.6413964976234257
15922,373,1,369.5,0,At-Risk / Low-Engagement,0.652686005541729
15923,372,1,127.08,0,At-Risk / Low-Engagement,0.713345344276208
15925,194,1,207.15,0,At-Risk / Low-Engagement,0.6724373559278243
15930,67,1,426.63,0,At-Risk / Low-Engagement,0.5856224689146443
15932,4,8,2495.87,1,Loyal / High-Value,0.10818845709880787
15933,21,3,1107.46,1,Loyal / High-Value,0.30799425912693124
15935,239,2,416.86,0,At-Risk / Low-Engagement,0.5392032538121984
15937,64,1,145.35,0,At-Risk / Low-Engagement,0.6505688990971354
15938,112,5,404.58,0,At-Risk / Low-Engagement,0.3377341238544734
15939,89,15,6115.01,1,Loyal / High-Value,0.0807975953877773
15940,311,1,35.8,0,At-Risk / Low-Engagement,0.7614858902906267
15942,133,1,337.44,0,At-Risk / Low-Engagement,0.6284464748309229
15944,276,1,325.1,0,At-Risk / Low-Engagement,0.6595988786309535
15945,365,1,181.0,0,At-Risk / Low-Engagement,0.6939811845278961
15947,82,1,1708.24,0,At-Risk / Low-Engagement,0.5035534051116927
15948,8,2,955.24,1,Loyal / High-Value,0.34705099166581327
15949,16,2,364.72,0,At-Risk / Low-Engagement,0.4335309361342817
15950,31,4,1744.71,1,Loyal / High-Value,0.2511843947219418
15951,8,2,708.22,1,Loyal / High-Value,0.36516399775533903
15952,33,4,781.91,1,Loyal / High-Value,0.295301711014318
15953,15,8,1657.28,1,Loyal / High-Value,0.14195398267535736
15955,24,14,4416.26,1,Loyal / High-Value,0.07570867655705794
15957,31,1,428.89,0,At-Risk / Low-Engagement,0.553193422304373
15958,74,1,104.35,0,At-Risk / Low-Engagement,0.6755290135121115
15963,19,2,470.76,0,At-Risk / Low-Engagement,0.4239589254673436
15965,17,4,808.87,1,Loyal / High-Value,0.2710725697015193
15967,23,2,397.68,0,At-Risk / Low-Engagement,0.4426590286886479
15969,2,3,666.1,1,Loyal / High-Value,0.26476828629555843
15970,303,1,314.1,0,At-Risk / Low-Engagement,0.662328083655031
15971,17,12,4199.85,1,Loyal / High-Value,0.08318582845515939
15973,366,1,307.82000000000005,0,At-Risk / Low-Engagement,0.6635173816394805
15974,39,7,3442.15,1,Loyal / High-Value,0.15278520864391562
15975,84,1,371.01,0,At-Risk / Low-Engagement,0.6038405092256351
15976,165,2,427.64,0,At-Risk / Low-Engagement,0.5215792640100008
15977,17,2,1054.73,1,Loyal / High-Value,0.36869892803809057
15978,77,1,1098.78,0,At-Risk / Low-Engagement,0.5299630894459122
15980,88,3,2398.86,1,Loyal / High-Value,0.31626709348206034
15981,24,8,3408.48,1,Loyal / High-Value,0.1287342897393586
15983,22,4,1465.12,1,Loyal / High-Value,0.24908089232893676
15984,2,10,2780.63,1,Loyal / High-Value,0.0808010989922294
15985,123,2,1142.42,0,At-Risk / Low-Engagement,0.44430903457778353
15986,30,1,168.12,0,At-Risk / Low-Engagement,0.6117585099519691
15987,12,7,1432.77,1,Loyal / High-Value,0.15755666187257472
15988,19,1,156.78,0,At-Risk / Low-Engagement,0.5979520627074788
15990,44,2,792.11,0,At-Risk / Low-Engagement,0.4248160526074611
15992,3,1,41.989999999999995,0,At-Risk / Low-Engagement,0.6038868741592407
15993,8,7,2777.67,1,Loyal / High-Value,0.12838434370984836
15994,54,1,414.27,0,At-Risk / Low-Engagement,0.5785440315646937
15996,88,6,1032.58,1,Loyal / High-Value,0.24609355622970394
15998,36,5,3080.22,1,Loyal / High-Value,0.19727384736032283
16000,2,3,12393.7,1,Loyal / High-Value,0.14259991097339636
16003,29,5,2735.37,1,Loyal / High-Value,0.19647591627168595
16005,12,4,578.71,1,Loyal / High-Value,0.2774157198944978
16006,211,1,101.4,0,At-Risk / Low-Engagement,0.7153047404447579
16007,47,4,1693.81,1,Loyal / High-Value,0.2661865926560388
16008,23,3,478.78,0,At-Risk / Low-Engagement,0.36054228882657613
16009,22,4,972.11,1,Loyal / High-Value,0.26989445814723717
16010,245,3,392.4,0,At-Risk / Low-Engagement,0.470955717874729
16011,8,16,3352.96,1,Loyal / High-Value,0.06096494213561243
16012,35,3,1415.29,1,Loyal / High-Value,0.31243378386217197
16013,3,47,37130.6,1,Loyal / High-Value,0.026209209340989446
16014,37,3,646.83,0,At-Risk / Low-Engagement,0.360639939810303
16015,3,3,704.55,1,Loyal / High-Value,0.27166759583289646
16016,3,8,1465.51,1,Loyal / High-Value,0.11842302541324463
16017,47,1,211.88,0,At-Risk / Low-Engagement,0.6153390702140327
16018,39,2,408.90000000000003,0,At-Risk / Low-Engagement,0.46282129451100457
16019,46,9,3786.2400000000002,1,Loyal / High-Value,0.1258800423485793
16020,16,3,851.01,1,Loyal / High-Value,0.31330130156178343
16022,260,1,602.63,0,At-Risk / Low-Engagement,0.6197250211154944
16023,46,3,719.81,0,At-Risk / Low-Engagement,0.36264799107533247
16024,12,1,251.03,0,At-Risk / Low-Engagement,0.549412388140488
16025,29,1,439.65999999999997,0,At-Risk / Low-Engagement,0.5488017495795086
16026,43,1,236.09,0,At-Risk / Low-Engagement,0.6049711310091548
16027,91,6,934.62,1,Loyal / High-Value,0.25209439708055137
16029,38,63,80850.84,1,Loyal / High-Value,0.038436697031159386
16030,309,1,331.24,0,At-Risk / Low-Engagement,0.6591891475747022
16031,92,2,547.9,0,At-Risk / Low-Engagement,0.48009973182581017
16033,5,20,8778.82,1,Loyal / High-Value,0.036435115335518124
16034,196,3,437.7,0,At-Risk / Low-Engagement,0.45420284309830716
16036,87,2,758.92,0,At-Risk / Low-Engagement,0.45630111688643077
16037,269,3,855.02,0,At-Risk / Low-Engagement,0.42416872870143896
16038,7,3,471.78000000000003,1,Loyal / High-Value,0.3186585970518638
16040,65,3,1313.55,0,At-Risk / Low-Engagement,0.3398915136417278
16041,30,3,3166.4,1,Loyal / High-Value,0.2635638876449316
16042,22,5,1177.47,1,Loyal / High-Value,0.22584866826978292
16043,37,4,773.99,1,Loyal / High-Value,0.29990183870063764
16045,119,4,1340.7,0,At-Risk / Low-Engagement,0.31149489207608
16048,373,2,256.44,0,At-Risk / Low-Engagement,0.577666059281597
16049,40,3,1074.81,0,At-Risk / Low-Engagement,0.33325896903882396
16050,173,1,137.9,0,At-Risk / Low-Engagement,0.6913376398039554
16052,54,1,362.06,0,At-Risk / Low-Engagement,0.5871803552817719
16053,32,2,1511.95,0,At-Risk / Low-Engagement,0.3710643774171269
16054,145,1,783.9,0,At-Risk / Low-Engagement,0.5788510252245561
16055,220,1,134.8,0,At-Risk / Low-Engagement,0.7013800263998835
16056,45,1,650.75,0,At-Risk / Low-Engagement,0.5415537652543299
16057,16,7,2263.12,1,Loyal / High-Value,0.14795707677377323
16059,65,6,1453.16,1,Loyal / High-Value,0.2206736921277072
16062,9,4,1153.62,1,Loyal / High-Value,0.23414683137521017
16063,260,1,335.32,0,At-Risk / Low-Engagement,0.6554346335302437
16065,365,1,367.14,0,At-Risk / Low-Engagement,0.653068872923612
16066,16,5,1521.04,1,Loyal / High-Value,0.20553673193688965
16070,22,2,852.15,0,At-Risk / Low-Engagement,0.39200283514873285
16071,44,1,326.24,0,At-Risk / Low-Engagement,0.5853872700303193
16072,288,1,584.3199999999999,0,At-Risk / Low-Engagement,0.6247985124218807
16073,297,1,122.39999999999999,0,At-Risk / Low-Engagement,0.7153534669787466
16076,3,10,2234.73,1,Loyal / High-Value,0.08917205174695288
16078,283,1,79.2,0,At-Risk / Low-Engagement,0.7379712333696323
16079,16,3,1352.0,1,Loyal / High-Value,0.2876142073505206
16080,81,2,217.16,0,At-Risk / Low-Engagement,0.535547395855202
16081,56,5,2799.42,1,Loyal / High-Value,0.21364361719793734
16083,100,2,1317.62,0,At-Risk / Low-Engagement,0.4262870085060844
16084,299,1,436.18,0,At-Risk / Low-Engagement,0.6427028710502638
16085,23,5,981.51,1,Loyal / High-Value,0.2356946941555114
16086,59,5,1121.39,1,Loyal / High-Value,0.2587511427633339
16091,154,2,315.06,0,At-Risk / Low-Engagement,0.5386760333635771
16092,114,3,817.86,0,At-Risk / Low-Engagement,0.3912186495115443
16093,106,1,17.0,0,At-Risk / Low-Engagement,0.7295862222059161
16094,11,4,1078.23,1,Loyal / High-Value,0.24314328206494729
16096,264,1,320.62,0,At-Risk / Low-Engagement,0.6586923031848531
16097,240,1,185.04999999999998,0,At-Risk / Low-Engagement,0.6869054082666557
16098,87,7,2005.63,1,Loyal / High-Value,0.19259601947870053
16099,50,3,731.9,0,At-Risk / Low-Engagement,0.3649136110664243
16101,70,1,1290.7,0,At-Risk / Low-Engagement,0.5152801245169196
16102,42,3,1842.14,1,Loyal / High-Value,0.3041635872493309
16103,7,6,1429.64,1,Loyal / High-Value,0.16466001375984166
16104,61,1,298.21,0,At-Risk / Low-Engagement,0.6045035783834014
16105,248,1,336.96,0,At-Risk / Low-Engagement,0.6532947864040515
16106,65,1,108.38,0,At-Risk / Low-Engagement,0.6684475602773862
16107,17,7,3204.1600000000003,1,Loyal / High-Value,0.1379195755134163
16108,84,1,842.5,0,At-Risk / Low-Engagement,0.5510871185791338
16109,218,2,611.88,0,At-Risk / Low-Engagement,0.5099909127027279
16110,45,3,1320.95,1,Loyal / High-Value,0.3256412131681672
16112,143,4,195.73999999999998,0,At-Risk / Low-Engagement,0.4368590398938615
16113,183,1,161.38,0,At-Risk / Low-Engagement,0.6845571287254315
16114,170,1,135.75000000000003,0,At-Risk / Low-Engagement,0.6915730572617853
16115,9,8,1660.8799999999999,1,Loyal / High-Value,0.13223240589481552
16116,211,1,612.78,0,At-Risk / Low-Engagement,0.6101295269210852
16117,189,1,232.21,0,At-Risk / Low-Engagement,0.6647787510164597
16119,8,2,423.36,0,At-Risk / Low-Engagement,0.3971772444649353
16120,59,4,1309.14,1,Loyal / High-Value,0.28756510496174337
16121,57,2,854.66,0,At-Risk / Low-Engagement,0.43069313916325
16122,73,4,684.4200000000001,0,At-Risk / Low-Engagement,0.33191544423377944
16123,51,1,307.78,0,At-Risk / Low-Engagement,0.5951729213733647
16124,317,1,249.0,0,At-Risk / Low-Engagement,0.675873212636819
16125,367,1,289.35,0,At-Risk / Low-Engagement,0.6671478003677309
16126,29,4,6287.77,1,Loyal / High-Value,0.19118302156660158
16127,39,1,656.25,0,At-Risk / Low-Engagement,0.5349684330146905
16128,17,5,1880.22,1,Loyal / High-Value,0.19811343491561137
16131,51,6,3506.54,1,Loyal / High-Value,0.17712706597436473
16133,3,33,14589.04,1,Loyal / High-Value,0.026209209340989446
16134,21,2,618.09,0,At-Risk / Low-Engagement,0.41051413546014753
16135,262,1,517.55,0,At-Risk / Low-Engagement,0.6294533873895936
16136,59,3,709.38,0,At-Risk / Low-Engagement,0.3734085670435897
16139,18,3,635.41,1,Loyal / High-Value,0.3344162019603059
16140,65,2,725.18,0,At-Risk / Low-Engagement,0.4469001597832662
16141,88,1,620.4,0,At-Risk / Low-Engagement,0.5729361505447926
16142,249,1,535.34,0,At-Risk / Low-Engagement,0.6253102959455072
16143,3,6,2424.94,1,Loyal / High-Value,0.13193409411835183
16144,246,1,175.2,0,At-Risk / Low-Engagement,0.6909028266022628
16145,8,11,3799.4900000000002,1,Loyal / High-Value,0.08225995353650818
16146,157,3,734.13,0,At-Risk / Low-Engagement,0.4113225806815492
16147,133,1,375.0,0,At-Risk / Low-Engagement,0.6219267374668331
16148,296,1,76.32000000000001,0,At-Risk / Low-Engagement,0.7398365191050389
16149,4,2,280.52,0,At-Risk / Low-Engagement,0.3987110823481916
16150,42,5,2053.02,1,Loyal / High-Value,0.2192390293204087
16152,268,1,1829.04,0,At-Risk / Low-Engagement,0.5499321328661267
16153,49,5,1824.23,1,Loyal / High-Value,0.2292255968109462
16156,8,9,3092.04,1,Loyal / High-Value,0.1023435523602165
16157,15,3,656.69,1,Loyal / High-Value,0.3258924234462091
16159,281,1,348.2,0,At-Risk / Low-Engagement,0.6562258907500015
16160,65,2,1025.44,0,At-Risk / Low-Engagement,0.42441090985819774
16161,1,19,5533.67,1,Loyal / High-Value,0.03577320524234639
16162,252,1,37.4,0,At-Risk / Low-Engagement,0.7580456960792833
16163,232,2,856.6,0,At-Risk / Low-Engagement,0.49047856640071363
16164,17,3,822.48,1,Loyal / High-Value,0.31738877648320085
16168,10,27,3787.6,1,Loyal / High-Value,0.04377440589407474
16169,8,4,1822.97,1,Loyal / High-Value,0.21011592029575832
16170,50,6,1885.05,1,Loyal / High-Value,0.20176814982358152
16171,59,1,73.2,0,At-Risk / Low-Engagement,0.6872325166394491
16172,95,5,1140.21,1,Loyal / High-Value,0.2738390593487665
16173,15,6,1418.32,1,Loyal / High-Value,0.1822073878845209
16174,126,3,1009.5500000000001,0,At-Risk / Low-Engagement,0.38211961967101615
16175,94,4,1037.59,0,At-Risk / Low-Engagement,0.317341461780953
16177,50,1,331.95,0,At-Risk / Low-Engagement,0.5895474695549596
16178,138,1,197.9,0,At-Risk / Low-Engagement,0.6620513007655148
16179,60,1,215.83,0,At-Risk / Low-Engagement,0.6240042511934154
16180,100,8,10254.18,1,Loyal / High-Value,0.12337823054239881
16181,73,1,305.54,0,At-Risk / Low-Engagement,0.6103059138764384
16182,72,4,6617.65,1,Loyal / High-Value,0.21392910705091855
16183,67,1,338.71000000000004,0,At-Risk / Low-Engagement,0.6003079517002975
16184,64,6,1158.79,1,Loyal / High-Value,0.23065839133345611
16185,16,2,529.41,0,At-Risk / Low-Engagement,0.40956839340013107
16186,22,12,4006.94,1,Loyal / High-Value,0.08747804190516206
16187,31,15,6911.4400000000005,1,Loyal / High-Value,0.0663888938255382
16188,44,4,981.86,1,Loyal / High-Value,0.2929252745961718
16189,15,2,215.48,0,At-Risk / Low-Engagement,0.46521677617206275
16190,40,1,215.08,0,At-Risk / Low-Engagement,0.6078987299099345
16191,2,13,5180.52,1,Loyal / High-Value,0.05508798294753023
16193,236,1,314.45,0,At-Risk / Low-Engagement,0.65547586723813
16198,75,1,400.68100000000004,0,At-Risk / Low-Engagement,0.5942991191804962
16200,4,2,1068.8700000000001,1,Loyal / High-Value,0.3178207392482986
16201,3,4,1863.47,1,Loyal / High-Value,0.186808419245921
16202,360,1,365.27,0,At-Risk / Low-Engagement,0.6533738518971582
16203,58,4,592.9,0,At-Risk / Low-Engagement,0.3315929189518516
16204,23,1,384.18,0,At-Risk / Low-Engagement,0.5480135942646891
16205,30,4,757.63,1,Loyal / High-Value,0.29369866935687594
16206,54,4,537.0600000000001,0,At-Risk / Low-Engagement,0.3346833375344404
16207,25,1,394.38,0,At-Risk / Low-Engagement,0.549745058905384
16208,44,2,664.26,0,At-Risk / Low-Engagement,0.43620941457411055
16209,88,5,2262.62,1,Loyal / High-Value,0.23695498974464696
16210,1,18,21086.3,1,Loyal / High-Value,0.029397909857111233
16211,88,1,547.02,0,At-Risk / Low-Engagement,0.5810446319748619
16212,19,2,690.34,0,At-Risk / Low-Engagement,0.39949326109200206
16213,78,1,159.0,0,At-Risk / Low-Engagement,0.6529078294991222
16214,170,3,1062.75,0,At-Risk / Low-Engagement,0.39115576605620916
16215,80,1,242.35,0,At-Risk / Low-Engagement,0.6283927350843052
16216,267,1,914.9300000000001,0,At-Risk / Low-Engagement,0.5945334970277643
16217,235,2,304.25,0,At-Risk / Low-Engagement,0.5590320659184269
16218,29,7,3084.68,1,Loyal / High-Value,0.15008825556691982
16221,36,3,860.86,0,At-Risk / Low-Engagement,0.342383633474652
16222,318,1,773.5500000000001,0,At-Risk / Low-Engagement,0.6072835332911891
16224,57,4,1295.3,1,Loyal / High-Value,0.2869343743350536
16225,44,5,1096.32,1,Loyal / High-Value,0.25040284674564206
16226,203,3,255.12,0,At-Risk / Low-Engagement,0.4911610818389634
16227,225,1,314.22,0,At-Risk / Low-Engagement,0.6536530190424926
16229,87,2,1010.6,0,At-Risk / Low-Engagement,0.4376083150205484
16230,189,2,542.03,0,At-Risk / Low-Engagement,0.5118196861118224
16232,43,4,990.88,1,Loyal / High-Value,0.2916183003811437
16233,71,3,536.6800000000001,0,At-Risk / Low-Engagement,0.3983570151377098
16235,40,5,867.31,1,Loyal / High-Value,0.2590812651172231
16236,78,1,432.2,0,At-Risk / Low-Engagement,0.5911012072918344
16239,56,2,414.2,0,At-Risk / Low-Engagement,0.47729804596339687
16240,24,2,3718.8,1,Loyal / High-Value,0.3071003376600178
16241,9,13,2590.31,1,Loyal / High-Value,0.07944976309292281
16242,8,7,3579.86,1,Loyal / High-Value,0.12106597992112146
16243,33,2,409.1,0,At-Risk / Low-Engagement,0.4557791796523064
16244,211,2,1522.75,0,At-Risk / Low-Engagement,0.4485682293093106
16245,23,3,1413.66,1,Loyal / High-Value,0.29757209127303474
16247,170,1,114.56,0,At-Risk / Low-Engagement,0.700985570312887
16248,61,1,152.94,0,At-Risk / Low-Engagement,0.6456485441090758
16249,52,5,1800.07,1,Loyal / High-Value,0.23164505650685213
16250,261,2,389.44,0,At-Risk / Low-Engagement,0.5474351446540319
16253,66,2,3683.86,1,Loyal / High-Value,0.3452489306524013
16255,16,8,2619.91,1,Loyal / High-Value,0.129021200039596
16256,266,1,752.4300000000001,0,At-Risk / Low-Engagement,0.6067624014044234
16257,176,1,46.95,0,At-Risk / Low-Engagement,0.7464837487387814
16258,45,5,5203.51,1,Loyal / High-Value,0.18180132501051396
16260,50,1,1035.45,0,At-Risk / Low-Engagement,0.5154646039814562
16261,17,4,728.54,1,Loyal / High-Value,0.2765637774273004
16265,9,9,5447.0,1,Loyal / High-Value,0.09089015875780784
16266,73,7,861.89,1,Loyal / High-Value,0.22439930476826783
16268,71,2,667.65,0,At-Risk / Low-Engagement,0.4560463907716684
16270,353,1,1141.24,0,At-Risk / Low-Engagement,0.5825394760349483
16271,2,5,1404.64,1,Loyal / High-Value,0.1635167809608383
16272,116,1,411.7,0,At-Risk / Low-Engagement,0.6105319191093208
16274,373,1,351.75,0,At-Risk / Low-Engagement,0.6556223774340685
16275,196,1,559.87,0,At-Risk / Low-Engagement,0.6127635851129369
16276,176,1,810.6000000000001,0,At-Risk / Low-Engagement,0.5848359244359848
16278,100,1,566.38,0,At-Risk / Low-Engagement,0.5841549788176452
16279,21,3,1502.78,1,Loyal / High-Value,0.29107872297972176
16281,72,1,2062.06,0,At-Risk / Low-Engagement,0.4855478113383558
16282,339,1,168.3,0,At-Risk / Low-Engagement,0.698027341014949
16283,5,5,1570.81,1,Loyal / High-Value,0.17632626084653982
16284,31,2,812.68,0,At-Risk / Low-Engagement,0.4087782053408049
16287,169,1,142.5,0,At-Risk / Low-Engagement,0.6886310838504878
16292,121,1,302.25,0,At-Risk / Low-Engagement,0.6314141446982732
16293,21,10,2248.9900000000002,1,Loyal / High-Value,0.11615357814247684
16295,9,4,1328.55,1,Loyal / High-Value,0.22752535702232426
16297,268,1,301.9,0,At-Risk / Low-Engagement,0.6628293515625727
16298,22,3,598.2,0,At-Risk / Low-Engagement,0.3454351290237201
16302,126,1,233.22,0,At-Risk / Low-Engagement,0.6487507206592164
16303,25,3,5360.63,1,Loyal / High-Value,0.231967703840902
16305,138,1,361.21999999999997,0,At-Risk / Low-Engagement,0.6257363017014593
16306,213,6,632.27,0,At-Risk / Low-Engagement,0.3020284900241331
16308,37,4,2560.0,1,Loyal / High-Value,0.2379819086930581
16309,106,2,706.57,0,At-Risk / Low-Engagement,0.4694338202081384
16311,17,2,616.26,0,At-Risk / Low-Engagement,0.4022948798883096
16313,3,2,274.15000000000003,0,At-Risk / Low-Engagement,0.390896491363168
16315,330,1,226.37,0,At-Risk / Low-Engagement,0.681344052875673
16316,64,8,2938.91,1,Loyal / High-Value,0.15354564196769355
16317,119,3,1341.65,0,At-Risk / Low-Engagement,0.3622685760155652
16318,35,1,328.15,0,At-Risk / Low-Engagement,0.57557454958058
16319,217,1,404.40000000000003,0,At-Risk / Low-Engagement,0.6369978887974345
16320,172,2,1038.46,0,At-Risk / Low-Engagement,0.4648952199785275
16321,72,5,373.65000000000003,0,At-Risk / Low-Engagement,0.3255621443482155
16322,1,2,326.75,1,Loyal / High-Value,0.3520166276736297
16323,196,1,207.50000000000003,0,At-Risk / Low-Engagement,0.6727298428223928
16324,128,3,408.59000000000003,0,At-Risk / Low-Engagement,0.4405105334135912
16325,46,3,594.24,0,At-Risk / Low-Engagement,0.37442379004963755
16326,5,14,3039.2200000000003,1,Loyal / High-Value,0.06591252979490644
16327,14,6,3820.27,1,Loyal / High-Value,0.14498199677784293
16330,17,3,251.91,0,At-Risk / Low-Engagement,0.38848146244125675
16332,28,7,1582.8,1,Loyal / High-Value,0.17314891338699429
16333,7,22,26626.8,1,Loyal / High-Value,0.030731715991163967
16337,36,1,151.05,0,At-Risk / Low-Engagement,0.6256431239600606
16338,157,1,214.79999999999998,0,At-Risk / Low-Engagement,0.662206430561802
16339,284,1,94.05,0,At-Risk / Low-Engagement,0.7291942429867558
16340,107,1,534.31,0,At-Risk / Low-Engagement,0.5907036642999588
16341,24,4,1971.87,1,Loyal / High-Value,0.23730297202476489
16342,75,4,322.41,0,At-Risk / Low-Engagement,0.37840440415186954
16343,16,2,328.58,0,At-Risk / Low-Engagement,0.4402983757313306
16344,158,1,101.10000000000001,0,At-Risk / Low-Engagement,0.7051819735710392
16345,44,1,565.46,0,At-Risk / Low-Engagement,0.5497998074841041
16347,11,2,847.45,1,Loyal / High-Value,0.36576209174070223
16348,32,7,1415.65,1,Loyal / High-Value,0.18071017699464895
16349,290,1,53.5,0,At-Risk / Low-Engagement,0.7572360245085571
16350,21,4,1116.47,1,Loyal / High-Value,0.2612563364081946
16351,332,1,153.9,0,At-Risk / Low-Engagement,0.7029578558750801
16352,17,2,494.44,0,At-Risk / Low-Engagement,0.41634628801660106
16353,3,23,6675.71,1,Loyal / High-Value,0.03200134708515652
16354,63,2,395.8,0,At-Risk / Low-Engagement,0.48531226637702946
16356,197,3,211.77,0,At-Risk / Low-Engagement,0.5021199900633309
16357,33,3,658.88,0,At-Risk / Low-Engagement,0.35508099104832885
16358,1,4,2027.5,1,Loyal / High-Value,0.16609385342257035
16359,7,9,1750.92,1,Loyal / High-Value,0.11490117057104023
16360,4,6,3450.41,1,Loyal / High-Value,0.1258218631972458
16361,9,4,891.21,1,Loyal / High-Value,0.24659063347203183
16362,32,5,709.99,1,Loyal / High-Value,0.26199896710779275
16363,53,1,109.36000000000001,0,At-Risk / Low-Engagement,0.6601492442979537
16364,11,2,705.79,0,At-Risk / Low-Engagement,0.37703663965465734
16365,17,9,1540.42,1,Loyal / High-Value,0.13389684841884766
16366,18,1,327.3,0,At-Risk / Low-Engagement,0.548426318541888
16367,37,2,800.67,0,At-Risk / Low-Engagement,0.41696654542358924
16368,2,2,479.91,1,Loyal / High-Value,0.3449908698412657
16369,18,3,1545.41,1,Loyal / High-Value,0.28434606597807544
16370,82,4,1301.91,1,Loyal / High-Value,0.29955566867046146
16372,33,2,355.73,0,At-Risk / Low-Engagement,0.4649359623292497
16374,66,2,466.73,0,At-Risk / Low-Engagement,0.47644487732991064
16376,8,2,974.96,1,Loyal / High-Value,0.34582908978471
16377,267,1,676.2,0,At-Risk / Low-Engagement,0.6136245066319884
16378,247,3,362.95,0,At-Risk / Low-Engagement,0.4764348713164433
16379,4,4,2157.4,1,Loyal / High-Value,0.18681685467124684
16380,61,1,1743.1499999999999,0,At-Risk / Low-Engagement,0.4895520682699091
16383,74,2,643.76,0,At-Risk / Low-Engagement,0.4601943283958491
16384,89,2,584.5,0,At-Risk / Low-Engagement,0.47442137543492024
16385,60,3,554.86,0,At-Risk / Low-Engagement,0.3893837598954224
16386,28,2,302.57,0,At-Risk / Low-Engagement,0.46867782363287647
16387,322,1,94.36,0,At-Risk / Low-Engagement,0.7290242181534493
16389,53,4,1382.07,1,Loyal / High-Value,0.2809284185182646
16392,269,1,217.89,0,At-Risk / Low-Engagement,0.6818856955815692
16393,2,13,3040.96,1,Loyal / High-Value,0.06289349977677468
16394,56,5,1555.34,1,Loyal / High-Value,0.24089164012578015
16395,60,5,1482.06,1,Loyal / High-Value,0.24540588201385266
16398,154,2,1705.8,0,At-Risk / Low-Engagement,0.4277975880646968
16399,19,2,408.02,0,At-Risk / Low-Engagement,0.43319824071083246
16400,94,1,303.93,0,At-Risk / Low-Engagement,0.6209024070483453
16401,1,12,4098.32,1,Loyal / High-Value,0.05869045596407614
16402,264,2,293.45,0,At-Risk / Low-Engagement,0.5663288332824981
16403,312,1,177.5,0,At-Risk / Low-Engagement,0.6950703459810725
16404,70,1,443.05,0,At-Risk / Low-Engagement,0.5850246875018212
16405,302,2,167.25,0,At-Risk / Low-Engagement,0.6048340907255508
16406,18,1,154.35,0,At-Risk / Low-Engagement,0.5967961997847088
16407,12,10,2079.68,1,Loyal / High-Value,0.1090905475365238
16409,36,5,2022.98,1,Loyal / High-Value,0.21546142182785125
16411,19,2,211.7,0,At-Risk / Low-Engagement,0.47603259688576655
16412,53,1,135.99,0,At-Risk / Low-Engagement,0.6472131527006628
16413,56,1,262.2,0,At-Risk / Low-Engagement,0.6091076692830258
16414,21,2,126.25,0,At-Risk / Low-Engagement,0.5141035757642923
16415,44,1,200.27,0,At-Risk / Low-Engagement,0.6161948269917873
16416,26,3,1051.4,1,Loyal / High-Value,0.3185981351465556
16418,44,3,631.12,0,At-Risk / Low-Engagement,0.36894843534310984
16419,112,6,958.71,1,Loyal / High-Value,0.25759934592961936
16422,17,51,34684.4,1,Loyal / High-Value,0.03376954955330372
16423,24,1,346.12,0,At-Risk / Low-Engagement,0.5565678204211904
16424,191,1,133.56,0,At-Risk / Low-Engagement,0.6967503451883308
16425,302,1,302.7,0,At-Risk / Low-Engagement,0.6645034647286162
16426,2,10,1863.76,1,Loyal / High-Value,0.08900973582562893
16427,263,2,241.06,0,At-Risk / Low-Engagement,0.5788438989872048
16429,106,1,284.55,0,At-Risk / Low-Engagement,0.6298098823325305
16430,57,1,300.85,0,At-Risk / Low-Engagement,0.6011741531903317
16431,213,3,623.28,0,At-Risk / Low-Engagement,0.4347260342019123
16432,64,1,287.4,0,At-Risk / Low-Engagement,0.6087834861519863
16433,28,1,184.26,0,At-Risk / Low-Engagement,0.6032506520506435
16434,29,7,1511.8,1,Loyal / High-Value,0.175743143087084
16438,5,5,798.35,1,Loyal / High-Value,0.20380652247934372
16440,7,5,3640.67,1,Loyal / High-Value,0.15269681364187396
16441,67,2,381.2,0,At-Risk / Low-Engagement,0.49041944192233056
16442,1,3,609.3,1,Loyal / High-Value,0.2557400130866922
16444,46,4,654.67,0,At-Risk / Low-Engagement,0.3172055681415071
16445,33,1,230.51,0,At-Risk / Low-Engagement,0.595737622344725
16446,0,2,168472.5,1,Loyal / High-Value,0.15019431461879224
16447,135,1,255.91,0,At-Risk / Low-Engagement,0.6458848140467662
16448,198,1,182.99,0,At-Risk / Low-Engagement,0.6803486711720532
16449,197,2,707.69,0,At-Risk / Low-Engagement,0.49601502562175076
16450,149,1,311.92,0,At-Risk / Low-Engagement,0.637811106078494
16451,87,1,266.97,0,At-Risk / Low-Engagement,0.6258011665439629
16454,44,2,6.9,0,At-Risk / Low-Engagement,0.6054346865802879
16455,63,7,1841.18,1,Loyal / High-Value,0.1875612042382065
16456,99,5,2158.18,1,Loyal / High-Value,0.24292348949194972
16457,218,1,208.36,0,At-Risk / Low-Engagement,0.6765272338615785
16458,2,18,3482.7400000000002,1,Loyal / High-Value,0.0452627019993593
16460,28,3,811.23,0,At-Risk / Low-Engagement,0.33641207520181887
16461,177,1,142.92,0,At-Risk / Low-Engagement,0.6901758926723974
16462,73,3,136.0,0,At-Risk / Low-Engagement,0.4884823027709326
16463,21,4,1422.4,1,Loyal / High-Value,0.24909905281888522
16464,19,3,1298.66,1,Loyal / High-Value,0.2956418831719998
16466,33,7,1595.96,1,Loyal / High-Value,0.17682149045705145
16468,74,1,74.9,0,At-Risk / Low-Engagement,0.6942324284417172
16469,23,4,625.42,1,Loyal / High-Value,0.29498089223163704
16470,51,4,752.77,0,At-Risk / Low-Engagement,0.31303971825574256
16471,274,1,223.95000000000002,0,At-Risk / Low-Engagement,0.6810102771400992
16473,164,3,316.11,0,At-Risk / Low-Engagement,0.46787345722271756
16474,7,7,1810.65,1,Loyal / High-Value,0.13911083249033326
16475,88,4,544.3,0,At-Risk / Low-Engagement,0.3527405212380558
16477,63,7,2494.46,1,Loyal / High-Value,0.17563869382811995
16478,25,3,331.0,0,At-Risk / Low-Engagement,0.3865667130724836
16479,10,2,300.83,0,At-Risk / Low-Engagement,0.4274388826450955
16480,75,1,769.29,0,At-Risk / Low-Engagement,0.5522160713252009
16482,15,1,220.62,0,At-Risk / Low-Engagement,0.5666893116344955
16483,192,1,139.35,0,At-Risk / Low-Engagement,0.6945833124824938
16484,173,2,404.3,0,At-Risk / Low-Engagement,0.5273098611360378
16485,77,1,363.65,0,At-Risk / Low-Engagement,0.6015311222847147
16488,33,3,498.8,0,At-Risk / Low-Engagement,0.37207582342148704
16491,46,1,731.5,0,At-Risk / Low-Engagement,0.5348073400544971
16493,79,4,1351.63,1,Loyal / High-Value,0.2961477656267136
16494,296,1,826.53,0,At-Risk / Low-Engagement,0.6031041262323799
16495,3,3,648.26,1,Loyal / High-Value,0.27603870172105616
16496,8,3,1599.52,1,Loyal / High-Value,0.2569502150357957
16497,49,6,2965.69,1,Loyal / High-Value,0.18265353000736786
16498,161,2,100.97,0,At-Risk / Low-Engagement,0.6134323189454067
16499,360,2,365.45,0,At-Risk / Low-Engagement,0.5547433446605337
16500,4,6,400.86,1,Loyal / High-Value,0.2026372598948431
16503,106,4,1431.93,0,At-Risk / Low-Engagement,0.30355050365694
16504,25,1,465.88,0,At-Risk / Low-Engagement,0.538845230641609
16505,31,1,777.6,0,At-Risk / Low-Engagement,0.5141338777918955
16506,19,2,90.30000000000001,0,At-Risk / Low-Engagement,0.5318689163258188
16509,296,1,363.7,0,At-Risk / Low-Engagement,0.6536310106981505
16510,372,1,248.1,0,At-Risk / Low-Engagement,0.6760820537291707
16511,21,3,918.33,1,Loyal / High-Value,0.31863475261799756
16513,4,4,874.59,1,Loyal / High-Value,0.22577905188167183
16515,52,5,1624.14,1,Loyal / High-Value,0.23651695193172617
16516,30,1,101.69999999999999,0,At-Risk / Low-Engagement,0.6425801094257265
16517,277,1,162.7,0,At-Risk / Low-Engagement,0.6993770644932135
16518,61,2,484.32,0,At-Risk / Low-Engagement,0.47065341354597695
16519,25,2,215.07999999999998,0,At-Risk / Low-Engagement,0.486368046740112
16520,186,3,1046.57,0,At-Risk / Low-Engagement,0.39583048541976595
16523,1,21,9418.470000000001,1,Loyal / High-Value,0.028415152808353262
16525,2,26,13027.45,1,Loyal / High-Value,0.025676714626902797
16526,171,1,290.36,0,At-Risk / Low-Engagement,0.647603264138262
16527,81,1,228.06,0,At-Risk / Low-Engagement,0.6326165159478919
16528,3,1,244.41,0,At-Risk / Low-Engagement,0.5001534209644606
16529,190,1,455.25,0,At-Risk / Low-Engagement,0.6243730745872368
16531,22,7,1244.59,1,Loyal / High-Value,0.17650239458594194
16532,17,3,6748.8,1,Loyal / High-Value,0.21048988914389444
16533,19,3,1082.81,1,Loyal / High-Value,0.30573777971383415
16535,5,1,593.75,0,At-Risk / Low-Engagement,0.4593423777865203
16536,110,1,548.12,0,At-Risk / Low-Engagement,0.5902260740324984
16539,2,4,1388.81,1,Loyal / High-Value,0.1910543060430424
16542,53,1,119.62,0,At-Risk / Low-Engagement,0.6548567532940018
16545,164,1,339.3,0,At-Risk / Low-Engagement,0.6365114842639721
16546,290,2,787.15,0,At-Risk / Low-Engagement,0.5043468961942278
16549,10,10,4034.9,1,Loyal / High-Value,0.09077250898813703
16550,108,5,2298.97,1,Loyal / High-Value,0.24260512304960818
16551,95,3,922.12,0,At-Risk / Low-Engagement,0.3763094179990877
16552,242,2,379.73,0,At-Risk / Low-Engagement,0.5458446392861931
16553,163,12,5719.82,1,Loyal / High-Value,0.10931983651611397
16554,42,3,837.1,0,At-Risk / Low-Engagement,0.34996418212950126
16555,35,2,285.89,0,At-Risk / Low-Engagement,0.48176897651982353
16556,66,7,3313.79,1,Loyal / High-Value,0.1661329760380932
16557,24,2,281.85,0,At-Risk / Low-Engagement,0.46691298246800084
16558,0,20,8338.49,1,Loyal / High-Value,0.027312622051487868
16560,26,2,841.41,0,At-Risk / Low-Engagement,0.39946326421549516
16561,5,2,511.12,1,Loyal / High-Value,0.3688013704147234
16563,53,1,1077.74,0,At-Risk / Low-Engagement,0.515303456511418
16565,364,1,173.7,0,At-Risk / Low-Engagement,0.696274767376322
16566,15,5,614.66,1,Loyal / High-Value,0.24540314100783564
16567,194,2,865.6,0,At-Risk / Low-Engagement,0.4820642285718859
16569,3,1,124.2,0,At-Risk / Low-Engagement,0.5445177871775232
16570,15,10,3738.4,1,Loyal / High-Value,0.09805850085735
16571,26,3,1421.69,1,Loyal / High-Value,0.3015505828942694
16572,127,3,1009.6,0,At-Risk / Low-Engagement,0.3824382217944725
16573,84,2,663.61,0,At-Risk / Low-Engagement,0.463605157165718
16574,71,1,451.44,0,At-Risk / Low-Engagement,0.5844129358933066
16581,182,1,105.84,0,At-Risk / Low-Engagement,0.7077575637728474
16582,113,1,313.62,0,At-Risk / Low-Engagement,0.6263938216833306
16583,373,1,233.45,0,At-Risk / Low-Engagement,0.6795813754723778
16584,80,2,936.08,0,At-Risk / Low-Engagement,0.43904446034259154
16586,248,1,463.95,0,At-Risk / Low-Engagement,0.6339538577871578
16587,232,1,225.15,0,At-Risk / Low-Engagement,0.6744158341069814
16589,71,3,459.24,0,At-Risk / Low-Engagement,0.4082508700681664
16591,68,1,213.5,0,At-Risk / Low-Engagement,0.6296789804777893
16592,4,16,4113.68,1,Loyal / High-Value,0.052615710957433476
16593,50,3,330.03,0,At-Risk / Low-Engagement,0.4148445446896375
16594,75,1,181.09,0,At-Risk / Low-Engagement,0.6435785422571468
16595,61,1,360.16,0,At-Risk / Low-Engagement,0.5925499077313684
16596,15,2,250.15,0,At-Risk / Low-Engagement,0.45546043720839496
16597,4,1,90.04,0,At-Risk / Low-Engagement,0.5748178827862794
16598,285,1,145.04999999999998,0,At-Risk / Low-Engagement,0.7061952625130571
16600,4,6,813.52,1,Loyal / High-Value,0.17412455023254975
16601,40,1,242.7,0,At-Risk / Low-Engagement,0.6002930926317652
16602,36,1,528.08,0,At-Risk / Low-Engagement,0.5458486458721189
16603,74,2,482.47,0,At-Risk / Low-Engagement,0.4791497913480899
16607,17,14,3347.71,1,Loyal / High-Value,0.07684727657569533
16609,15,7,5493.46,1,Loyal / High-Value,0.11966262761698689
16610,219,1,75.66,0,At-Risk / Low-Engagement,0.7318956800561741
16611,186,1,129.49,0,At-Risk / Low-Engagement,0.6974971241280311
16612,32,4,1187.66,1,Loyal / High-Value,0.2718312062750271
16613,70,1,618.59,0,At-Risk / Low-Engagement,0.5634967204709592
16614,182,1,506.19,0,At-Risk / Low-Engagement,0.6160313689538988
16616,15,2,500.42,0,At-Risk / Low-Engagement,0.41061582981947636
16617,235,1,151.85,0,At-Risk / Low-Engagement,0.6972032704526523
16618,31,5,2647.59,1,Loyal / High-Value,0.19962533416282088
16619,263,1,226.21,0,At-Risk / Low-Engagement,0.6788921646322069
16620,3,2,178.96,0,At-Risk / Low-Engagement,0.4179253518069307
16621,51,4,813.48,0,At-Risk / Low-Engagement,0.3086526786218206
16623,245,1,129.45,0,At-Risk / Low-Engagement,0.707468004594719
16624,80,2,810.5699999999999,0,At-Risk / Low-Engagement,0.4484280331547693
16625,274,1,333.08,0,At-Risk / Low-Engagement,0.6578790779626756
16626,0,17,4413.1,1,Loyal / High-Value,0.037429308475366414
16627,79,1,322.8,0,At-Risk / Low-Engagement,0.6100821244651939
16628,29,5,2188.05,1,Loyal / High-Value,0.2059573972809163
16629,73,2,408.63,0,At-Risk / Low-Engagement,0.4895104888838545
16633,17,6,2883.1,1,Loyal / High-Value,0.15862988832752387
16634,222,2,217.9,0,At-Risk / Low-Engagement,0.5781791166184237
16637,32,4,1154.47,1,Loyal / High-Value,0.27331570458220833
16638,22,10,1680.72,1,Loyal / High-Value,0.12513385748417122
16639,31,3,1257.51,1,Loyal / High-Value,0.31475170834129346
16641,105,1,231.10000000000002,0,At-Risk / Low-Engagement,0.6421164832590989
16642,4,2,688.33,1,Loyal / High-Value,0.3435323204230061
16643,245,1,487.51,0,At-Risk / Low-Engagement,0.6304256432083072
16644,177,2,833.78,0,At-Risk / Low-Engagement,0.48057802295019286
16647,169,2,214.06,0,At-Risk / Low-Engagement,0.5677917308632948
16648,42,1,290.65999999999997,0,At-Risk / Low-Engagement,0.5908459265290493
16650,71,1,518.42,0,At-Risk / Low-Engagement,0.5755217984437598
16652,58,7,6773.97,1,Loyal / High-Value,0.13891174377740928
16653,16,2,1212.66,1,Loyal / High-Value,0.3578779065102686
16654,141,4,601.27,0,At-Risk / Low-Engagement,0.3653681991389207
16655,17,6,3789.52,1,Loyal / High-Value,0.14922283597527286
16656,22,15,8625.8,1,Loyal / High-Value,0.05955445199379618
16657,9,4,874.43,1,Loyal / High-Value,0.24752436898188385
16658,368,1,123.24,0,At-Risk / Low-Engagement,0.714988118214239
16659,189,1,39.12,0,At-Risk / Low-Engagement,0.748806314620406
16660,16,4,1267.6499999999999,1,Loyal / High-Value,0.24642387082924547
16665,362,1,135.39999999999998,0,At-Risk / Low-Engagement,0.7099308982524416
16666,19,1,118.98,0,At-Risk / Low-Engagement,0.61522891886912
16667,68,2,567.1800000000001,0,At-Risk / Low-Engagement,0.46490403001135744
16668,15,6,306.71999999999997,1,Loyal / High-Value,0.25024628873447735
16669,23,3,1348.88,1,Loyal / High-Value,0.3001688405008565
16670,16,11,4095.9,1,Loyal / High-Value,0.08936444081254621
16671,28,3,1692.27,1,Loyal / High-Value,0.2945173016729105
16672,2,20,8134.9400000000005,1,Loyal / High-Value,0.0330743614837877
16674,54,2,304.24,0,At-Risk / Low-Engagement,0.4960662097214852
16676,33,4,1592.1200000000001,1,Loyal / High-Value,0.25776954394300233
16678,2,12,3109.99,1,Loyal / High-Value,0.06713008156807532
16679,366,1,129.75,0,At-Risk / Low-Engagement,0.7122286642713587
16680,43,1,183.7,0,At-Risk / Low-Engagement,0.6206336462317554
16681,72,6,1770.34,1,Loyal / High-Value,0.214771579023057
16682,4,5,1028.0,1,Loyal / High-Value,0.1882983476340683
16684,4,28,66653.56,1,Loyal / High-Value,0.02721677124592653
16685,61,2,324.24,0,At-Risk / Low-Engagement,0.4970735521106157
16686,47,7,2959.88,1,Loyal / High-Value,0.1622801879988327
16688,1,4,1260.86,1,Loyal / High-Value,0.18421224384542198
16689,75,2,422.59999999999997,0,At-Risk / Low-Engagement,0.48845251496041336
16690,72,2,225.57999999999998,0,At-Risk / Low-Engagement,0.5280268337375529
16692,256,2,1276.0,0,At-Risk / Low-Engagement,0.4684622234202979
16693,68,2,477.86,0,At-Risk / Low-Engagement,0.47616838012983287
16696,135,4,657.9000000000001,0,At-Risk / Low-Engagement,0.3581514564224806
16697,241,1,112.75,0,At-Risk / Low-Engagement,0.7143257850779742
16698,226,2,1998.0,0,At-Risk / Low-Engagement,0.4338023284149791
16700,8,13,5076.55,1,Loyal / High-Value,0.06623697974988474
16701,8,13,5398.3,1,Loyal / High-Value,0.06523938042176643
16705,0,20,14034.99,1,Loyal / High-Value,0.02388442741320717
16706,37,3,531.35,0,At-Risk / Low-Engagement,0.37269245177446847
16708,45,1,656.63,0,At-Risk / Low-Engagement,0.5409641884043453
16709,84,5,3029.87,1,Loyal / High-Value,0.221904630364992
16710,19,10,2467.99,1,Loyal / High-Value,0.11199922575432614
16711,3,5,1651.03,1,Loyal / High-Value,0.16451323681253263
16712,9,11,3611.31,1,Loyal / High-Value,0.08468699686420807
16713,18,15,6910.78,1,Loyal / High-Value,0.060993857240845904
16714,218,3,1129.06,0,At-Risk / Low-Engagement,0.3976009352500953
16715,78,1,301.71999999999997,0,At-Risk / Low-Engagement,0.6137895955055196
16716,266,2,901.2,0,At-Risk / Low-Engagement,0.4930415704655245
16717,23,6,3843.08,1,Loyal / High-Value,0.15519130957363134
16718,369,1,606.0500000000001,0,At-Risk / Low-Engagement,0.6225366101902252
16719,14,7,1770.22,1,Loyal / High-Value,0.1534823980970064
16720,26,1,152.95,0,At-Risk / Low-Engagement,0.6119606130423044
16721,262,1,292.47,0,At-Risk / Low-Engagement,0.6638217042635243
16722,17,13,4730.81,1,Loyal / High-Value,0.0753725949011065
16723,91,2,576.4,0,At-Risk / Low-Engagement,0.4762919482106618
16725,302,7,758.27,0,At-Risk / Low-Engagement,0.27408001533418364
16726,26,5,1358.74,1,Loyal / High-Value,0.2241091847229002
16727,364,1,256.32,0,At-Risk / Low-Engagement,0.6741995277716446
16728,46,4,1048.28,1,Loyal / High-Value,0.29091294645738663
16729,38,21,7205.33,1,Loyal / High-Value,0.04996051717637965
16730,52,3,743.11,0,At-Risk / Low-Engagement,0.36553216150379036
16732,31,1,603.75,0,At-Risk / Low-Engagement,0.5307994298054184
16734,52,3,646.76,0,At-Risk / Low-Engagement,0.37407562538126665
16735,78,5,2247.41,1,Loyal / High-Value,0.23355126611540758
16737,53,1,417.59999999999997,0,At-Risk / Low-Engagement,0.5772515329503038
16738,297,1,3.75,0,At-Risk / Low-Engagement,0.7614858902906267
16739,176,1,323.0,0,At-Risk / Low-Engagement,0.6423147871550918
16742,46,1,464.9,0,At-Risk / Low-Engagement,0.5644109513328429
16743,29,7,2213.13,1,Loyal / High-Value,0.16162873735592764
16744,11,7,1291.91,1,Loyal / High-Value,0.15934841928157434
16745,86,17,7180.7,1,Loyal / High-Value,0.06912864838911695
16746,4,18,6680.11,1,Loyal / High-Value,0.041791037627055175
16747,37,2,836.06,0,At-Risk / Low-Engagement,0.41419276388933524
16748,17,5,1515.9,1,Loyal / High-Value,0.20730952818376808
16750,44,5,623.93,1,Loyal / High-Value,0.2793628262848347
16751,30,1,1764.72,0,At-Risk / Low-Engagement,0.45873411579912426
16752,372,1,207.5,0,At-Risk / Low-Engagement,0.6862963771399956
16753,58,1,223.92000000000002,0,At-Risk / Low-Engagement,0.6203666434273851
16754,372,1,2002.4,0,At-Risk / Low-Engagement,0.5460356776390767
16755,114,3,1475.43,0,At-Risk / Low-Engagement,0.3547934979851359
16756,214,1,239.4,0,At-Risk / Low-Engagement,0.6677677650529632
16757,318,1,106.83000000000001,0,At-Risk / Low-Engagement,0.7225581360498752
16758,65,1,369.34000000000003,0,At-Risk / Low-Engagement,0.5935691275488825
16759,7,3,789.79,1,Loyal / High-Value,0.2898857064221187
16761,96,1,316.62,0,At-Risk / Low-Engagement,0.619215405357459
16762,19,3,1207.24,1,Loyal / High-Value,0.29967311224701226
16763,198,1,611.85,0,At-Risk / Low-Engagement,0.6076074430976546
16764,3,13,2790.9500000000003,1,Loyal / High-Value,0.06731318811121972
16765,294,1,34.0,0,At-Risk / Low-Engagement,0.7614858902906267
16766,273,2,1145.6,0,At-Risk / Low-Engagement,0.4783343403356812
16767,30,11,5575.56,1,Loyal / High-Value,0.09123980313162393
16768,47,3,478.09000000000003,0,At-Risk / Low-Engagement,0.38882874261809863
16769,260,1,361.54,0,At-Risk / Low-Engagement,0.6509386139205235
16770,57,5,757.1,1,Loyal / High-Value,0.2779573586706445
16771,33,5,2242.61,1,Loyal / High-Value,0.208459413889114
16773,57,1,171.59,0,At-Risk / Low-Engagement,0.6360242439144241
16774,67,4,661.52,0,At-Risk / Low-Engagement,0.330652043207501
16775,10,11,1691.51,1,Loyal / High-Value,0.10309339563948523
16776,60,1,371.54,0,At-Risk / Low-Engagement,0.5898851258606574
16777,80,2,222.62,0,At-Risk / Low-Engagement,0.5333910873905944
16778,74,2,245.94,0,At-Risk / Low-Engagement,0.5235252837117107
16779,2,22,10611.720000000001,1,Loyal / High-Value,0.02823661512334975
16780,100,2,422.24,0,At-Risk / Low-Engagement,0.5008554364271394
16781,372,1,311.25,0,At-Risk / Low-Engagement,0.6628651028132715
16782,10,13,2267.9500000000003,1,Loyal / High-Value,0.08331229036538079
16784,19,1,107.6,0,At-Risk / Low-Engagement,0.6214463953126661
16788,123,2,594.39,0,At-Risk / Low-Engagement,0.48721037603986295
16789,8,1,80.8,0,At-Risk / Low-Engagement,0.6063325848522766
16790,3,6,1545.6200000000001,1,Loyal / High-Value,0.146170636052609
16791,29,7,1705.78,1,Loyal / High-Value,0.17117043796202816
16792,282,2,110.38000000000001,0,At-Risk / Low-Engagement,0.6305797476361635
16793,57,1,243.84,0,At-Risk / Low-Engagement,0.6143656307377139
16794,1,10,1196.5,1,Loyal / High-Value,0.09286705271418427
16795,365,1,414.88,0,At-Risk / Low-Engagement,0.6457295014568636
16796,89,1,305.62,0,At-Risk / Low-Engagement,0.6183446764660387
16800,11,1,1162.65,0,At-Risk / Low-Engagement,0.44521061582448435
16801,163,4,1594.23,0,At-Risk / Low-Engagement,0.31332029713994575
16803,65,1,332.3,0,At-Risk / Low-Engagement,0.60027221153299
16804,23,3,536.99,0,At-Risk / Low-Engagement,0.35359235466314515
16805,173,2,460.59,0,At-Risk / Low-Engagement,0.5187327786443638
16806,103,4,762.16,0,At-Risk / Low-Engagement,0.3387595529842054
16807,142,3,1121.59,0,At-Risk / Low-Engagement,0.380423952460525
16808,99,2,288.42,0,At-Risk / Low-Engagement,0.5255209593665022
16809,23,5,914.69,1,Loyal / High-Value,0.23906557950851154
16810,192,1,309.54,0,At-Risk / Low-Engagement,0.6483225929874602
16811,4,2,547.07,1,Loyal / High-Value,0.35733126136209475
16812,360,1,479.35,0,At-Risk / Low-Engagement,0.6369656874338873
16813,8,10,1652.18,1,Loyal / High-Value,0.10879302426762759
16814,14,21,6416.7,1,Loyal / High-Value,0.043914963413834246
16816,103,4,417.06,0,At-Risk / Low-Engagement,0.37526063395415
16817,2,9,1604.75,1,Loyal / High-Value,0.10074681699084938
16818,10,11,3349.57,1,Loyal / High-Value,0.08755473173424373
16820,95,1,497.61,0,At-Risk / Low-Engagement,0.5902971359847539
16823,227,1,358.38,0,At-Risk / Low-Engagement,0.6461145552828172
16824,15,2,460.64,0,At-Risk / Low-Engagement,0.41591463355306013
16825,38,2,775.1800000000001,0,At-Risk / Low-Engagement,0.4201435335297517
16826,51,1,341.7,0,At-Risk / Low-Engagement,0.5885167193290113
16828,93,2,128.5,0,At-Risk / Low-Engagement,0.5754290397017914
16829,156,1,197.22,0,At-Risk / Low-Engagement,0.6669683052722167
16830,38,1,325.91,0,At-Risk / Low-Engagement,0.5794071889329225
16832,184,3,199.15,0,At-Risk / Low-Engagement,0.5032123973113458
16833,1,4,1106.53,1,Loyal / High-Value,0.1894517512830566
16834,227,1,413.46,0,At-Risk / Low-Engagement,0.637447922204155
16835,128,2,180.85,0,At-Risk / Low-Engagement,0.5669103366107938
16836,39,2,251.87,0,At-Risk / Low-Engagement,0.49467873014334074
16837,31,11,3170.98,1,Loyal / High-Value,0.10490168589512715
16838,197,2,588.85,0,At-Risk / Low-Engagement,0.5081458034173014
16839,8,34,16594.35,1,Loyal / High-Value,0.03005426914893041
16841,36,6,1869.82,1,Loyal / High-Value,0.19327408445722485
16842,100,3,1264.19,0,At-Risk / Low-Engagement,0.3589877210442392
16843,42,16,10196.57,1,Loyal / High-Value,0.059698349447721594
16846,50,1,214.32,0,At-Risk / Low-Engagement,0.6171167378879158
16847,43,1,193.44,0,At-Risk / Low-Engagement,0.6174295320629904
16848,52,1,281.42,0,At-Risk / Low-Engagement,0.6016372758985373
16849,186,1,124.57,0,At-Risk / Low-Engagement,0.6996366996185706
16850,333,1,332.41,0,At-Risk / Low-Engagement,0.6589803231449505
16851,4,3,342.45,1,Loyal / High-Value,0.31927921777019685
16852,10,2,144.91000000000003,0,At-Risk / Low-Engagement,0.47498599859264923
16855,23,2,328.4,0,At-Risk / Low-Engagement,0.4551430465328164
16856,14,1,35.400000000000006,0,At-Risk / Low-Engagement,0.6572948920900191
16858,368,1,375.69000000000005,0,At-Risk / Low-Engagement,0.6516923422777826
16859,144,2,747.81,0,At-Risk / Low-Engagement,0.4788604050790355
16861,59,2,173.76,0,At-Risk / Low-Engagement,0.5366383047748412
16863,31,2,502.8,0,At-Risk / Low-Engagement,0.43972467438204754
16866,140,3,207.73999999999998,0,At-Risk / Low-Engagement,0.4886436057509804
16869,22,4,817.12,1,Loyal / High-Value,0.2790272498299056
16871,22,6,2812.34,1,Loyal / High-Value,0.165299305656075
16872,77,3,680.02,0,At-Risk / Low-Engagement,0.3867740839124751
16873,4,6,7123.62,1,Loyal / High-Value,0.10621211340940681
16875,67,5,2095.53,1,Loyal / High-Value,0.23220202868132453
16877,12,6,846.62,1,Loyal / High-Value,0.1976191532187218
16878,84,1,13.3,0,At-Risk / Low-Engagement,0.7216266661364591
16880,30,7,1491.43,1,Loyal / High-Value,0.17709136583051535
16881,66,1,432.0,0,At-Risk / Low-Engagement,0.584196686289006
16882,66,3,705.12,0,At-Risk / Low-Engagement,0.37827768180628946
16883,187,2,272.48,0,At-Risk / Low-Engagement,0.5564569873370786
16884,37,2,429.84000000000003,0,At-Risk / Low-Engagement,0.4573362151973923
16885,15,3,450.41,0,At-Risk / Low-Engagement,0.3481179791051309
16887,35,1,192.32999999999998,0,At-Risk / Low-Engagement,0.6095238568512504
16889,194,3,1578.67,0,At-Risk / Low-Engagement,0.371874496971796
16891,1,5,742.43,1,Loyal / High-Value,0.1773632256398787
16892,1,5,518.19,1,Loyal / High-Value,0.1916378898889675
16893,366,1,145.93,0,At-Risk / Low-Engagement,0.70586563383326
16895,64,1,202.27,0,At-Risk / Low-Engagement,0.6305749211657361
16897,299,2,289.78,0,At-Risk / Low-Engagement,0.5697922882184449
16898,26,3,501.03,0,At-Risk / Low-Engagement,0.36249803247149964
16899,7,6,1271.06,1,Loyal / High-Value,0.168976857033904
16900,16,3,887.11,1,Loyal / High-Value,0.3109458238520909
16902,116,1,1706.88,0,At-Risk / Low-Engagement,0.5185059844219763
16903,29,1,363.2,0,At-Risk / Low-Engagement,0.5612441314914216
16904,4,16,3653.75,1,Loyal / High-Value,0.05419987926349039
16905,5,7,3037.6,1,Loyal / High-Value,0.11822086627290943
16906,81,4,559.59,0,At-Risk / Low-Engagement,0.3478385542940467
16907,29,5,928.76,1,Loyal / High-Value,0.2454398828395016
16909,72,1,379.14,0,At-Risk / Low-Engagement,0.5961246604970726
16910,4,8,1508.96,1,Loyal / High-Value,0.12170198950456318
16912,28,11,2555.58,1,Loyal / High-Value,0.10871003027165364
16913,290,1,113.44,0,At-Risk / Low-Engagement,0.7193939595516757
16914,36,1,183.76,0,At-Risk / Low-Engagement,0.6135020902809937
16915,9,6,621.6800000000001,1,Loyal / High-Value,0.2033838397833419
16916,23,2,562.41,0,At-Risk / Low-Engagement,0.42023427992728984
16917,276,1,391.52,0,At-Risk / Low-Engagement,0.6485099944614016
16918,49,6,1068.82,1,Loyal / High-Value,0.22638815309048463
16919,156,11,2592.25,1,Loyal / High-Value,0.14010747036583104
16921,61,1,154.18,0,At-Risk / Low-Engagement,0.6451631275676437
16923,12,19,7069.08,1,Loyal / High-Value,0.04592447818777114
16924,21,3,829.89,1,Loyal / High-Value,0.32446836953811237
16926,371,1,230.25,0,At-Risk / Low-Engagement,0.6803720163863834
16927,115,3,543.05,0,At-Risk / Low-Engagement,0.4176099604058644
16928,80,17,2814.7,1,Loyal / High-Value,0.0858792117760409
16929,3,7,1295.39,1,Loyal / High-Value,0.13533225146170205
16930,26,3,378.89,0,At-Risk / Low-Engagement,0.37969668016440417
16931,5,21,4554.87,1,Loyal / High-Value,0.04112458253912779
16932,53,1,150.23000000000002,0,At-Risk / Low-Engagement,0.6412207285890914
16933,1,2,563.23,1,Loyal / High-Value,0.31999409543129415
16934,54,2,931.03,0,At-Risk / Low-Engagement,0.4229071732711791
16936,25,1,261.9,0,At-Risk / Low-Engagement,0.5762812348188909
16938,8,4,2711.6800000000003,1,Loyal / High-Value,0.1932290279021969
16940,52,3,3049.88,1,Loyal / High-Value,0.2840485911778431
16942,12,9,1904.99,1,Loyal / High-Value,0.12136326123036825
16943,211,3,816.73,0,At-Risk / Low-Engagement,0.4168812486891364
16945,21,19,4345.5,1,Loyal / High-Value,0.056585760548160204
16947,235,1,406.48,0,At-Risk / Low-Engagement,0.6398664822028831
16948,138,3,435.02,0,At-Risk / Low-Engagement,0.4396323524893119
16949,3,6,1286.27,1,Loyal / High-Value,0.15233146940194744
16950,56,3,1178.56,0,At-Risk / Low-Engagement,0.3406059140804164
16951,134,3,1277.75,0,At-Risk / Low-Engagement,0.3700080992903158
16952,109,2,167.61,0,At-Risk / Low-Engagement,0.5650215259940919
16953,30,1,20.8,0,At-Risk / Low-Engagement,0.6851087442277994
16954,0,9,2085.08,1,Loyal / High-Value,0.07951478658193618
16955,184,4,518.67,0,At-Risk / Low-Engagement,0.3852804228141296
16956,17,1,308.74,0,At-Risk / Low-Engagement,0.5499104197767692
16957,239,2,416.64,0,At-Risk / Low-Engagement,0.5392378468749299
16959,87,1,117.35000000000001,0,At-Risk / Low-Engagement,0.6748714660886581
16960,38,3,507.05,0,At-Risk / Low-Engagement,0.37664345181126374
16961,116,1,234.17,0,At-Risk / Low-Engagement,0.6452529450558709
16963,187,1,110.55000000000001,0,At-Risk / Low-Engagement,0.7063649759145226
16965,226,1,201.19,0,At-Risk / Low-Engagement,0.6798978302972445
16966,8,7,2154.97,1,Loyal / High-Value,0.13607974808256748
16967,189,1,319.02,0,At-Risk / Low-Engagement,0.6458857538071434
16968,4,2,439.43,1,Loyal / High-Value,0.37071287577201595
16969,39,3,650.41,0,At-Risk / Low-Engagement,0.3623600272432984
16971,38,1,357.21,0,At-Risk / Low-Engagement,0.5735052823734441
16976,267,1,251.51999999999998,0,At-Risk / Low-Engagement,0.6733497538099599
16978,77,1,344.33,0,At-Risk / Low-Engagement,0.6049756712241614
16979,3,6,1852.0,1,Loyal / High-Value,0.14030747116263445
16980,255,2,1028.46,0,At-Risk / Low-Engagement,0.48250008237271363
16982,60,1,384.06,0,At-Risk / Low-Engagement,0.5877693550762682
16983,12,7,1905.87,1,Loyal / High-Value,0.1478064758776024
16984,88,2,4459.52,1,Loyal / High-Value,0.34498076305013553
16985,17,10,5464.12,1,Loyal / High-Value,0.09121838505878065
16986,29,2,1873.2,1,Loyal / High-Value,0.3541569794903789
16987,3,7,1616.8,1,Loyal / High-Value,0.12862540730905814
16988,5,1,126.12,0,At-Risk / Low-Engagement,0.5609320258938376
16989,7,6,1133.25,1,Loyal / High-Value,0.17327662267596275
16990,218,1,179.0,0,At-Risk / Low-Engagement,0.6852067801093652
16992,10,5,1614.31,1,Loyal / High-Value,0.1910230756067593
16996,30,6,1456.96,1,Loyal / High-Value,0.1988199001766782
16997,288,3,702.0,0,At-Risk / Low-Engagement,0.4387922906760895
16998,149,4,295.0,0,At-Risk / Low-Engagement,0.4122139070302301
16999,23,2,484.82,0,At-Risk / Low-Engagement,0.4298068656331758
17001,0,11,3989.57,1,Loyal / High-Value,0.05697029794073164
17002,85,3,1493.73,0,At-Risk / Low-Engagement,0.3425923955545333
17004,46,2,1312.1399999999999,0,At-Risk / Low-Engagement,0.3944168988651453
17006,4,4,781.78,1,Loyal / High-Value,0.23099915848825353
17007,50,6,889.9300000000001,1,Loyal / High-Value,0.23559129144657912
17010,18,1,195.36,0,At-Risk / Low-Engagement,0.5818076121598531
17011,30,1,270.9,0,At-Risk / Low-Engagement,0.5815591548301489
17014,8,3,583.4300000000001,1,Loyal / High-Value,0.3109813954362615
17015,28,3,1838.6100000000001,1,Loyal / High-Value,0.28998452234460853
17017,2,20,8694.26,1,Loyal / High-Value,0.032516813795666004
17018,40,2,920.1,0,At-Risk / Low-Engagement,0.41126097486472796
17019,11,4,1258.08,1,Loyal / High-Value,0.23572309826420587
17022,31,1,71.0,0,At-Risk / Low-Engagement,0.6650736215998581
17024,45,3,95.85,0,At-Risk / Low-Engagement,0.4907598887145695
17025,60,3,357.77,0,At-Risk / Low-Engagement,0.41723122929448037
17026,185,2,154.82999999999998,0,At-Risk / Low-Engagement,0.5923381215273873
17027,78,6,877.5600000000001,1,Loyal / High-Value,0.25024665710200394
17029,110,2,716.0,0,At-Risk / Low-Engagement,0.4701498202716954
17030,63,1,146.87,0,At-Risk / Low-Engagement,0.6493347275811151
17031,11,2,380.35,0,At-Risk / Low-Engagement,0.4160473912911272
17033,86,3,1030.14,0,At-Risk / Low-Engagement,0.36549399827087814
17034,16,3,745.52,1,Loyal / High-Value,0.32086792212700144
17035,245,2,433.53000000000003,0,At-Risk / Low-Engagement,0.5376989097221789
17037,87,1,1267.32,0,At-Risk / Low-Engagement,0.5257901765352763
17038,30,1,112.4,0,At-Risk / Low-Engagement,0.6365400095261515
17040,137,1,449.73,0,At-Risk / Low-Engagement,0.6118076931878512
17041,26,3,1071.49,1,Loyal / High-Value,0.31751380474697954
17042,2,5,1036.58,1,Loyal / High-Value,0.17479389721166252
17043,32,4,1735.18,1,Loyal / High-Value,0.2524640523263055
17044,25,1,948.48,0,At-Risk / Low-Engagement,0.4920079077733214
17045,113,3,339.44,0,At-Risk / Low-Engagement,0.44727848871761683
17046,157,1,642.02,0,At-Risk / Low-Engagement,0.5949554714092359
17047,85,3,1100.9,0,At-Risk / Low-Engagement,0.36097108953260093
17048,117,3,925.35,0,At-Risk / Low-Engagement,0.3845387118836529
17049,2,9,5655.03,1,Loyal / High-Value,0.07434129287081423
17050,96,6,3185.64,1,Loyal / High-Value,0.1974548440079542
17051,194,1,240.89000000000001,0,At-Risk / Low-Engagement,0.6636301919770392
17052,28,1,399.09,0,At-Risk / Low-Engagement,0.5536617025102168
17053,130,1,498.48,0,At-Risk / Low-Engagement,0.6031779348965736
17054,28,5,1356.33,1,Loyal / High-Value,0.2263568892488607
17058,81,3,1179.89,0,At-Risk / Low-Engagement,0.3548637156563087
17059,29,5,3080.39,1,Loyal / High-Value,0.1915667725633727
17060,266,1,234.24,0,At-Risk / Low-Engagement,0.6773162801507354
17061,73,11,5232.2300000000005,1,Loyal / High-Value,0.10615168465089773
17062,313,4,533.33,0,At-Risk / Low-Engagement,0.4009927144809124
17063,21,7,1461.14,1,Loyal / High-Value,0.1693382558732958
17064,58,3,855.45,0,At-Risk / Low-Engagement,0.3612418730195618
17068,12,21,4552.14,1,Loyal / High-Value,0.04676610995096659
17069,28,9,2709.7000000000003,1,Loyal / High-Value,0.12638147303664207
17070,114,1,304.24,0,At-Risk / Low-Engagement,0.6286187839060532
17071,28,9,2429.03,1,Loyal / High-Value,0.1296065909649169
17073,17,4,1446.09,1,Loyal / High-Value,0.24183572023874012
17075,17,4,834.12,1,Loyal / High-Value,0.2694717341555406
17076,36,3,841.0799999999999,0,At-Risk / Low-Engagement,0.34376703854244384
17078,36,2,378.2,0,At-Risk / Low-Engagement,0.464572130937364
17079,78,1,118.80000000000001,0,At-Risk / Low-Engagement,0.6700349308103212
17080,22,2,287.62,0,At-Risk / Low-Engagement,0.461982724307494
17081,25,2,288.91,0,At-Risk / Low-Engagement,0.4669862461400623
17082,33,2,2003.85,1,Loyal / High-Value,0.3550550059861431
17083,109,3,1405.78,0,At-Risk / Low-Engagement,0.3559514708677699
17084,35,2,2747.9900000000002,1,Loyal / High-Value,0.33840307385495866
17085,123,5,1562.4,1,Loyal / High-Value,0.26619836038118516
17086,7,6,2050.08,1,Loyal / High-Value,0.15197471738683513
17088,28,4,1991.01,1,Loyal / High-Value,0.2415323602278153
17090,4,7,1974.65,1,Loyal / High-Value,0.12705634867956345
17091,2,9,3827.76,1,Loyal / High-Value,0.0817589841818987
17092,50,4,1774.03,1,Loyal / High-Value,0.2658553104896799
17094,322,1,302.0,0,At-Risk / Low-Engagement,0.664639458548171
17095,22,3,1324.16,1,Loyal / High-Value,0.2996427116481515
17096,15,4,1022.13,1,Loyal / High-Value,0.25512878690301416
17097,2,8,954.42,1,Loyal / High-Value,0.12519441137219006
17100,18,2,971.74,0,At-Risk / Low-Engagement,0.3759517685970895
17101,10,4,1621.73,1,Loyal / High-Value,0.22123819830237182
17102,261,1,25.5,0,At-Risk / Low-Engagement,0.7591575074655472
17105,159,2,665.78,0,At-Risk / Low-Engagement,0.4907919297540574
17107,33,6,10797.48,1,Loyal / High-Value,0.12931585330451456
17109,29,6,881.29,1,Loyal / High-Value,0.21984113229803787
17110,165,1,163.29999999999998,0,At-Risk / Low-Engagement,0.6800074027398966
17111,47,1,231.61,0,At-Risk / Low-Engagement,0.6097777926604918
17114,5,8,801.12,1,Loyal / High-Value,0.14461164615145472
17115,8,3,837.5,1,Loyal / High-Value,0.2909098472355749
17117,288,1,116.19999999999999,0,At-Risk / Low-Engagement,0.718120361421029
17118,317,1,157.02,0,At-Risk / Low-Engagement,0.7018558086283065
17119,3,2,606.91,1,Loyal / High-Value,0.3422868818158851
17120,233,1,307.46,0,At-Risk / Low-Engagement,0.6563135453672337
17122,119,1,138.32,0,At-Risk / Low-Engagement,0.6772244063464417
17123,161,1,345.29999999999995,0,At-Risk / Low-Engagement,0.6347031176269785
17124,185,1,294.24,0,At-Risk / Low-Engagement,0.6499034410076686
17125,50,1,230.5,0,At-Risk / Low-Engagement,0.612580614289663
17126,152,5,989.45,0,At-Risk / Low-Engagement,0.2980046048587889
17128,334,1,157.09,0,At-Risk / Low-Engagement,0.7018313068521164
17131,5,5,2463.17,1,Loyal / High-Value,0.159720461592574
17133,15,7,4892.240000000001,1,Loyal / High-Value,0.12292787868289037
17134,106,2,413.2,0,At-Risk / Low-Engagement,0.5047881289813586
17135,16,7,1139.73,1,Loyal / High-Value,0.17229057083694216
17138,275,1,380.5,0,At-Risk / Low-Engagement,0.650081285490064
17139,15,12,10650.77,1,Loyal / High-Value,0.0649931495384817
17140,247,1,454.12,0,At-Risk / Low-Engagement,0.6351018770379695
17142,239,1,579.0,0,At-Risk / Low-Engagement,0.6187790979418339
17144,1,2,984.57,1,Loyal / High-Value,0.28879220503106395
17146,105,3,749.78,0,At-Risk / Low-Engagement,0.39331496471787153
17147,22,4,1714.59,1,Loyal / High-Value,0.24139186492990447
17148,51,1,124.88,0,At-Risk / Low-Engagement,0.6508135605487959
17152,194,3,1689.5,0,At-Risk / Low-Engagement,0.36769675669785584
17153,24,1,213.78,0,At-Risk / Low-Engagement,0.5876259747022285
17154,75,1,329.34,0,At-Risk / Low-Engagement,0.6066999963722508
17155,17,2,251.70000000000002,0,At-Risk / Low-Engagement,0.4601346341440676
17157,7,2,319.0,0,At-Risk / Low-Engagement,0.41021540151573316
17158,32,3,1266.97,1,Loyal / High-Value,0.3154779076236149
17159,21,3,1538.88,1,Loyal / High-Value,0.2897862453246803
17160,31,6,3518.03,1,Loyal / High-Value,0.16504953288659455
17162,28,10,1715.46,1,Loyal / High-Value,0.12899983802770149
17163,21,2,293.1,0,At-Risk / Low-Engagement,0.4588292719783858
17164,32,7,2467.35,1,Loyal / High-Value,0.15998497388074323
17165,284,1,158.68,0,At-Risk / Low-Engagement,0.7012773606488354
17166,38,2,206.34,0,At-Risk / Low-Engagement,0.5066994921182001
17169,57,2,835.78,0,At-Risk / Low-Engagement,0.43214007963297013
17171,289,1,224.91,0,At-Risk / Low-Engagement,0.6817137068025005
17172,78,1,317.76,0,At-Risk / Low-Engagement,0.6105488963273936
17173,5,8,3766.6,1,Loyal / High-Value,0.10097140945978164
17174,217,1,59.9,0,At-Risk / Low-Engagement,0.7433628563185919
17175,44,4,1443.69,1,Loyal / High-Value,0.2722865540148427
17176,201,1,306.13,0,At-Risk / Low-Engagement,0.6507891005458778
17179,178,3,711.79,0,At-Risk / Low-Engagement,0.4185650196465579
17180,56,4,783.97,0,At-Risk / Low-Engagement,0.31416407921448464
17181,57,2,239.92000000000002,0,At-Risk / Low-Engagement,0.5140087122404369
17183,7,6,3347.31,1,Loyal / High-Value,0.13601802688963133
17186,46,2,144.0,0,At-Risk / Low-Engagement,0.5383633728307892
17187,226,1,203.95,0,At-Risk / Low-Engagement,0.6791172148312495
17188,11,7,2474.23,1,Loyal / High-Value,0.13766977354879842
17189,106,2,383.75,0,At-Risk / Low-Engagement,0.5096618607731339
17190,58,2,444.74,0,At-Risk / Low-Engagement,0.47411200313293933
17191,28,7,2093.68,1,Loyal / High-Value,0.16282114263100703
17193,35,7,1699.3000000000002,1,Loyal / High-Value,0.17585571805794256
17194,273,2,262.62,0,At-Risk / Low-Engagement,0.5749141233341455
17197,29,1,1013.01,0,At-Risk / Low-Engagement,0.4938753900351918
17198,23,3,692.22,0,At-Risk / Low-Engagement,0.3384280803726773
17201,53,1,289.78,0,At-Risk / Low-Engagement,0.6005665044965439
17203,35,6,3560.08,1,Loyal / High-Value,0.16744986231868636
17204,175,4,1564.56,0,At-Risk / Low-Engagement,0.31703900619463976
17205,53,1,384.08,0,At-Risk / Low-Engagement,0.5826269970652596
17206,53,1,204.24,0,At-Risk / Low-Engagement,0.6224432347715514
17211,26,8,2317.2200000000003,1,Loyal / High-Value,0.1422357827303985
17212,253,1,226.85,0,At-Risk / Low-Engagement,0.6772657821226356
17213,40,7,2781.23,1,Loyal / High-Value,0.16080041000526743
17214,60,6,1059.1200000000001,1,Loyal / High-Value,0.23292414183650376
17217,234,1,113.5,0,At-Risk / Low-Engagement,0.7129288411269676
17218,4,10,1951.97,1,Loyal / High-Value,0.09541154450059211
17219,31,1,114.23,0,At-Risk / Low-Engagement,0.6368365763866083
17220,24,14,3187.55,1,Loyal / High-Value,0.08196373075513813
17221,7,2,334.48,0,At-Risk / Low-Engagement,0.40719712842889105
17222,65,1,328.65,0,At-Risk / Low-Engagement,0.6009705327463024
17223,310,2,416.89,0,At-Risk / Low-Engagement,0.5461500662025317
17226,308,1,393.49,0,At-Risk / Low-Engagement,0.6489164681363215
17227,18,6,939.32,1,Loyal / High-Value,0.20379091150553966
17228,15,8,1906.09,1,Loyal / High-Value,0.13751152844593
17229,96,2,318.76,0,At-Risk / Low-Engagement,0.5176241920075124
17230,264,8,3638.41,1,Loyal / High-Value,0.1795507526145801
17231,12,10,3124.72,1,Loyal / High-Value,0.09906490980440119
17232,2,2,417.77,1,Loyal / High-Value,0.35330284413939306
17233,35,1,190.88,0,At-Risk / Low-Engagement,0.6099974617117028
17234,182,1,149.89000000000001,0,At-Risk / Low-Engagement,0.6885287627433074
17235,25,2,550.06,0,At-Risk / Low-Engagement,0.4250565401706476
17236,12,6,916.13,1,Loyal / High-Value,0.19433587088069523
17237,11,2,314.69,0,At-Risk / Low-Engagement,0.4282328217916721
17238,2,17,3719.1,1,Loyal / High-Value,0.04692633036208445
17239,312,1,382.5,0,At-Risk / Low-Engagement,0.6506163557879809
17242,108,2,1135.04,0,At-Risk / Low-Engagement,0.43920860010270346
17243,1,26,8540.05,1,Loyal / High-Value,0.026728041901444108
17244,53,1,954.9,0,At-Risk / Low-Engagement,0.5232818901030181
17245,204,1,171.45,0,At-Risk / Low-Engagement,0.6851753235265241
17247,15,1,280.09000000000003,0,At-Risk / Low-Engagement,0.5511976897173683
17248,120,1,318.65,0,At-Risk / Low-Engagement,0.627833640335992
17250,3,2,381.97,1,Loyal / High-Value,0.370293241023564
17251,362,1,269.83,0,At-Risk / Low-Engagement,0.6712209821676953
17252,116,2,348.91,0,At-Risk / Low-Engagement,0.5198057903237833
17253,18,1,178.26,0,At-Risk / Low-Engagement,0.5876565974897661
17254,4,2,271.19,0,At-Risk / Low-Engagement,0.40084916451247526
17255,40,2,291.48,0,At-Risk / Low-Engagement,0.4861362204913885
17256,107,2,240.0,0,At-Risk / Low-Engagement,0.5408940949684458
17259,148,2,581.23,0,At-Risk / Low-Engagement,0.4966600813806467
17262,52,5,1253.3600000000001,1,Loyal / High-Value,0.24910229526292688
17263,208,1,63.440000000000005,0,At-Risk / Low-Engagement,0.7390931561339988
17265,138,2,550.01,0,At-Risk / Low-Engagement,0.49728602177028713
17266,2,3,296.58,1,Loyal / High-Value,0.30833588823706387
17267,127,2,317.2,0,At-Risk / Low-Engagement,0.5299606770048417
17268,107,4,763.64,0,At-Risk / Low-Engagement,0.34011448691656027
17272,42,4,2148.63,1,Loyal / High-Value,0.250487823504113
17274,35,1,107.82,0,At-Risk / Low-Engagement,0.6450267687516693
17277,227,2,1065.3500000000001,0,At-Risk / Low-Engagement,0.47515671534569265
17278,241,1,246.04,0,At-Risk / Low-Engagement,0.6707215754718795
17279,57,1,187.82999999999998,0,At-Risk / Low-Engagement,0.630502808406673
17282,130,3,1685.46,0,At-Risk / Low-Engagement,0.35192870283795896
17284,60,6,1647.48,1,Loyal / High-Value,0.21272327274255734
17286,21,1,151.37,0,At-Risk / Low-Engagement,0.6041333957173144
17287,26,7,1049.06,1,Loyal / High-Value,0.18736387952781816
17288,9,7,1417.63,1,Loyal / High-Value,0.15196332475890617
17289,31,3,931.02,1,Loyal / High-Value,0.332123362013598
17290,3,2,513.01,1,Loyal / High-Value,0.3523417900439636
17291,308,1,550.8000000000001,0,At-Risk / Low-Engagement,0.6284462899716177
17293,8,9,1854.06,1,Loyal / High-Value,0.11544475856334414
17295,28,3,547.0,0,At-Risk / Low-Engagement,0.3600170586937483
17297,17,1,128.18,0,At-Risk / Low-Engagement,0.6062349525339662
17298,101,2,498.42,0,At-Risk / Low-Engagement,0.4903453295907906
17299,11,4,656.61,1,Loyal / High-Value,0.2680471543038737
17301,21,1,163.24,0,At-Risk / Low-Engagement,0.5993806100155289
17302,14,5,1135.63,1,Loyal / High-Value,0.21473984215920802
17303,361,1,250.04,0,At-Risk / Low-Engagement,0.6756327327502745
17306,10,19,8631.31,1,Loyal / High-Value,0.04247076070549521
17309,95,1,82.75,0,At-Risk / Low-Engagement,0.6977990142465653
17311,78,2,1384.85,0,At-Risk / Low-Engagement,0.4126953208607188
17312,138,3,644.3,0,At-Risk / Low-Engagement,0.41428064127127207
17313,31,1,2328.84,0,At-Risk / Low-Engagement,0.4419574712641018
17314,24,8,2527.92,1,Loyal / High-Value,0.13785639583310974
17315,1,38,6281.23,1,Loyal / High-Value,0.028923675276527134
17317,46,3,2600.34,1,Loyal / High-Value,0.2883949277840941
17320,100,3,1200.6200000000001,0,At-Risk / Low-Engagement,0.36212996995029545
17321,8,2,657.16,1,Loyal / High-Value,0.36975534813585065
17323,15,7,906.52,1,Loyal / High-Value,0.1795286009047299
17324,17,4,986.48,1,Loyal / High-Value,0.26083967641794426
17325,280,1,96.8,0,At-Risk / Low-Engagement,0.7275803851409455
17329,14,2,523.11,0,At-Risk / Low-Engagement,0.40508286168155033
17330,22,2,363.9,0,At-Risk / Low-Engagement,0.44661357602422935
17331,123,1,175.2,0,At-Risk / Low-Engagement,0.6647763457302718
17333,85,1,494.25,0,At-Risk / Low-Engagement,0.5861022806918481
17334,302,2,307.02,0,At-Risk / Low-Engagement,0.5660556856616371
17337,151,4,1981.06,1,Loyal / High-Value,0.2983345736339581
17338,17,8,6493.54,1,Loyal / High-Value,0.10530526449666942
17339,94,2,243.36,0,At-Risk / Low-Engagement,0.5344467638104271
17340,29,11,12353.29,1,Loyal / High-Value,0.0748424512195681
17341,156,3,682.29,0,At-Risk / Low-Engagement,0.4157438825093545
17343,355,1,193.64,0,At-Risk / Low-Engagement,0.690198331739235
17344,46,1,157.62,0,At-Risk / Low-Engagement,0.6327281680308018
17345,15,4,519.6899999999999,1,Loyal / High-Value,0.29051892301423105
17346,3,15,2622.88,1,Loyal / High-Value,0.060164953822070884
17347,86,1,228.96,0,At-Risk / Low-Engagement,0.6347622413221934
17348,14,5,1156.6,1,Loyal / High-Value,0.2139259744586023
17349,179,1,98.25,0,At-Risk / Low-Engagement,0.7111814507346759
17350,8,4,1281.32,1,Loyal / High-Value,0.22599330862321432
17351,36,3,587.15,0,At-Risk / Low-Engagement,0.36547735089069294
17353,129,2,1740.0,0,At-Risk / Low-Engagement,0.4190588472559172
17354,50,1,1393.06,0,At-Risk / Low-Engagement,0.495878063029257
17356,311,1,178.22,0,At-Risk / Low-Engagement,0.6948447342631133
17357,24,2,384.39,0,At-Risk / Low-Engagement,0.44662320852174664
17358,303,2,360.81,0,At-Risk / Low-Engagement,0.5555753242330407
17359,11,1,127.86,0,At-Risk / Low-Engagement,0.5894624972829033
17360,17,3,568.24,0,At-Risk / Low-Engagement,0.3389044163412221
17361,49,3,488.2,0,At-Risk / Low-Engagement,0.38920176101094583
17362,239,2,312.23,0,At-Risk / Low-Engagement,0.5580695855925607
17364,0,11,4462.68,1,Loyal / High-Value,0.05539966508684729
17365,12,8,4767.36,1,Loyal / High-Value,0.10769930820087216
17367,238,1,167.55,0,At-Risk / Low-Engagement,0.6921861591704732
17368,23,8,1878.87,1,Loyal / High-Value,0.14655400662517998
17370,72,4,446.18,0,At-Risk / Low-Engagement,0.3568665997909465
17371,17,3,418.4,0,At-Risk / Low-Engagement,0.35722720436522815
17372,40,8,1337.18,1,Loyal / High-Value,0.17093507355057896
17373,40,4,646.92,0,At-Risk / Low-Engagement,0.3127654672860855
17374,218,2,495.77,0,At-Risk / Low-Engagement,0.5238566701446161
17375,199,3,400.1,0,At-Risk / Low-Engagement,0.4607337878996562
17376,70,2,203.2,0,At-Risk / Low-Engagement,0.5336726164810757
17377,23,20,4058.32,1,Loyal / High-Value,0.05570488783335242
17379,11,1,389.71999999999997,0,At-Risk / Low-Engagement,0.5171133237648563
17381,8,29,20275.61,1,Loyal / High-Value,0.03005426914893041
17382,65,1,65.4,0,At-Risk / Low-Engagement,0.697016469623553
17383,4,1,193.39000000000001,0,At-Risk / Low-Engagement,0.5252255844447044
17384,19,2,336.4,0,At-Risk / Low-Engagement,0.44573384359671464
17385,14,1,256.11,0,At-Risk / Low-Engagement,0.5542545626713337
17386,7,6,2686.42,1,Loyal / High-Value,0.1429949036630926
17387,19,2,746.81,0,At-Risk / Low-Engagement,0.39452396760977293
17388,77,4,1259.56,1,Loyal / High-Value,0.29912454791397974
17389,0,34,31833.68,1,Loyal / High-Value,0.02071690571681293
17391,163,2,508.8,0,At-Risk / Low-Engagement,0.5096043533361472
17392,306,2,417.27,0,At-Risk / Low-Engagement,0.5460905032029538
17394,219,1,203.86999999999998,0,At-Risk / Low-Engagement,0.677953043567228
17396,39,8,7330.8,1,Loyal / High-Value,0.1157830038970033
17397,22,2,681.41,0,At-Risk / Low-Engagement,0.4061595617217518
17398,114,3,653.38,0,At-Risk / Low-Engagement,0.4054245786086985
17400,126,5,2097.84,1,Loyal / High-Value,0.25204982280752286
17402,4,13,2633.85,1,Loyal / High-Value,0.07078819671935183
17403,36,1,263.92,0,At-Risk / Low-Engagement,0.5906815814225553
17404,4,15,31906.82,1,Loyal / High-Value,0.04060507179234185
17405,1,3,1031.41,1,Loyal / High-Value,0.23019471776063444
17406,333,3,2184.42,0,At-Risk / Low-Engagement,0.3668108848028442
17408,163,1,32.65,0,At-Risk / Low-Engagement,0.7439681346394617
17409,184,2,771.85,0,At-Risk / Low-Engagement,0.48734060740758
17410,16,5,1214.72,1,Loyal / High-Value,0.21540755634941633
17411,12,3,778.94,1,Loyal / High-Value,0.30832558889028394
17412,2,7,1258.06,1,Loyal / High-Value,0.13046480783833472
17414,43,2,778.0,0,At-Risk / Low-Engagement,0.42502192618500567
17415,79,1,507.84,0,At-Risk / Low-Engagement,0.5813109143510808
17416,29,7,6893.42,1,Loyal / High-Value,0.12494073087812502
17418,42,2,463.46000000000004,0,At-Risk / Low-Engagement,0.4577347101680439
17419,11,12,4226.57,1,Loyal / High-Value,0.07784962744134057
17420,50,3,598.83,0,At-Risk / Low-Engagement,0.3772753678621553
17422,16,6,1979.37,1,Loyal / High-Value,0.17093732336398065
17423,46,2,698.41,0,At-Risk / Low-Engagement,0.43481265254028456
17425,19,2,759.17,0,At-Risk / Low-Engagement,0.39348916613000406
17426,8,6,5037.26,1,Loyal / High-Value,0.1260513293072676
17427,71,1,100.8,0,At-Risk / Low-Engagement,0.6759610958100927
17428,0,28,17256.85,1,Loyal / High-Value,0.02071690571681293
17429,128,3,524.9200000000001,0,At-Risk / Low-Engagement,0.42429106133130673
17430,32,2,265.76,0,At-Risk / Low-Engagement,0.48279775593484003
17431,313,1,403.3,0,At-Risk / Low-Engagement,0.6474355556870527
17432,18,2,365.76,0,At-Risk / Low-Engagement,0.43809640503834274
17433,88,1,303.15999999999997,0,At-Risk / Low-Engagement,0.618389266913862
17434,2,7,2373.82,1,Loyal / High-Value,0.11258370641924613
17436,1,2,216.29999999999998,1,Loyal / High-Value,0.3771799769623794
17438,253,1,388.45000000000005,0,At-Risk / Low-Engagement,0.6455455757475244
17440,156,3,186.42000000000002,0,At-Risk / Low-Engagement,0.5004297652818288
17442,36,6,2248.56,1,Loyal / High-Value,0.18578799266894636
17443,219,1,534.24,0,At-Risk / Low-Engagement,0.6202216705911359
17444,147,3,2940.04,1,Loyal / High-Value,0.32379019508163476
17446,176,2,120.9,0,At-Risk / Low-Engagement,0.6058609218753339
17447,40,2,541.53,0,At-Risk / Low-Engagement,0.44551378973484507
17449,2,7,2519.21,1,Loyal / High-Value,0.11102372617628743
17450,8,46,194390.79,1,Loyal / High-Value,0.03005426914893041
17451,1,7,1721.4,1,Loyal / High-Value,0.1140398809126277
17453,17,2,486.71999999999997,0,At-Risk / Low-Engagement,0.41735557683147523
17454,192,4,517.53,0,At-Risk / Low-Engagement,0.387161124193664
17455,203,1,131.7,0,At-Risk / Low-Engagement,0.6997443031000429
17456,365,1,249.86,0,At-Risk / Low-Engagement,0.675674289522455
17457,126,5,1737.7,1,Loyal / High-Value,0.261547390795679
17458,15,1,316.5,0,At-Risk / Low-Engagement,0.5432191684244744
17459,43,2,657.3,0,At-Risk / Low-Engagement,0.43593330231378596
17460,94,6,622.4300000000001,0,At-Risk / Low-Engagement,0.27397055124584735
17461,22,3,735.82,1,Loyal / High-Value,0.33318266950733805
17462,60,2,675.69,0,At-Risk / Low-Engagement,0.4481308261302888
17463,16,5,1875.86,1,Loyal / High-Value,0.196637869469356
17464,158,1,289.96000000000004,0,At-Risk / Low-Engagement,0.6445650537141685
17466,10,2,763.28,1,Loyal / High-Value,0.36866861015719127
17468,10,2,137.0,0,At-Risk / Low-Engagement,0.4786619129338449
17469,16,5,1870.97,1,Loyal / High-Value,0.19674684675238752
17470,44,5,1125.07,1,Loyal / High-Value,0.24912162411222116
17472,191,3,697.54,0,At-Risk / Low-Engagement,0.4228338983148172
17475,79,1,194.37,0,At-Risk / Low-Engagement,0.6413500860599056
17480,77,1,511.82,0,At-Risk / Low-Engagement,0.5797384672110396
17481,3,4,1255.59,1,Loyal / High-Value,0.2031751227594165
17483,65,3,414.04,0,At-Risk / Low-Engagement,0.4112054294479713
17486,261,1,396.87,0,At-Risk / Low-Engagement,0.6454840640497856
17489,58,2,376.64,0,At-Risk / Low-Engagement,0.4850513389513346
17490,0,7,2092.32,1,Loyal / High-Value,0.09778529226903233
17491,1,10,3558.87,1,Loyal / High-Value,0.07128239253531146
17492,248,1,374.57,0,At-Risk / Low-Engagement,0.646949525438183
17495,7,2,497.56,0,At-Risk / Low-Engagement,0.38218118840804594
17496,358,1,271.05,0,At-Risk / Low-Engagement,0.670958700524975
17498,75,1,272.22,0,At-Risk / Low-Engagement,0.6186099565949024
17499,289,1,622.88,0,At-Risk / Low-Engagement,0.6208361994995663
17500,17,3,1138.0,1,Loyal / High-Value,0.299107172762836
17501,220,2,288.6,0,At-Risk / Low-Engagement,0.5596502884715062
17502,9,4,689.1,1,Loyal / High-Value,0.2594229411651807
17503,2,2,558.96,1,Loyal / High-Value,0.33595661597780807
17504,206,9,2997.0299999999997,1,Loyal / High-Value,0.16539793635771508
17505,161,2,1145.84,0,At-Risk / Low-Engagement,0.4556042928492544
17506,75,1,302.2,0,At-Risk / Low-Engagement,0.6120949200971849
17507,261,2,605.58,0,At-Risk / Low-Engagement,0.5184512396654977
17508,280,1,387.31,0,At-Risk / Low-Engagement,0.6497265081236622
17509,57,8,6083.64,1,Loyal / High-Value,0.1279559373013195
17510,24,1,308.48,0,At-Risk / Low-Engagement,0.5640434123350023
17511,2,31,91062.38,1,Loyal / High-Value,0.02496367274118546
17512,28,10,2924.9900000000002,1,Loyal / High-Value,0.11396739678577461
17513,72,1,513.2,0,At-Risk / Low-Engagement,0.5767589522388675
17514,128,1,208.65,0,At-Risk / Low-Engagement,0.6560103341300595
17515,31,4,639.02,1,Loyal / High-Value,0.30427442510070146
17516,15,5,764.88,1,Loyal / High-Value,0.23487192806299503
17517,308,1,153.94,0,At-Risk / Low-Engagement,0.7029436021254133
17519,17,6,1844.02,1,Loyal / High-Value,0.17503503074962792
17520,53,1,546.81,0,At-Risk / Low-Engagement,0.559807302223136
17521,29,3,723.2099999999999,0,At-Risk / Low-Engagement,0.3445434951031397
17522,1,5,1070.71,1,Loyal / High-Value,0.16369243920980248
17523,11,4,652.74,1,Loyal / High-Value,0.26835341994893946
17524,361,1,145.0,0,At-Risk / Low-Engagement,0.7062140444996594
17525,359,1,422.70000000000005,0,At-Risk / Low-Engagement,0.6446020261912461
17526,4,4,1195.8999999999999,1,Loyal / High-Value,0.2116609549446632
17527,53,4,939.37,1,Loyal / High-Value,0.30198404808560225
17528,1,8,3628.5,1,Loyal / High-Value,0.08569087485075355
17530,1,10,2367.12,1,Loyal / High-Value,0.07875472026975322
17531,190,1,296.7,0,At-Risk / Low-Engagement,0.6504524309801619
17534,53,1,223.36,0,At-Risk / Low-Engagement,0.6168934035779571
17535,280,1,164.4,0,At-Risk / Low-Engagement,0.6991947374473378
17536,177,1,76.5,0,At-Risk / Low-Engagement,0.724038971634239
17537,29,2,887.67,0,At-Risk / Low-Engagement,0.400463237887207
17538,25,1,98.42,0,At-Risk / Low-Engagement,0.637518809201226
17540,24,2,578.9,0,At-Risk / Low-Engagement,0.42010359877548675
17542,269,1,170.75,0,At-Risk / Low-Engagement,0.6956292721663427
17545,43,3,642.32,0,At-Risk / Low-Engagement,0.36696081729117824
17548,233,1,103.3,0,At-Risk / Low-Engagement,0.7178006343286297
17549,23,2,148.86,0,At-Risk / Low-Engagement,0.5070755276436135
17550,197,3,267.16,0,At-Risk / Low-Engagement,0.4868307023409579
17551,359,1,290.34,0,At-Risk / Low-Engagement,0.6669479356898959
17552,60,4,930.41,0,At-Risk / Low-Engagement,0.3070035316749732
17553,129,1,1487.6,0,At-Risk / Low-Engagement,0.5321275743223237
17554,1,5,1952.45,1,Loyal / High-Value,0.14310662852354214
17555,19,2,480.31,0,At-Risk / Low-Engagement,0.4226654814779351
17556,205,1,157.9,0,At-Risk / Low-Engagement,0.690004129483621
17557,14,3,541.46,1,Loyal / High-Value,0.3346767278149273
17560,94,4,854.95,0,At-Risk / Low-Engagement,0.328520548170663
17561,19,1,165.12,0,At-Risk / Low-Engagement,0.5946739678168046
17562,14,7,1122.38,1,Loyal / High-Value,0.16978280448324715
17564,24,3,454.01,0,At-Risk / Low-Engagement,0.365422148317662
17566,8,2,869.77,1,Loyal / High-Value,0.35268141214607707
17567,7,8,4331.48,1,Loyal / High-Value,0.10216070683571986
17569,332,1,344.14,0,At-Risk / Low-Engagement,0.656923044387246
17571,50,4,1425.67,1,Loyal / High-Value,0.2772799282725059
17572,71,4,226.75000000000003,0,At-Risk / Low-Engagement,0.39819118696742234
17573,29,3,380.6,0,At-Risk / Low-Engagement,0.383735393352854
17574,242,1,185.65,0,At-Risk / Low-Engagement,0.6870310434443611
17576,8,19,3564.83,1,Loyal / High-Value,0.05133634589961115
17578,218,1,143.45999999999998,0,At-Risk / Low-Engagement,0.6976127053899609
17579,4,3,448.90000000000003,1,Loyal / High-Value,0.30397002425331293
17580,252,3,215.72,0,At-Risk / Low-Engagement,0.511545997194888
17581,0,25,11025.24,1,Loyal / High-Value,0.0222510656217323
17582,236,1,175.27,0,At-Risk / Low-Engagement,0.6893452763865472
17584,7,2,1242.3,1,Loyal / High-Value,0.3269773661157651
17585,109,4,1116.68,0,At-Risk / Low-Engagement,0.3186558602180178
17588,100,3,1240.2,0,At-Risk / Low-Engagement,0.3601531966207187
17589,60,4,2404.17,1,Loyal / High-Value,0.2563601410653252
17590,2,3,1468.02,1,Loyal / High-Value,0.22617573450548362
17591,73,7,2203.67,1,Loyal / High-Value,0.1841908098683193
17593,3,5,3923.86,1,Loyal / High-Value,0.13542787756689398
17594,85,2,993.18,0,At-Risk / Low-Engagement,0.437755798890785
17595,12,2,386.69,0,At-Risk / Low-Engagement,0.4183678274670923
17596,23,7,2806.69,1,Loyal / High-Value,0.14833665089428372
17597,213,1,2044.3700000000001,0,At-Risk / Low-Engagement,0.5327674707894636
17600,17,1,161.67000000000002,0,At-Risk / Low-Engagement,0.5915966860274955
17601,239,1,116.00999999999999,0,At-Risk / Low-Engagement,0.7125037483151038
17602,2,6,5054.42,1,Loyal / High-Value,0.1064003476853645
17603,78,1,394.72,0,At-Risk / Low-Engagement,0.59687083662499
17604,217,2,309.36,0,At-Risk / Low-Engagement,0.5545484192862153
17608,33,2,191.99,0,At-Risk / Low-Engagement,0.5054824473133349
17609,40,5,1105.78,1,Loyal / High-Value,0.24695791132784262
17611,7,15,3961.12,1,Loyal / High-Value,0.060814879685413235
17612,53,6,2048.45,1,Loyal / High-Value,0.1998362344309152
17613,22,14,4544.55,1,Loyal / High-Value,0.0741799531727757
17614,57,1,386.32,0,At-Risk / Low-Engagement,0.5852698945733006
17615,130,3,329.6,0,At-Risk / Low-Engagement,0.45517663407726205
17616,173,3,571.1999999999999,0,At-Risk / Low-Engagement,0.4315562465947249
17618,5,3,930.28,1,Loyal / High-Value,0.27108207653685756
17619,312,1,214.37,0,At-Risk / Low-Engagement,0.6844482242512526
17620,59,1,81.44,0,At-Risk / Low-Engagement,0.6812173770127193
17621,21,3,1379.9,1,Loyal / High-Value,0.2957511163161865
17623,32,1,527.0500000000001,0,At-Risk / Low-Engagement,0.5410460441583601
17624,14,2,843.48,0,At-Risk / Low-Engagement,0.37508960158475896
17625,18,4,2020.4,1,Loyal / High-Value,0.22765242505601344
17628,81,1,75.75,0,At-Risk / Low-Engagement,0.69689084787594
17629,5,8,1814.12,1,Loyal / High-Value,0.119896922513021
17630,169,2,503.59999999999997,0,At-Risk / Low-Engagement,0.5118412031280841
17631,1,3,528.33,1,Loyal / High-Value,0.2629681755287388
17633,31,4,1324.84,1,Loyal / High-Value,0.26511089223487067
17634,36,9,2358.59,1,Loyal / High-Value,0.13536294438165875
17636,19,1,285.56,0,At-Risk / Low-Engagement,0.5595099421795159
17637,31,2,547.0600000000001,0,At-Risk / Low-Engagement,0.4342476424229062
17639,276,1,108.5,0,At-Risk / Low-Engagement,0.7211184212061392
17640,86,1,621.66,0,At-Risk / Low-Engagement,0.5718388447770932
17642,119,2,712.29,0,At-Risk / Low-Engagement,0.4738662789321485
17643,373,1,101.55,0,At-Risk / Low-Engagement,0.7252110998198622
17644,1,11,2895.64,1,Loyal / High-Value,0.06904364933998486
17646,219,3,1008.39,0,At-Risk / Low-Engagement,0.4049636041490433
17647,65,1,133.06,0,At-Risk / Low-Engagement,0.656420266699978
17648,60,4,1797.5,1,Loyal / High-Value,0.27128202158180637
17649,138,1,868.49,0,At-Risk / Low-Engagement,0.570150589850647
17650,21,1,166.08,0,At-Risk / Low-Engagement,0.5982917698233873
17651,11,10,3945.0,1,Loyal / High-Value,0.09252641567357506
17652,25,12,4867.72,1,Loyal / High-Value,0.08510176679901366
17653,36,4,1207.56,1,Loyal / High-Value,0.27490659321417227
17654,277,1,117.55,0,At-Risk / Low-Engagement,0.7170038282203607
17655,10,7,2638.94,1,Loyal / High-Value,0.13389789113482978
17656,73,5,1674.69,1,Loyal / High-Value,0.2456411948557535
17658,25,2,595.42,0,At-Risk / Low-Engagement,0.41995403506869106
17659,17,12,2999.46,1,Loyal / High-Value,0.0902275744206672
17660,141,1,178.75,0,At-Risk / Low-Engagement,0.6688352957078387
17663,25,7,1802.91,1,Loyal / High-Value,0.16564077085331969
17664,18,2,604.64,0,At-Risk / Low-Engagement,0.40576591815460267
17666,3,2,728.16,1,Loyal / High-Value,0.33154603653658254
17667,66,5,2055.51,1,Loyal / High-Value,0.23265199459654426
17668,1,2,347.75,1,Loyal / High-Value,0.3482806208476822
17669,42,7,3406.7200000000003,1,Loyal / High-Value,0.1547756691545564
17670,227,1,205.7,0,At-Risk / Low-Engagement,0.6787936594713267
17671,15,4,1572.71,1,Loyal / High-Value,0.23410499355077644
17672,50,2,3178.17,1,Loyal / High-Value,0.3433595792429381
17673,1,6,1594.97,1,Loyal / High-Value,0.1308284904460873
17674,74,2,551.04,0,At-Risk / Low-Engagement,0.4704061694989683
17675,1,31,20374.28,1,Loyal / High-Value,0.023305644754665837
17676,4,6,1371.18,1,Loyal / High-Value,0.1551770088958862
17677,1,30,16345.38,1,Loyal / High-Value,0.023305644754665837
17678,263,1,298.11,0,At-Risk / Low-Engagement,0.6628450038596797
17679,52,2,1992.1100000000001,0,At-Risk / Low-Engagement,0.3732654382205145
17680,23,1,184.4,0,At-Risk / Low-Engagement,0.5953095260570551
17682,10,6,2474.33,1,Loyal / High-Value,0.1526988006686145
17684,43,1,239.41,0,At-Risk / Low-Engagement,0.6040921983984261
17685,16,7,3155.83,1,Loyal / High-Value,0.137218276177525
17686,7,7,5739.46,1,Loyal / High-Value,0.106442967033035
17690,30,15,4726.8,1,Loyal / High-Value,0.07251940083267694
17691,358,2,290.40000000000003,0,At-Risk / Low-Engagement,0.5696542499102915
17692,127,4,740.9399999999999,0,At-Risk / Low-Engagement,0.3485754450558302
17693,137,1,200.47,0,At-Risk / Low-Engagement,0.6610105263788368
17694,141,1,283.12,0,At-Risk / Low-Engagement,0.641500446730853
17695,131,2,765.34,0,At-Risk / Low-Engagement,0.47326510758855733
17696,38,8,2285.71,1,Loyal / High-Value,0.15067010291609312
17697,236,1,338.95,0,At-Risk / Low-Engagement,0.6509965195828441
17698,260,1,154.95,0,At-Risk / Low-Engagement,0.6997684736861708
17700,16,4,2534.64,1,Loyal / High-Value,0.21402100353433282
17701,252,1,417.95,0,At-Risk / Low-Engagement,0.6409585881494873
17702,30,4,1824.37,1,Loyal / High-Value,0.24794234948041136
17703,35,3,798.74,0,At-Risk / Low-Engagement,0.34577302243316577
17704,168,2,885.19,0,At-Risk / Low-Engagement,0.4743877202706564
17705,3,9,1823.52,1,Loyal / High-Value,0.10222397487959416
17706,4,17,10504.49,1,Loyal / High-Value,0.039284429393824934
17707,185,2,152.4,0,At-Risk / Low-Engagement,0.5933410948845081
17708,187,2,263.33,0,At-Risk / Low-Engagement,0.5586763651941223
17709,169,1,137.45,0,At-Risk / Low-Engagement,0.6906583108277079
17711,10,2,385.1,0,At-Risk / Low-Engagement,0.41158757073048685
17712,44,1,522.91,0,At-Risk / Low-Engagement,0.5549042474529141
17714,320,1,153.0,0,At-Risk / Low-Engagement,0.7032794370189487
17715,200,1,326.4,0,At-Risk / Low-Engagement,0.6467424784426611
17716,22,11,5655.99,1,Loyal / High-Value,0.0867308487453495
17718,232,1,139.35,0,At-Risk / Low-Engagement,0.7014786977437257
17719,37,15,5396.04,1,Loyal / High-Value,0.0725437546833639
17720,26,4,1195.94,1,Loyal / High-Value,0.2646299853896423
17722,96,4,2424.04,1,Loyal / High-Value,0.2715871298303681
17723,127,6,3276.4000000000005,1,Loyal / High-Value,0.20399089197124756
17724,71,3,1033.0,0,At-Risk / Low-Engagement,0.3577372881692456
17725,16,11,3439.08,1,Loyal / High-Value,0.09319580582900185
17727,15,1,1060.25,0,At-Risk / Low-Engagement,0.46363412002771176
17728,3,3,2876.01,1,Loyal / High-Value,0.20460337709172652
17730,3,13,5298.4800000000005,1,Loyal / High-Value,0.05742455337675741
17731,79,4,1240.11,1,Loyal / High-Value,0.3009113861862179
17732,372,1,303.97,0,At-Risk / Low-Engagement,0.6642574620888972
17733,38,2,692.19,0,At-Risk / Low-Engagement,0.42744372252682483
17734,53,3,700.63,0,At-Risk / Low-Engagement,0.36990021246107424
17735,2,19,13110.02,1,Loyal / High-Value,0.03071801298855142
17736,9,3,377.44,0,At-Risk / Low-Engagement,0.34021361091533286
17737,9,2,168.24,0,At-Risk / Low-Engagement,0.4611016536146512
17738,19,4,1879.05,1,Loyal / High-Value,0.2326263444528836
17739,11,7,2791.35,1,Loyal / High-Value,0.13392969494618048
17742,113,2,355.11,0,At-Risk / Low-Engagement,0.5175202064574225
17744,3,6,2322.4,1,Loyal / High-Value,0.13324724536715338
17746,240,1,110.25,0,At-Risk / Low-Engagement,0.7153767914071174
17747,112,1,71.4,0,At-Risk / Low-Engagement,0.7117006957341737
17749,178,2,674.52,0,At-Risk / Low-Engagement,0.49480287403349277
17750,5,9,1710.45,1,Loyal / High-Value,0.11052245907286064
17752,359,1,80.64,0,At-Risk / Low-Engagement,0.7370604492704659
17754,0,5,1664.65,1,Loyal / High-Value,0.13377571603784338
17757,1,30,5593.39,1,Loyal / High-Value,0.0297972985598265
17758,19,8,3408.2000000000003,1,Loyal / High-Value,0.12445171317890306
17759,17,3,819.96,1,Loyal / High-Value,0.3175643525522229
17760,21,2,287.59,0,At-Risk / Low-Engagement,0.46007107908769324
17761,32,1,712.78,0,At-Risk / Low-Engagement,0.5212061766311145
17763,263,1,15.0,0,At-Risk / Low-Engagement,0.7593989238442858
17764,50,2,772.55,0,At-Risk / Low-Engagement,0.4317555373301995
17765,158,3,367.63,0,At-Risk / Low-Engagement,0.45638174023043077
17767,15,1,271.2,0,At-Risk / Low-Engagement,0.5532986146835449
17768,8,3,2081.9,1,Loyal / High-Value,0.2438795664582419
17769,12,10,3957.43,1,Loyal / High-Value,0.0936297961019564
17770,198,5,1143.27,0,At-Risk / Low-Engagement,0.29957409793921475
17771,56,2,245.81,0,At-Risk / Low-Engagement,0.5116586430493241
17772,10,2,173.45,0,At-Risk / Low-Engagement,0.46322402736767754
17774,96,4,1213.73,0,At-Risk / Low-Engagement,0.30921016423219777
17775,254,1,56.4,0,At-Risk / Low-Engagement,0.7514570392457788
17777,24,3,647.56,0,At-Risk / Low-Engagement,0.3439792408278859
17779,21,3,650.32,0,At-Risk / Low-Engagement,0.3387348703980913
17781,159,2,188.02,0,At-Risk / Low-Engagement,0.5735717247348552
17783,72,2,283.47,0,At-Risk / Low-Engagement,0.5130149108980606
17785,53,1,131.94,0,At-Risk / Low-Engagement,0.6490225760634507
17786,85,2,266.85,0,At-Risk / Low-Engagement,0.5240944980831393
17787,152,4,1817.54,0,At-Risk / Low-Engagement,0.30336210645591694
17788,73,2,1117.9,0,At-Risk / Low-Engagement,0.42369519385147797
17789,281,1,225.9,0,At-Risk / Low-Engagement,0.6814628162698751
17790,26,14,1964.3,1,Loyal / High-Value,0.09324387472457542
17791,29,1,106.1,0,At-Risk / Low-Engagement,0.6387156753598485
17793,25,1,300.34,0,At-Risk / Low-Engagement,0.5674482433681782
17795,179,2,342.83,0,At-Risk / Low-Engagement,0.5395972447869859
17796,40,4,690.0,0,At-Risk / Low-Engagement,0.30911913792070583
17797,22,3,780.43,1,Loyal / High-Value,0.3297389851258304
17799,22,10,3039.17,1,Loyal / High-Value,0.1089779724214891
17800,37,9,1187.21,1,Loyal / High-Value,0.15864493292643805
17802,82,3,1285.04,0,At-Risk / Low-Engagement,0.3501969566415468
17805,73,1,512.31,0,At-Risk / Low-Engagement,0.5774474689070586
17806,11,1,546.04,0,At-Risk / Low-Engagement,0.49487746547530703
17809,16,12,5411.91,1,Loyal / High-Value,0.07750245355887965
17811,4,39,7761.82,1,Loyal / High-Value,0.031967623584843445
17812,12,4,699.81,1,Loyal / High-Value,0.2674749754495704
17813,14,5,1698.07,1,Loyal / High-Value,0.1973609570127532
17816,36,4,36.56,0,At-Risk / Low-Engagement,0.46821494097845673
17817,4,3,387.68,1,Loyal / High-Value,0.31221300494227167
17819,71,7,3704.87,1,Loyal / High-Value,0.163793561632666
17824,51,1,298.4,0,At-Risk / Low-Engagement,0.5971364250993593
17827,5,5,1987.33,1,Loyal / High-Value,0.16748118736371112
17828,22,4,1820.09,1,Loyal / High-Value,0.23851445622024925
17829,298,1,889.24,0,At-Risk / Low-Engagement,0.5984724411799431
17830,1,3,398.7,1,Loyal / High-Value,0.27761254640686084
17831,33,1,35.400000000000006,0,At-Risk / Low-Engagement,0.6885597329943055
17832,49,1,155.37,0,At-Risk / Low-Engagement,0.6360967758845192
17835,2,3,342.24,1,Loyal / High-Value,0.30034623764189056
17836,47,1,110.21000000000001,0,At-Risk / Low-Engagement,0.6550864087483727
17837,42,8,1541.23,1,Loyal / High-Value,0.16683001874758482
17838,26,5,2720.8,1,Loyal / High-Value,0.19382332326760307
17839,42,1,318.15,0,At-Risk / Low-Engagement,0.5850769812619516
17841,1,124,40519.84,1,Loyal / High-Value,0.023305644754665837
17843,303,1,205.48,0,At-Risk / Low-Engagement,0.6868502418345259
17844,106,1,51.559999999999995,0,At-Risk / Low-Engagement,0.7268797378383313
17846,85,1,2033.1,0,At-Risk / Low-Engagement,0.4935949074362458
17848,81,9,901.1999999999999,1,Loyal / High-Value,0.18816864037141653
17849,218,4,605.8000000000001,0,At-Risk / Low-Engagement,0.38251891841083624
17850,372,34,5391.21,1,Loyal / High-Value,0.06825508270091235
17852,11,2,114.34,0,At-Risk / Low-Engagement,0.49428271325826717
17854,185,2,311.26,0,At-Risk / Low-Engagement,0.5473276508527765
17855,372,1,208.97,0,At-Risk / Low-Engagement,0.6858963500036952
17856,1,4,1418.03,1,Loyal / High-Value,0.17959409546611615
17857,4,23,26879.04,1,Loyal / High-Value,0.02721677124592653
17858,5,12,5140.66,1,Loyal / High-Value,0.06635525139188875
17859,304,1,141.92000000000002,0,At-Risk / Low-Engagement,0.707382210329682
17860,368,1,226.45000000000002,0,At-Risk / Low-Engagement,0.681323859938189
17861,3,8,2097.88,1,Loyal / High-Value,0.10887996679309568
17862,323,1,330.9,0,At-Risk / Low-Engagement,0.6592499578971169
17863,59,6,3160.0,1,Loyal / High-Value,0.18488772713964316
17864,12,3,554.85,1,Loyal / High-Value,0.32774327154391475
17865,30,20,10526.32,1,Loyal / High-Value,0.045744588588123435
17866,142,1,329.65,0,At-Risk / Low-Engagement,0.632511176288249
17867,30,6,1157.8700000000001,1,Loyal / High-Value,0.2086656473744799
17869,107,5,428.18,0,At-Risk / Low-Engagement,0.3326505180567918
17870,2,12,1865.89,1,Loyal / High-Value,0.07609511744536678
17871,204,1,155.9,0,At-Risk / Low-Engagement,0.690539368928684
17873,80,5,1848.96,1,Loyal / High-Value,0.24370839801633237
17874,185,6,683.46,0,At-Risk / Low-Engagement,0.2926466927853163
17877,170,1,237.61,0,At-Risk / Low-Engagement,0.6593303847132994
17878,43,1,379.45,0,At-Risk / Low-Engagement,0.5747344177400742
17879,173,1,178.51999999999998,0,At-Risk / Low-Engagement,0.6766807000742052
17880,364,1,458.92,0,At-Risk / Low-Engagement,0.639618541573188
17881,304,1,133.35000000000002,0,At-Risk / Low-Engagement,0.7107546551152564
17883,3,4,664.34,1,Loyal / High-Value,0.23174922125318767
17884,3,4,695.0699999999999,1,Loyal / High-Value,0.2296307218924741
17885,12,1,156.34,0,At-Risk / Low-Engagement,0.5800198785406603
17886,31,3,869.28,0,At-Risk / Low-Engagement,0.33615488951714645
17887,129,1,111.35,0,At-Risk / Low-Engagement,0.6924992844454537
17888,21,8,716.0,1,Loyal / High-Value,0.1791417218564557
17889,212,2,201.37,0,At-Risk / Low-Engagement,0.5812951236144052
17890,322,2,586.89,0,At-Risk / Low-Engagement,0.5237046379159441
17891,162,1,203.85999999999999,0,At-Risk / Low-Engagement,0.6664801476122105
17892,56,3,244.1,0,At-Risk / Low-Engagement,0.43900567813910807
17893,225,1,107.21,0,At-Risk / Low-Engagement,0.7145949289598645
17894,71,8,1118.96,1,Loyal / High-Value,0.1924533026624296
17895,44,1,95.45,0,At-Risk / Low-Engagement,0.661034930715899
17896,23,1,256.32,0,At-Risk / Low-Engagement,0.5742701661358737
17897,172,3,541.8100000000001,0,At-Risk / Low-Engagement,0.43473322258578784
17898,85,2,152.06,0,At-Risk / Low-Engagement,0.5607969745443593
17899,159,1,154.55,0,At-Risk / Low-Engagement,0.6817617862836688
17900,190,2,112.19999999999999,0,At-Risk / Low-Engagement,0.6136649897762987
17901,29,1,110.38,0,At-Risk / Low-Engagement,0.6363217079411866
17904,21,1,181.07,0,At-Risk / Low-Engagement,0.592820531345561
17905,71,4,798.99,0,At-Risk / Low-Engagement,0.3218773822584977
17906,247,1,72.9,0,At-Risk / Low-Engagement,0.7378384595334724
17908,373,1,232.03,0,At-Risk / Low-Engagement,0.6799310095591181
17911,9,1,366.23,0,At-Risk / Low-Engagement,0.5132980566433929
17912,310,5,310.06,0,At-Risk / Low-Engagement,0.39068878802452695
17913,58,2,408.65,0,At-Risk / Low-Engagement,0.4796805394330484
17914,3,1,329.36,0,At-Risk / Low-Engagement,0.4805166169772695
17917,45,3,335.03,0,At-Risk / Low-Engagement,0.4095419829177424
17919,88,1,1304.04,0,At-Risk / Low-Engagement,0.5243979859409349
17920,4,17,4119.5,1,Loyal / High-Value,0.04976422640318233
17921,64,4,820.23,0,At-Risk / Low-Engagement,0.31651156387158635
17923,282,1,207.50000000000003,0,At-Risk / Low-Engagement,0.6862963771399956
17924,11,7,2962.5,1,Loyal / High-Value,0.13211594802248994
17925,372,1,244.08,0,At-Risk / Low-Engagement,0.6770233116690051
17926,133,2,397.29,0,At-Risk / Low-Engagement,0.5171408924122163
17928,45,2,212.54,0,At-Risk / Low-Engagement,0.5119183854186169
17929,11,4,843.0,1,Loyal / High-Value,0.25530309129913864
17930,35,5,1740.48,1,Loyal / High-Value,0.22143405151879741
17931,134,2,408.36,0,At-Risk / Low-Engagement,0.5156533953822123
17932,29,3,1331.57,1,Loyal / High-Value,0.30910130711317446
17934,51,2,704.25,0,At-Risk / Low-Engagement,0.4385913376883731
17935,138,2,145.79,0,At-Risk / Low-Engagement,0.5839107354802908
17936,5,1,380.13,0,At-Risk / Low-Engagement,0.4886663043936147
17937,8,7,4301.22,1,Loyal / High-Value,0.11599714359257259
17939,159,1,99.14,0,At-Risk / Low-Engagement,0.7064721173636737
17940,49,10,4020.04,1,Loyal / High-Value,0.11503870945808345
17941,130,1,304.56,0,At-Risk / Low-Engagement,0.6338210805687242
17942,7,1,77.50000000000001,0,At-Risk / Low-Engagement,0.6040457329472705
17946,233,2,149.57999999999998,0,At-Risk / Low-Engagement,0.6040991976540628
17947,37,1,176.68,0,At-Risk / Low-Engagement,0.6170437881923604
17948,147,1,358.56000000000006,0,At-Risk / Low-Engagement,0.6287397360700988
17949,1,45,58510.48,1,Loyal / High-Value,0.023305644754665837
17950,72,3,482.2,0,At-Risk / Low-Engagement,0.4057228042129029
17951,39,3,1008.5400000000001,0,At-Risk / Low-Engagement,0.33604665922841576
17954,5,12,2314.13,1,Loyal / High-Value,0.08068143374296835
17955,198,4,557.3,0,At-Risk / Low-Engagement,0.38379273465898867
17956,249,1,12.75,0,At-Risk / Low-Engagement,0.757665486254013
17957,66,1,111.68,0,At-Risk / Low-Engagement,0.6672838034652309
17958,116,1,508.4599999999999,0,At-Risk / Low-Engagement,0.5972122627906029
17960,171,1,73.78,0,At-Risk / Low-Engagement,0.7247357214307619
17961,21,39,1296.44,1,Loyal / High-Value,0.06414916696104712
17962,142,1,102.41,0,At-Risk / Low-Engagement,0.7006312453719286
17964,31,2,463.21,0,At-Risk / Low-Engagement,0.44506211871317414
17965,37,14,2599.19,1,Loyal / High-Value,0.09201248523698494
17966,37,5,1098.43,1,Loyal / High-Value,0.24483724408853916
17967,371,1,112.27,0,At-Risk / Low-Engagement,0.7199420668323979
17968,373,1,265.1,0,At-Risk / Low-Engagement,0.6722481242915864
17969,166,2,228.2,0,At-Risk / Low-Engagement,0.5628949981029504
17970,211,1,562.79,0,At-Risk / Low-Engagement,0.6154587267723461
17972,241,1,135.19,0,At-Risk / Low-Engagement,0.7045139712364232
17973,51,1,337.04,0,At-Risk / Low-Engagement,0.5893929855518739
17974,24,3,703.99,0,At-Risk / Low-Engagement,0.3390192475551216
17975,15,13,4483.26,1,Loyal / High-Value,0.07493806598480549
17976,372,1,321.79,0,At-Risk / Low-Engagement,0.6609009287976552
17977,29,1,288.14,0,At-Risk / Low-Engagement,0.5762087267182359
17978,365,1,300.91999999999996,0,At-Risk / Low-Engagement,0.6648498412709727
17979,35,4,732.41,1,Loyal / High-Value,0.30099228606391504
17980,165,3,811.45,0,At-Risk / Low-Engagement,0.4070048542854347
17984,145,1,152.68,0,At-Risk / Low-Engagement,0.6789985577356773
17985,22,1,631.35,0,At-Risk / Low-Engagement,0.5135456192001132
17986,56,1,20.8,0,At-Risk / Low-Engagement,0.707472147404392
17987,185,1,198.57,0,At-Risk / Low-Engagement,0.6730804957790552
17988,11,7,201.12,1,Loyal / High-Value,0.23641121804692894
17990,236,3,630.84,0,At-Risk / Low-Engagement,0.43830453309998396
17991,225,2,93.35,0,At-Risk / Low-Engagement,0.6318413655359754
17994,121,4,674.89,0,At-Risk / Low-Engagement,0.35228834119563646
17995,281,1,76.1,0,At-Risk / Low-Engagement,0.7399814884875577
17997,74,8,1962.46,1,Loyal / High-Value,0.17143627640247253
17999,37,2,380.39,0,At-Risk / Low-Engagement,0.4653456958675529
18001,12,2,415.13,0,At-Risk / Low-Engagement,0.4138207078639556
18004,362,1,157.92,0,At-Risk / Low-Engagement,0.7015415221614955
18005,3,2,226.47,0,At-Risk / Low-Engagement,0.4029387726513914
18006,23,1,444.68,0,At-Risk / Low-Engagement,0.5384434632508982
18008,70,9,2116.19,1,Loyal / High-Value,0.15284130333865859
18009,235,1,247.39,0,At-Risk / Low-Engagement,0.6694390351838883
18010,256,1,174.8,0,At-Risk / Low-Engagement,0.6925009670394626
18011,373,1,102.78999999999999,0,At-Risk / Low-Engagement,0.7245774185146862
18013,155,2,187.29,0,At-Risk / Low-Engagement,0.5727461766247496
18014,28,1,162.22,0,At-Risk / Low-Engagement,0.6112368791366466
18015,4,1,120.03,0,At-Risk / Low-Engagement,0.5563242195194313
18016,32,5,1477.66,1,Loyal / High-Value,0.22632321098079053
18017,81,3,523.0,0,At-Risk / Low-Engagement,0.405424458086427
18018,108,2,122.14,0,At-Risk / Low-Engagement,0.5849350502978866
18019,51,1,38.45,0,At-Risk / Low-Engagement,0.7041611487829287
18022,35,1,612.72,0,At-Risk / Low-Engagement,0.5349227957665481
18024,152,2,389.78,0,At-Risk / Low-Engagement,0.5241446958175858
18027,98,1,115.31,0,At-Risk / Low-Engagement,0.6803446571364392
18030,4,2,230.64999999999998,0,At-Risk / Low-Engagement,0.41113110667650243
18032,334,1,73.5,0,At-Risk / Low-Engagement,0.7417226855894583
18033,65,1,93.82000000000001,0,At-Risk / Low-Engagement,0.676763488994902
18034,21,2,418.68,0,At-Risk / Low-Engagement,0.4355943605661345
18035,35,3,713.89,0,At-Risk / Low-Engagement,0.3525110331052741
18036,32,3,403.12,0,At-Risk / Low-Engagement,0.38406541552834617
18037,154,6,70.02,0,At-Risk / Low-Engagement,0.42183586906224585
18040,19,2,357.20000000000005,0,At-Risk / Low-Engagement,0.4418299421505359
18041,11,21,4097.37,1,Loyal / High-Value,0.04739045263087467
18042,53,1,165.04999999999998,0,At-Risk / Low-Engagement,0.6355150656741173
18043,24,3,529.29,0,At-Risk / Low-Engagement,0.35608803554352425
18044,4,10,2088.6,1,Loyal / High-Value,0.09387968925745277
18045,45,1,178.34,0,At-Risk / Low-Engagement,0.6242777379351038
18048,203,2,172.29000000000002,0,At-Risk / Low-Engagement,0.5894293366941508
18050,359,1,74.4,0,At-Risk / Low-Engagement,0.74111404600173
18053,70,1,300.02,0,At-Risk / Low-Engagement,0.609738759624732
18055,7,10,6761.34,1,Loyal / High-Value,0.0761386272460317
18056,288,1,363.65,0,At-Risk / Low-Engagement,0.6536392171701307
18058,9,1,170.16,0,At-Risk / Low-Engagement,0.5634134815438707
18059,23,3,306.46,0,At-Risk / Low-Engagement,0.3880851968464727
18061,21,10,2119.41,1,Loyal / High-Value,0.11777322334034156
18062,173,3,720.52,0,At-Risk / Low-Engagement,0.416585557428088
18064,133,2,814.0,0,At-Risk / Low-Engagement,0.4698602496722366
18065,5,14,2392.83,1,Loyal / High-Value,0.06991172294728235
18066,75,1,318.0,0,At-Risk / Low-Engagement,0.6089014291166445
18067,40,1,396.33,0,At-Risk / Low-Engagement,0.5689212910892856
18068,289,1,101.69999999999999,0,At-Risk / Low-Engagement,0.7251340870344466
18069,26,5,2009.24,1,Loyal / High-Value,0.2066497719443831
18071,257,2,453.0,0,At-Risk / Low-Engagement,0.5368745909760467
18072,185,1,247.44,0,At-Risk / Low-Engagement,0.6602128400184342
18073,114,12,3859.82,1,Loyal / High-Value,0.11350843821863704
18074,373,1,489.6,0,At-Risk / Low-Engagement,0.6356738997876838
18075,23,10,2611.75,1,Loyal / High-Value,0.11367144813160827
18077,8,11,2584.41,1,Loyal / High-Value,0.09028338261134466
18078,217,2,336.13,0,At-Risk / Low-Engagement,0.5491389169105944
18079,45,4,3613.15,1,Loyal / High-Value,0.22764476442459702
18080,18,2,1231.5,1,Loyal / High-Value,0.3613890613346727
18081,36,3,343.45,0,At-Risk / Low-Engagement,0.3988597608632022
18082,25,1,680.84,0,At-Risk / Low-Engagement,0.5138887228958043
18084,16,1,90.47999999999999,0,At-Risk / Low-Engagement,0.625466895694953
18085,330,2,689.95,0,At-Risk / Low-Engagement,0.5130434261619652
18086,274,1,101.34,0,At-Risk / Low-Engagement,0.7244484135108056
18087,98,2,4055.7199999999993,1,Loyal / High-Value,0.35489434139493636
18088,61,1,166.03,0,At-Risk / Low-Engagement,0.6406968955606506
18092,2,11,9068.26,1,Loyal / High-Value,0.05557767157159368
18093,93,4,2106.52,1,Loyal / High-Value,0.27789241943113474
18094,81,7,3017.3,1,Loyal / High-Value,0.17459239645770083
18095,312,2,580.0500000000001,0,At-Risk / Low-Engagement,0.5244763452977057
18096,11,3,849.06,1,Loyal / High-Value,0.30056227705029387
18097,7,6,2662.4,1,Loyal / High-Value,0.14328602950148717
18099,127,1,168.31,0,At-Risk / Low-Engagement,0.6683457690393558
18101,11,2,222.4,0,At-Risk / Low-Engagement,0.4507491670150888
18102,0,60,259657.3,1,Loyal / High-Value,0.02071690571681293
18104,37,1,754.64,0,At-Risk / Low-Engagement,0.523560693102591
18105,37,1,113.48000000000002,0,At-Risk / Low-Engagement,0.6441070911066402
18106,329,1,421.9,0,At-Risk / Low-Engagement,0.6447164826542672
18108,254,1,271.0,0,At-Risk / Low-Engagement,0.6670987446284848
18109,1,26,8004.92,1,Loyal / High-Value,0.0271766493248027
18110,19,1,198.8,0,At-Risk / Low-Engagement,0.5828577550653153
18112,12,2,352.69,0,At-Risk / Low-Engagement,0.4242840230361302
18113,368,1,76.32000000000001,0,At-Risk / Low-Engagement,0.7398365191050389
18114,290,1,220.1,0,At-Risk / Low-Engagement,0.6829470042733885
18116,67,8,1403.1100000000001,1,Loyal / High-Value,0.18185147997041598
18117,25,1,315.65,0,At-Risk / Low-Engagement,0.5642295624054063
18118,10,26,5625.08,1,Loyal / High-Value,0.039601418541784145
18119,367,1,180.7,0,At-Risk / Low-Engagement,0.6940738014555766
18120,214,1,111.15,0,At-Risk / Low-Engagement,0.7108847152052902
18121,149,2,653.3,0,At-Risk / Low-Engagement,0.48923892770622585
18122,8,6,1793.06,1,Loyal / High-Value,0.15931382668872876
18123,24,2,574.4399999999999,0,At-Risk / Low-Engagement,0.4206009439901237
18125,29,4,1131.75,1,Loyal / High-Value,0.2710762977284331
18126,60,1,200.92000000000002,0,At-Risk / Low-Engagement,0.6284128869635911
18127,19,3,347.08,0,At-Risk / Low-Engagement,0.3728893316135846
18129,243,1,112.55000000000001,0,At-Risk / Low-Engagement,0.7147122894072491
18130,15,3,1059.39,1,Loyal / High-Value,0.2987821016327045
18133,212,1,931.4999999999999,0,At-Risk / Low-Engagement,0.5837296709443247
18135,29,5,681.9100000000001,1,Loyal / High-Value,0.2608595294407688
18136,63,3,784.33,0,At-Risk / Low-Engagement,0.3698337967075617
18138,295,1,152.65,0,At-Risk / Low-Engagement,0.7034049495250635
18139,17,6,8438.34,1,Loyal / High-Value,0.1243009445765661
18142,157,2,1019.52,0,At-Risk / Low-Engagement,0.46218684847232305
18143,116,2,1000.16,0,At-Risk / Low-Engagement,0.45049809139441477
18144,7,12,2888.75,1,Loyal / High-Value,0.08004246323458906
18145,12,4,2861.55,1,Loyal / High-Value,0.2010875920324354
18146,140,2,160.35000000000002,0,At-Risk / Low-Engagement,0.5784287924963948
18147,45,2,179.33999999999997,0,At-Risk / Low-Engagement,0.5230728545881789
18149,50,3,612.0799999999999,0,At-Risk / Low-Engagement,0.3759192315560123
18150,32,3,566.58,0,At-Risk / Low-Engagement,0.3630550675415486
18151,134,2,653.35,0,At-Risk / Low-Engagement,0.48466201965973515
18154,3,2,399.19,1,Loyal / High-Value,0.36758597692787764
18155,75,3,371.62,0,At-Risk / Low-Engagement,0.42409712083892387
18156,12,2,675.64,0,At-Risk / Low-Engagement,0.38302755220344853
18158,9,2,453.4,0,At-Risk / Low-Engagement,0.39722939312111005
18159,301,1,530.15,0,At-Risk / Low-Engagement,0.63079777107225
18160,57,2,638.0600000000001,0,At-Risk / Low-Engagement,0.4497059546039799
18161,15,5,1618.69,1,Loyal / High-Value,0.2011677778716585
18164,37,1,399.65000000000003,0,At-Risk / Low-Engagement,0.5651410299985179
18165,177,1,302.46000000000004,0,At-Risk / Low-Engagement,0.646506636058033
18167,23,3,1384.8600000000001,1,Loyal / High-Value,0.29870996367052416
18168,176,6,1160.04,0,At-Risk / Low-Engagement,0.2629123199259883
18169,60,1,202.65,0,At-Risk / Low-Engagement,0.6278860605987369
18170,33,3,980.31,1,Loyal / High-Value,0.3314372926966664
18171,58,5,1231.31,1,Loyal / High-Value,0.2534890571270805
18172,14,20,7561.68,1,Loyal / High-Value,0.0440869335908692
18173,86,4,2106.84,1,Loyal / High-Value,0.2751952466621886
18174,7,1,104.0,0,At-Risk / Low-Engagement,0.5855147823801203
18176,358,1,476.35,0,At-Risk / Low-Engagement,0.6373486105014683
18177,31,6,1340.8700000000001,1,Loyal / High-Value,0.2032287312428479
18178,128,4,1590.81,0,At-Risk / Low-Engagement,0.30454033231906236
18179,9,6,1793.17,1,Loyal / High-Value,0.1617779136222747
18180,4,6,1843.75,1,Loyal / High-Value,0.14519432700536186
18181,24,1,366.85,0,At-Risk / Low-Engagement,0.5527799060754613
18183,227,2,632.07,0,At-Risk / Low-Engagement,0.5095976198255996
18184,15,1,49.8,0,At-Risk / Low-Engagement,0.6587662596680708
18185,249,1,304.25,0,At-Risk / Low-Engagement,0.6595214418989231
18188,15,3,2001.04,1,Loyal / High-Value,0.26480862381244064
18189,77,2,1090.24,0,At-Risk / Low-Engagement,0.4275483269985027
18190,192,2,284.46000000000004,0,At-Risk / Low-Engagement,0.5547840283829559
18191,261,1,207.79999999999998,0,At-Risk / Low-Engagement,0.6834567992660869
18192,71,1,957.97,0,At-Risk / Low-Engagement,0.5355187343218584
18193,165,1,243.76,0,At-Risk / Low-Engagement,0.6566564563718228
18194,82,1,973.8399999999999,0,At-Risk / Low-Engagement,0.5405779429061682
18196,95,2,686.63,0,At-Risk / Low-Engagement,0.46662421545325933
18198,4,17,5425.56,1,Loyal / High-Value,0.046432753574907476
18200,106,1,150.35,0,At-Risk / Low-Engagement,0.6680178062936569
18202,199,3,1396.99,0,At-Risk / Low-Engagement,0.38048634567204626
18203,157,1,160.42000000000002,0,At-Risk / Low-Engagement,0.6791573762587323
18204,71,3,1975.35,1,Loyal / High-Value,0.3194139677501505
18205,36,2,517.36,0,At-Risk / Low-Engagement,0.4440860513913291
18209,28,1,139.10000000000002,0,At-Risk / Low-Engagement,0.6207884025017353
18210,1,6,2621.38,1,Loyal / High-Value,0.11660885237309843
18211,25,5,600.07,1,Loyal / High-Value,0.2625778463569731
18212,326,1,216.07,0,At-Risk / Low-Engagement,0.683999110704743
18213,236,1,232.48000000000002,0,At-Risk / Low-Engagement,0.6732121453293797
18215,89,1,299.34000000000003,0,At-Risk / Low-Engagement,0.6196349686900624
18216,31,1,481.75,0,At-Risk / Low-Engagement,0.545603477647705
18217,29,2,621.75,0,At-Risk / Low-Engagement,0.4232299464015287
18218,211,2,641.92,0,At-Risk / Low-Engagement,0.5054187510396941
18219,2,10,2069.77,1,Loyal / High-Value,0.08678876754615646
18220,226,1,305.28000000000003,0,At-Risk / Low-Engagement,0.6555461987537468
18221,22,5,1041.61,1,Loyal / High-Value,0.23156083869805588
18222,92,1,443.0,0,At-Risk / Low-Engagement,0.5963662409009809
18223,4,14,6484.54,1,Loyal / High-Value,0.05298968688910278
18224,263,1,158.95000000000002,0,At-Risk / Low-Engagement,0.6987778999071855
18225,3,12,5504.96,1,Loyal / High-Value,0.06107711102828866
18226,44,11,5228.05,1,Loyal / High-Value,0.09824757038217152
18227,217,1,93.75,0,At-Risk / Low-Engagement,0.7204438443425246
18228,56,2,779.9,0,At-Risk / Low-Engagement,0.4358865001316737
18229,11,20,7276.900000000001,1,Loyal / High-Value,0.04289681518288328
18230,9,7,2810.2000000000003,1,Loyal / High-Value,0.1300974769867055
18231,192,5,2071.77,1,Loyal / High-Value,0.26664426261538027
18232,81,4,592.97,0,At-Risk / Low-Engagement,0.3443778922347312
18233,325,1,440.0,0,At-Risk / Low-Engagement,0.6421745256333338
18235,71,3,1796.48,1,Loyal / High-Value,0.3248906743590658
18236,29,6,882.24,1,Loyal / High-Value,0.21979233911285168
18237,2,5,987.1,1,Loyal / High-Value,0.17666505086733625
18239,218,5,1561.6100000000001,0,At-Risk / Low-Engagement,0.2859634029813579
18240,46,1,422.58,0,At-Risk / Low-Engagement,0.5705902121848889
18241,9,17,2073.09,1,Loyal / High-Value,0.06614083681551403
18242,72,4,2232.4900000000002,1,Loyal / High-Value,0.26615813059866184
18245,7,7,2567.06,1,Loyal / High-Value,0.12842697412399076
18246,23,2,596.1,0,At-Risk / Low-Engagement,0.4164980695071754
18248,122,2,804.02,0,At-Risk / Low-Engagement,0.4669668299136321
18249,17,1,95.34,0,At-Risk / Low-Engagement,0.624586335134088
18250,310,1,349.27,0,At-Risk / Low-Engagement,0.6560433963047081
18251,87,1,4314.72,0,At-Risk / Low-Engagement,0.44509831949070044
18252,50,2,518.27,0,At-Risk / Low-Engagement,0.4577707155487266
18255,89,1,103.3,0,At-Risk / Low-Engagement,0.6830048673453982
18257,39,8,2337.63,1,Loyal / High-Value,0.15047337649647996
18259,24,3,2338.6000000000004,1,Loyal / High-Value,0.27194012253083405
18260,172,6,2628.35,1,Loyal / High-Value,0.22253340447222764
18261,43,2,324.24,0,At-Risk / Low-Engagement,0.48218956388722783
18262,140,1,149.48,0,At-Risk / Low-Engagement,0.678891875724685
18263,25,3,1213.1599999999999,1,Loyal / High-Value,0.3090472676294181
18265,72,2,801.51,0,At-Risk / Low-Engagement,0.4446976619226117
18268,134,1,25.5,0,At-Risk / Low-Engagement,0.7374772947552318
18269,366,1,168.6,0,At-Risk / Low-Engagement,0.6979286714199812
18270,38,2,283.15,0,At-Risk / Low-Engagement,0.48587457853391053
18272,2,6,3078.58,1,Loyal / High-Value,0.11951763140323643
18273,2,3,204.0,1,Loyal / High-Value,0.3297348329564181
18274,30,1,175.92,0,At-Risk / Low-Engagement,0.6089235241677268
18276,43,1,335.86,0,At-Risk / Low-Engagement,0.5825780247807044
18277,58,1,110.38,0,At-Risk / Low-Engagement,0.6630482258938999
18278,73,1,173.9,0,At-Risk / Low-Engagement,0.6449579841868693
18280,277,1,180.60000000000002,0,At-Risk / Low-Engagement,0.6935776076577613
18281,180,1,80.82,0,At-Risk / Low-Engagement,0.7217477715104628
18282,7,2,178.05,0,At-Risk / Low-Engagement,0.44780012814132275
18283,3,16,2045.53,1,Loyal / High-Value,0.06038082924184826
18287,42,3,1837.28,1,Loyal / High-Value,0.3043113442689498
